ISO-10303-21;
HEADER;
/* Generated by software containing ST-Developer
 * from STEP Tools, Inc. (www.steptools.com) 
 */

FILE_DESCRIPTION(
/* description */ (''),
/* implementation_level */ '2;1');

FILE_NAME(
/* name */ 'A2 TRUSS.step',
/* time_stamp */ '2026-09-02T23:19:37-04:00',
/* author */ (''),
/* organization */ (''),
/* preprocessor_version */ 'ST-DEVELOPER v20.1',
/* originating_system */ 'Autodesk Translation Framework v15.8.0.0',
/* authorisation */ '');

FILE_SCHEMA (('AUTOMOTIVE_DESIGN { 1 0 10303 214 3 1 1 }'));
ENDSEC;

DATA;
#10=MECHANICAL_DESIGN_GEOMETRIC_PRESENTATION_REPRESENTATION('',(#17),#3189);
#11=ITEM_DEFINED_TRANSFORMATION($,$,#1905,#2090);
#12=(
REPRESENTATION_RELATIONSHIP($,$,#3200,#3199)
REPRESENTATION_RELATIONSHIP_WITH_TRANSFORMATION(#11)
SHAPE_REPRESENTATION_RELATIONSHIP()
);
#13=CONTEXT_DEPENDENT_SHAPE_REPRESENTATION(#12,#3198);
#14=NEXT_ASSEMBLY_USAGE_OCCURRENCE('TRUSS:1','TRUSS:1','TRUSS:1',#3202,
#3203,'TRUSS:1');
#15=SHAPE_REPRESENTATION_RELATIONSHIP('SRR','None',#3200,#16);
#16=ADVANCED_BREP_SHAPE_REPRESENTATION('',(#18),#3188);
#17=STYLED_ITEM('',(#3214),#18);
#18=MANIFOLD_SOLID_BREP('Body1',#1891);
#19=FACE_BOUND('',#288,.T.);
#20=FACE_BOUND('',#289,.T.);
#21=FACE_BOUND('',#292,.T.);
#22=FACE_BOUND('',#293,.T.);
#23=FACE_BOUND('',#297,.T.);
#24=FACE_BOUND('',#303,.T.);
#25=FACE_BOUND('',#304,.T.);
#26=FACE_BOUND('',#308,.T.);
#27=FACE_BOUND('',#319,.T.);
#28=FACE_BOUND('',#320,.T.);
#29=FACE_BOUND('',#323,.T.);
#30=FACE_BOUND('',#324,.T.);
#31=FACE_BOUND('',#330,.T.);
#32=FACE_BOUND('',#336,.T.);
#33=FACE_BOUND('',#337,.T.);
#34=FACE_BOUND('',#342,.T.);
#35=FACE_BOUND('',#350,.T.);
#36=FACE_BOUND('',#351,.T.);
#37=FACE_BOUND('',#356,.T.);
#38=FACE_BOUND('',#357,.T.);
#39=FACE_BOUND('',#362,.T.);
#40=FACE_BOUND('',#366,.T.);
#41=FACE_BOUND('',#367,.T.);
#42=FACE_BOUND('',#369,.T.);
#43=FACE_BOUND('',#379,.T.);
#44=FACE_BOUND('',#380,.T.);
#45=FACE_BOUND('',#385,.T.);
#46=FACE_BOUND('',#386,.T.);
#47=FACE_BOUND('',#392,.T.);
#48=FACE_BOUND('',#403,.T.);
#49=FACE_BOUND('',#405,.T.);
#50=FACE_BOUND('',#406,.T.);
#51=CIRCLE('',#1910,0.12065);
#52=CIRCLE('',#1911,0.12065);
#53=CIRCLE('',#1914,0.12065);
#54=CIRCLE('',#1915,0.12065);
#55=CIRCLE('',#1918,0.12065);
#56=CIRCLE('',#1919,0.12065);
#57=CIRCLE('',#1921,0.729999999999997);
#58=CIRCLE('',#1922,0.729999999999997);
#59=CIRCLE('',#1924,0.12065);
#60=CIRCLE('',#1925,0.12065);
#61=CIRCLE('',#1927,0.729999999999997);
#62=CIRCLE('',#1928,0.729999999999997);
#63=CIRCLE('',#1930,0.508000000000001);
#64=CIRCLE('',#1931,0.508000000000001);
#65=CIRCLE('',#1934,0.508000000000001);
#66=CIRCLE('',#1935,0.508000000000001);
#67=CIRCLE('',#1936,0.508000000000001);
#68=CIRCLE('',#1938,0.508000000000001);
#69=CIRCLE('',#1940,0.508000000000001);
#70=CIRCLE('',#1943,0.508000000000001);
#71=CIRCLE('',#1945,0.729999999999997);
#72=CIRCLE('',#1946,0.729999999999997);
#73=CIRCLE('',#1957,0.12065);
#74=CIRCLE('',#1958,0.12065);
#75=CIRCLE('',#1961,0.12065);
#76=CIRCLE('',#1962,0.12065);
#77=CIRCLE('',#1964,0.729999999999997);
#78=CIRCLE('',#1965,0.730000000000003);
#79=CIRCLE('',#1967,0.12065);
#80=CIRCLE('',#1968,0.12065);
#81=CIRCLE('',#1970,0.729999999999997);
#82=CIRCLE('',#1971,0.730000000000003);
#83=CIRCLE('',#1973,0.12065);
#84=CIRCLE('',#1974,0.12065);
#85=CIRCLE('',#1977,0.508000000000001);
#86=CIRCLE('',#1978,0.508000000000001);
#87=CIRCLE('',#1981,0.508000000000001);
#88=CIRCLE('',#1982,0.508000000000001);
#89=CIRCLE('',#1983,0.508000000000001);
#90=CIRCLE('',#1985,0.508000000000001);
#91=CIRCLE('',#1987,0.508000000000001);
#92=CIRCLE('',#1990,0.508000000000001);
#93=CIRCLE('',#1992,0.730000000000003);
#94=CIRCLE('',#1993,0.729999999999997);
#95=CIRCLE('',#2004,0.12065);
#96=CIRCLE('',#2005,0.12065);
#97=CIRCLE('',#2007,0.730000000000003);
#98=CIRCLE('',#2008,0.729999999999997);
#99=CIRCLE('',#2010,0.12065);
#100=CIRCLE('',#2011,0.12065);
#101=CIRCLE('',#2014,0.12065);
#102=CIRCLE('',#2015,0.12065);
#103=CIRCLE('',#2017,0.730000000000003);
#104=CIRCLE('',#2018,0.729999999999997);
#105=CIRCLE('',#2020,0.12065);
#106=CIRCLE('',#2021,0.12065);
#107=CIRCLE('',#2024,0.508000000000001);
#108=CIRCLE('',#2025,0.508000000000001);
#109=CIRCLE('',#2027,0.508000000000001);
#110=CIRCLE('',#2028,0.508000000000001);
#111=CIRCLE('',#2029,0.508000000000001);
#112=CIRCLE('',#2031,0.508000000000001);
#113=CIRCLE('',#2033,0.508000000000001);
#114=CIRCLE('',#2035,0.729999999999997);
#115=CIRCLE('',#2036,0.730000000000003);
#116=CIRCLE('',#2038,0.508000000000001);
#117=CIRCLE('',#2047,0.12065);
#118=CIRCLE('',#2048,0.12065);
#119=CIRCLE('',#2050,0.730000000000003);
#120=CIRCLE('',#2051,0.730000000000003);
#121=CIRCLE('',#2053,0.12065);
#122=CIRCLE('',#2054,0.12065);
#123=CIRCLE('',#2057,0.12065);
#124=CIRCLE('',#2058,0.12065);
#125=CIRCLE('',#2060,0.730000000000003);
#126=CIRCLE('',#2061,0.730000000000003);
#127=CIRCLE('',#2063,0.12065);
#128=CIRCLE('',#2064,0.12065);
#129=CIRCLE('',#2067,0.508000000000001);
#130=CIRCLE('',#2068,0.508000000000001);
#131=CIRCLE('',#2071,0.508000000000001);
#132=CIRCLE('',#2072,0.508000000000001);
#133=CIRCLE('',#2073,0.508000000000001);
#134=CIRCLE('',#2075,0.508000000000001);
#135=CIRCLE('',#2078,0.508000000000001);
#136=CIRCLE('',#2081,0.508000000000001);
#137=CIRCLE('',#2085,0.730000000000003);
#138=CIRCLE('',#2087,0.730000000000003);
#139=CYLINDRICAL_SURFACE('',#1909,0.12065);
#140=CYLINDRICAL_SURFACE('',#1913,0.12065);
#141=CYLINDRICAL_SURFACE('',#1917,0.12065);
#142=CYLINDRICAL_SURFACE('',#1923,0.12065);
#143=CYLINDRICAL_SURFACE('',#1929,0.508000000000001);
#144=CYLINDRICAL_SURFACE('',#1937,0.508000000000001);
#145=CYLINDRICAL_SURFACE('',#1939,0.508000000000001);
#146=CYLINDRICAL_SURFACE('',#1942,0.508000000000001);
#147=CYLINDRICAL_SURFACE('',#1947,0.729999999999997);
#148=CYLINDRICAL_SURFACE('',#1948,0.729999999999997);
#149=CYLINDRICAL_SURFACE('',#1956,0.12065);
#150=CYLINDRICAL_SURFACE('',#1960,0.12065);
#151=CYLINDRICAL_SURFACE('',#1966,0.12065);
#152=CYLINDRICAL_SURFACE('',#1972,0.12065);
#153=CYLINDRICAL_SURFACE('',#1976,0.508000000000001);
#154=CYLINDRICAL_SURFACE('',#1984,0.508000000000001);
#155=CYLINDRICAL_SURFACE('',#1986,0.508000000000001);
#156=CYLINDRICAL_SURFACE('',#1989,0.508000000000001);
#157=CYLINDRICAL_SURFACE('',#1994,0.730000000000003);
#158=CYLINDRICAL_SURFACE('',#1995,0.729999999999997);
#159=CYLINDRICAL_SURFACE('',#1996,0.729999999999997);
#160=CYLINDRICAL_SURFACE('',#2003,0.12065);
#161=CYLINDRICAL_SURFACE('',#2009,0.12065);
#162=CYLINDRICAL_SURFACE('',#2013,0.12065);
#163=CYLINDRICAL_SURFACE('',#2019,0.12065);
#164=CYLINDRICAL_SURFACE('',#2023,0.508000000000001);
#165=CYLINDRICAL_SURFACE('',#2030,0.508000000000001);
#166=CYLINDRICAL_SURFACE('',#2032,0.508000000000001);
#167=CYLINDRICAL_SURFACE('',#2039,0.508000000000001);
#168=CYLINDRICAL_SURFACE('',#2041,0.729999999999997);
#169=CYLINDRICAL_SURFACE('',#2042,0.729999999999997);
#170=CYLINDRICAL_SURFACE('',#2043,0.730000000000003);
#171=CYLINDRICAL_SURFACE('',#2046,0.12065);
#172=CYLINDRICAL_SURFACE('',#2052,0.12065);
#173=CYLINDRICAL_SURFACE('',#2056,0.12065);
#174=CYLINDRICAL_SURFACE('',#2062,0.12065);
#175=CYLINDRICAL_SURFACE('',#2066,0.508000000000001);
#176=CYLINDRICAL_SURFACE('',#2074,0.508000000000001);
#177=CYLINDRICAL_SURFACE('',#2077,0.508000000000001);
#178=CYLINDRICAL_SURFACE('',#2080,0.508000000000001);
#179=CYLINDRICAL_SURFACE('',#2082,0.730000000000003);
#180=CYLINDRICAL_SURFACE('',#2083,0.730000000000003);
#181=CYLINDRICAL_SURFACE('',#2084,0.730000000000003);
#182=CYLINDRICAL_SURFACE('',#2086,0.730000000000003);
#183=FACE_OUTER_BOUND('',#279,.T.);
#184=FACE_OUTER_BOUND('',#280,.T.);
#185=FACE_OUTER_BOUND('',#281,.T.);
#186=FACE_OUTER_BOUND('',#282,.T.);
#187=FACE_OUTER_BOUND('',#283,.T.);
#188=FACE_OUTER_BOUND('',#284,.T.);
#189=FACE_OUTER_BOUND('',#285,.T.);
#190=FACE_OUTER_BOUND('',#286,.T.);
#191=FACE_OUTER_BOUND('',#287,.T.);
#192=FACE_OUTER_BOUND('',#290,.T.);
#193=FACE_OUTER_BOUND('',#291,.T.);
#194=FACE_OUTER_BOUND('',#294,.T.);
#195=FACE_OUTER_BOUND('',#295,.T.);
#196=FACE_OUTER_BOUND('',#296,.T.);
#197=FACE_OUTER_BOUND('',#298,.T.);
#198=FACE_OUTER_BOUND('',#299,.T.);
#199=FACE_OUTER_BOUND('',#300,.T.);
#200=FACE_OUTER_BOUND('',#301,.T.);
#201=FACE_OUTER_BOUND('',#302,.T.);
#202=FACE_OUTER_BOUND('',#305,.T.);
#203=FACE_OUTER_BOUND('',#306,.T.);
#204=FACE_OUTER_BOUND('',#307,.T.);
#205=FACE_OUTER_BOUND('',#309,.T.);
#206=FACE_OUTER_BOUND('',#310,.T.);
#207=FACE_OUTER_BOUND('',#311,.T.);
#208=FACE_OUTER_BOUND('',#312,.T.);
#209=FACE_OUTER_BOUND('',#313,.T.);
#210=FACE_OUTER_BOUND('',#314,.T.);
#211=FACE_OUTER_BOUND('',#315,.T.);
#212=FACE_OUTER_BOUND('',#316,.T.);
#213=FACE_OUTER_BOUND('',#317,.T.);
#214=FACE_OUTER_BOUND('',#318,.T.);
#215=FACE_OUTER_BOUND('',#321,.T.);
#216=FACE_OUTER_BOUND('',#322,.T.);
#217=FACE_OUTER_BOUND('',#325,.T.);
#218=FACE_OUTER_BOUND('',#326,.T.);
#219=FACE_OUTER_BOUND('',#327,.T.);
#220=FACE_OUTER_BOUND('',#328,.T.);
#221=FACE_OUTER_BOUND('',#329,.T.);
#222=FACE_OUTER_BOUND('',#331,.T.);
#223=FACE_OUTER_BOUND('',#332,.T.);
#224=FACE_OUTER_BOUND('',#333,.T.);
#225=FACE_OUTER_BOUND('',#334,.T.);
#226=FACE_OUTER_BOUND('',#335,.T.);
#227=FACE_OUTER_BOUND('',#338,.T.);
#228=FACE_OUTER_BOUND('',#339,.T.);
#229=FACE_OUTER_BOUND('',#340,.T.);
#230=FACE_OUTER_BOUND('',#341,.T.);
#231=FACE_OUTER_BOUND('',#343,.T.);
#232=FACE_OUTER_BOUND('',#344,.T.);
#233=FACE_OUTER_BOUND('',#345,.T.);
#234=FACE_OUTER_BOUND('',#346,.T.);
#235=FACE_OUTER_BOUND('',#347,.T.);
#236=FACE_OUTER_BOUND('',#348,.T.);
#237=FACE_OUTER_BOUND('',#349,.T.);
#238=FACE_OUTER_BOUND('',#352,.T.);
#239=FACE_OUTER_BOUND('',#353,.T.);
#240=FACE_OUTER_BOUND('',#354,.T.);
#241=FACE_OUTER_BOUND('',#355,.T.);
#242=FACE_OUTER_BOUND('',#358,.T.);
#243=FACE_OUTER_BOUND('',#359,.T.);
#244=FACE_OUTER_BOUND('',#360,.T.);
#245=FACE_OUTER_BOUND('',#361,.T.);
#246=FACE_OUTER_BOUND('',#363,.T.);
#247=FACE_OUTER_BOUND('',#364,.T.);
#248=FACE_OUTER_BOUND('',#365,.T.);
#249=FACE_OUTER_BOUND('',#368,.T.);
#250=FACE_OUTER_BOUND('',#370,.T.);
#251=FACE_OUTER_BOUND('',#371,.T.);
#252=FACE_OUTER_BOUND('',#372,.T.);
#253=FACE_OUTER_BOUND('',#373,.T.);
#254=FACE_OUTER_BOUND('',#374,.T.);
#255=FACE_OUTER_BOUND('',#375,.T.);
#256=FACE_OUTER_BOUND('',#376,.T.);
#257=FACE_OUTER_BOUND('',#377,.T.);
#258=FACE_OUTER_BOUND('',#378,.T.);
#259=FACE_OUTER_BOUND('',#381,.T.);
#260=FACE_OUTER_BOUND('',#382,.T.);
#261=FACE_OUTER_BOUND('',#383,.T.);
#262=FACE_OUTER_BOUND('',#384,.T.);
#263=FACE_OUTER_BOUND('',#387,.T.);
#264=FACE_OUTER_BOUND('',#388,.T.);
#265=FACE_OUTER_BOUND('',#389,.T.);
#266=FACE_OUTER_BOUND('',#390,.T.);
#267=FACE_OUTER_BOUND('',#391,.T.);
#268=FACE_OUTER_BOUND('',#393,.T.);
#269=FACE_OUTER_BOUND('',#394,.T.);
#270=FACE_OUTER_BOUND('',#395,.T.);
#271=FACE_OUTER_BOUND('',#396,.T.);
#272=FACE_OUTER_BOUND('',#397,.T.);
#273=FACE_OUTER_BOUND('',#398,.T.);
#274=FACE_OUTER_BOUND('',#399,.T.);
#275=FACE_OUTER_BOUND('',#400,.T.);
#276=FACE_OUTER_BOUND('',#401,.T.);
#277=FACE_OUTER_BOUND('',#402,.T.);
#278=FACE_OUTER_BOUND('',#404,.T.);
#279=EDGE_LOOP('',(#1207,#1208,#1209));
#280=EDGE_LOOP('',(#1210,#1211,#1212));
#281=EDGE_LOOP('',(#1213,#1214,#1215,#1216,#1217,#1218));
#282=EDGE_LOOP('',(#1219,#1220,#1221,#1222));
#283=EDGE_LOOP('',(#1223,#1224,#1225,#1226));
#284=EDGE_LOOP('',(#1227,#1228,#1229,#1230));
#285=EDGE_LOOP('',(#1231,#1232,#1233,#1234));
#286=EDGE_LOOP('',(#1235,#1236,#1237,#1238));
#287=EDGE_LOOP('',(#1239,#1240,#1241,#1242));
#288=EDGE_LOOP('',(#1243));
#289=EDGE_LOOP('',(#1244));
#290=EDGE_LOOP('',(#1245,#1246,#1247,#1248));
#291=EDGE_LOOP('',(#1249,#1250,#1251,#1252));
#292=EDGE_LOOP('',(#1253));
#293=EDGE_LOOP('',(#1254));
#294=EDGE_LOOP('',(#1255,#1256,#1257,#1258));
#295=EDGE_LOOP('',(#1259,#1260,#1261,#1262));
#296=EDGE_LOOP('',(#1263,#1264,#1265,#1266,#1267,#1268,#1269,#1270,#1271));
#297=EDGE_LOOP('',(#1272,#1273,#1274,#1275,#1276,#1277,#1278,#1279));
#298=EDGE_LOOP('',(#1280,#1281,#1282,#1283,#1284,#1285,#1286,#1287));
#299=EDGE_LOOP('',(#1288,#1289,#1290,#1291,#1292,#1293));
#300=EDGE_LOOP('',(#1294,#1295,#1296,#1297));
#301=EDGE_LOOP('',(#1298,#1299,#1300,#1301));
#302=EDGE_LOOP('',(#1302,#1303,#1304,#1305));
#303=EDGE_LOOP('',(#1306));
#304=EDGE_LOOP('',(#1307));
#305=EDGE_LOOP('',(#1308,#1309,#1310,#1311));
#306=EDGE_LOOP('',(#1312,#1313,#1314,#1315));
#307=EDGE_LOOP('',(#1316,#1317,#1318,#1319,#1320,#1321,#1322,#1323,#1324));
#308=EDGE_LOOP('',(#1325,#1326,#1327,#1328,#1329,#1330,#1331,#1332));
#309=EDGE_LOOP('',(#1333,#1334,#1335));
#310=EDGE_LOOP('',(#1336,#1337,#1338,#1339,#1340));
#311=EDGE_LOOP('',(#1341,#1342,#1343));
#312=EDGE_LOOP('',(#1344,#1345,#1346,#1347,#1348));
#313=EDGE_LOOP('',(#1349,#1350,#1351));
#314=EDGE_LOOP('',(#1352,#1353,#1354));
#315=EDGE_LOOP('',(#1355,#1356,#1357,#1358));
#316=EDGE_LOOP('',(#1359,#1360,#1361,#1362));
#317=EDGE_LOOP('',(#1363,#1364,#1365,#1366));
#318=EDGE_LOOP('',(#1367,#1368,#1369,#1370));
#319=EDGE_LOOP('',(#1371));
#320=EDGE_LOOP('',(#1372));
#321=EDGE_LOOP('',(#1373,#1374,#1375,#1376));
#322=EDGE_LOOP('',(#1377,#1378,#1379,#1380));
#323=EDGE_LOOP('',(#1381));
#324=EDGE_LOOP('',(#1382));
#325=EDGE_LOOP('',(#1383,#1384,#1385,#1386));
#326=EDGE_LOOP('',(#1387,#1388,#1389,#1390));
#327=EDGE_LOOP('',(#1391,#1392,#1393,#1394));
#328=EDGE_LOOP('',(#1395,#1396,#1397,#1398));
#329=EDGE_LOOP('',(#1399,#1400,#1401,#1402,#1403,#1404,#1405,#1406,#1407));
#330=EDGE_LOOP('',(#1408,#1409,#1410,#1411,#1412,#1413,#1414,#1415));
#331=EDGE_LOOP('',(#1416,#1417,#1418,#1419,#1420,#1421,#1422));
#332=EDGE_LOOP('',(#1423,#1424,#1425,#1426,#1427,#1428,#1429,#1430));
#333=EDGE_LOOP('',(#1431,#1432,#1433,#1434));
#334=EDGE_LOOP('',(#1435,#1436,#1437,#1438));
#335=EDGE_LOOP('',(#1439,#1440,#1441,#1442));
#336=EDGE_LOOP('',(#1443));
#337=EDGE_LOOP('',(#1444));
#338=EDGE_LOOP('',(#1445,#1446,#1447,#1448));
#339=EDGE_LOOP('',(#1449,#1450,#1451,#1452));
#340=EDGE_LOOP('',(#1453,#1454,#1455,#1456));
#341=EDGE_LOOP('',(#1457,#1458,#1459,#1460,#1461,#1462,#1463,#1464,#1465,
#1466));
#342=EDGE_LOOP('',(#1467,#1468,#1469,#1470,#1471,#1472,#1473,#1474));
#343=EDGE_LOOP('',(#1475,#1476,#1477));
#344=EDGE_LOOP('',(#1478,#1479,#1480));
#345=EDGE_LOOP('',(#1481,#1482,#1483,#1484));
#346=EDGE_LOOP('',(#1485,#1486,#1487));
#347=EDGE_LOOP('',(#1488,#1489,#1490));
#348=EDGE_LOOP('',(#1491,#1492,#1493,#1494));
#349=EDGE_LOOP('',(#1495,#1496,#1497,#1498));
#350=EDGE_LOOP('',(#1499));
#351=EDGE_LOOP('',(#1500));
#352=EDGE_LOOP('',(#1501,#1502,#1503,#1504));
#353=EDGE_LOOP('',(#1505,#1506,#1507,#1508));
#354=EDGE_LOOP('',(#1509,#1510,#1511,#1512));
#355=EDGE_LOOP('',(#1513,#1514,#1515,#1516));
#356=EDGE_LOOP('',(#1517));
#357=EDGE_LOOP('',(#1518));
#358=EDGE_LOOP('',(#1519,#1520,#1521,#1522));
#359=EDGE_LOOP('',(#1523,#1524,#1525,#1526));
#360=EDGE_LOOP('',(#1527,#1528,#1529,#1530,#1531,#1532,#1533,#1534));
#361=EDGE_LOOP('',(#1535,#1536,#1537,#1538,#1539,#1540,#1541,#1542,#1543,
#1544));
#362=EDGE_LOOP('',(#1545,#1546,#1547,#1548,#1549,#1550,#1551,#1552));
#363=EDGE_LOOP('',(#1553,#1554,#1555,#1556,#1557,#1558,#1559));
#364=EDGE_LOOP('',(#1560,#1561,#1562,#1563));
#365=EDGE_LOOP('',(#1564,#1565,#1566,#1567));
#366=EDGE_LOOP('',(#1568));
#367=EDGE_LOOP('',(#1569));
#368=EDGE_LOOP('',(#1570,#1571,#1572,#1573,#1574,#1575,#1576,#1577,#1578));
#369=EDGE_LOOP('',(#1579,#1580,#1581,#1582,#1583,#1584,#1585,#1586));
#370=EDGE_LOOP('',(#1587,#1588,#1589,#1590));
#371=EDGE_LOOP('',(#1591,#1592,#1593,#1594));
#372=EDGE_LOOP('',(#1595,#1596,#1597,#1598));
#373=EDGE_LOOP('',(#1599,#1600,#1601,#1602));
#374=EDGE_LOOP('',(#1603,#1604,#1605,#1606));
#375=EDGE_LOOP('',(#1607,#1608,#1609,#1610));
#376=EDGE_LOOP('',(#1611,#1612,#1613));
#377=EDGE_LOOP('',(#1614,#1615,#1616,#1617));
#378=EDGE_LOOP('',(#1618,#1619,#1620,#1621));
#379=EDGE_LOOP('',(#1622));
#380=EDGE_LOOP('',(#1623));
#381=EDGE_LOOP('',(#1624,#1625,#1626,#1627));
#382=EDGE_LOOP('',(#1628,#1629,#1630,#1631));
#383=EDGE_LOOP('',(#1632,#1633,#1634,#1635));
#384=EDGE_LOOP('',(#1636,#1637,#1638,#1639));
#385=EDGE_LOOP('',(#1640));
#386=EDGE_LOOP('',(#1641));
#387=EDGE_LOOP('',(#1642,#1643,#1644,#1645));
#388=EDGE_LOOP('',(#1646,#1647,#1648,#1649));
#389=EDGE_LOOP('',(#1650,#1651,#1652,#1653));
#390=EDGE_LOOP('',(#1654,#1655,#1656,#1657));
#391=EDGE_LOOP('',(#1658,#1659,#1660,#1661,#1662,#1663,#1664,#1665,#1666,
#1667));
#392=EDGE_LOOP('',(#1668,#1669,#1670,#1671,#1672,#1673,#1674,#1675));
#393=EDGE_LOOP('',(#1676,#1677,#1678,#1679,#1680,#1681,#1682,#1683));
#394=EDGE_LOOP('',(#1684,#1685,#1686));
#395=EDGE_LOOP('',(#1687,#1688,#1689,#1690));
#396=EDGE_LOOP('',(#1691,#1692,#1693,#1694));
#397=EDGE_LOOP('',(#1695,#1696,#1697,#1698,#1699,#1700,#1701,#1702));
#398=EDGE_LOOP('',(#1703,#1704,#1705,#1706));
#399=EDGE_LOOP('',(#1707,#1708,#1709,#1710));
#400=EDGE_LOOP('',(#1711,#1712,#1713,#1714));
#401=EDGE_LOOP('',(#1715,#1716,#1717,#1718));
#402=EDGE_LOOP('',(#1719,#1720,#1721,#1722,#1723,#1724,#1725,#1726,#1727,
#1728));
#403=EDGE_LOOP('',(#1729,#1730,#1731,#1732,#1733,#1734,#1735,#1736));
#404=EDGE_LOOP('',(#1737,#1738,#1739,#1740));
#405=EDGE_LOOP('',(#1741));
#406=EDGE_LOOP('',(#1742));
#407=LINE('',#2650,#587);
#408=LINE('',#2652,#588);
#409=LINE('',#2653,#589);
#410=LINE('',#2657,#590);
#411=LINE('',#2659,#591);
#412=LINE('',#2660,#592);
#413=LINE('',#2664,#593);
#414=LINE('',#2666,#594);
#415=LINE('',#2668,#595);
#416=LINE('',#2670,#596);
#417=LINE('',#2672,#597);
#418=LINE('',#2673,#598);
#419=LINE('',#2679,#599);
#420=LINE('',#2682,#600);
#421=LINE('',#2685,#601);
#422=LINE('',#2687,#602);
#423=LINE('',#2688,#603);
#424=LINE('',#2694,#604);
#425=LINE('',#2697,#605);
#426=LINE('',#2700,#606);
#427=LINE('',#2702,#607);
#428=LINE('',#2703,#608);
#429=LINE('',#2708,#609);
#430=LINE('',#2711,#610);
#431=LINE('',#2712,#611);
#432=LINE('',#2721,#612);
#433=LINE('',#2724,#613);
#434=LINE('',#2725,#614);
#435=LINE('',#2735,#615);
#436=LINE('',#2738,#616);
#437=LINE('',#2741,#617);
#438=LINE('',#2743,#618);
#439=LINE('',#2744,#619);
#440=LINE('',#2747,#620);
#441=LINE('',#2751,#621);
#442=LINE('',#2754,#622);
#443=LINE('',#2758,#623);
#444=LINE('',#2759,#624);
#445=LINE('',#2762,#625);
#446=LINE('',#2765,#626);
#447=LINE('',#2766,#627);
#448=LINE('',#2769,#628);
#449=LINE('',#2770,#629);
#450=LINE('',#2773,#630);
#451=LINE('',#2776,#631);
#452=LINE('',#2782,#632);
#453=LINE('',#2784,#633);
#454=LINE('',#2786,#634);
#455=LINE('',#2789,#635);
#456=LINE('',#2790,#636);
#457=LINE('',#2793,#637);
#458=LINE('',#2795,#638);
#459=LINE('',#2796,#639);
#460=LINE('',#2799,#640);
#461=LINE('',#2800,#641);
#462=LINE('',#2803,#642);
#463=LINE('',#2805,#643);
#464=LINE('',#2806,#644);
#465=LINE('',#2810,#645);
#466=LINE('',#2812,#646);
#467=LINE('',#2813,#647);
#468=LINE('',#2817,#648);
#469=LINE('',#2819,#649);
#470=LINE('',#2820,#650);
#471=LINE('',#2826,#651);
#472=LINE('',#2829,#652);
#473=LINE('',#2832,#653);
#474=LINE('',#2834,#654);
#475=LINE('',#2835,#655);
#476=LINE('',#2840,#656);
#477=LINE('',#2844,#657);
#478=LINE('',#2846,#658);
#479=LINE('',#2847,#659);
#480=LINE('',#2857,#660);
#481=LINE('',#2860,#661);
#482=LINE('',#2862,#662);
#483=LINE('',#2863,#663);
#484=LINE('',#2872,#664);
#485=LINE('',#2875,#665);
#486=LINE('',#2876,#666);
#487=LINE('',#2882,#667);
#488=LINE('',#2885,#668);
#489=LINE('',#2888,#669);
#490=LINE('',#2890,#670);
#491=LINE('',#2891,#671);
#492=LINE('',#2894,#672);
#493=LINE('',#2898,#673);
#494=LINE('',#2902,#674);
#495=LINE('',#2907,#675);
#496=LINE('',#2908,#676);
#497=LINE('',#2911,#677);
#498=LINE('',#2912,#678);
#499=LINE('',#2915,#679);
#500=LINE('',#2918,#680);
#501=LINE('',#2924,#681);
#502=LINE('',#2926,#682);
#503=LINE('',#2928,#683);
#504=LINE('',#2930,#684);
#505=LINE('',#2933,#685);
#506=LINE('',#2934,#686);
#507=LINE('',#2937,#687);
#508=LINE('',#2938,#688);
#509=LINE('',#2940,#689);
#510=LINE('',#2942,#690);
#511=LINE('',#2943,#691);
#512=LINE('',#2947,#692);
#513=LINE('',#2949,#693);
#514=LINE('',#2950,#694);
#515=LINE('',#2953,#695);
#516=LINE('',#2955,#696);
#517=LINE('',#2956,#697);
#518=LINE('',#2962,#698);
#519=LINE('',#2965,#699);
#520=LINE('',#2968,#700);
#521=LINE('',#2970,#701);
#522=LINE('',#2971,#702);
#523=LINE('',#2980,#703);
#524=LINE('',#2984,#704);
#525=LINE('',#2986,#705);
#526=LINE('',#2987,#706);
#527=LINE('',#2992,#707);
#528=LINE('',#2996,#708);
#529=LINE('',#2998,#709);
#530=LINE('',#2999,#710);
#531=LINE('',#3008,#711);
#532=LINE('',#3011,#712);
#533=LINE('',#3012,#713);
#534=LINE('',#3017,#714);
#535=LINE('',#3019,#715);
#536=LINE('',#3021,#716);
#537=LINE('',#3025,#717);
#538=LINE('',#3029,#718);
#539=LINE('',#3032,#719);
#540=LINE('',#3036,#720);
#541=LINE('',#3041,#721);
#542=LINE('',#3042,#722);
#543=LINE('',#3045,#723);
#544=LINE('',#3046,#724);
#545=LINE('',#3053,#725);
#546=LINE('',#3055,#726);
#547=LINE('',#3057,#727);
#548=LINE('',#3060,#728);
#549=LINE('',#3062,#729);
#550=LINE('',#3064,#730);
#551=LINE('',#3068,#731);
#552=LINE('',#3069,#732);
#553=LINE('',#3075,#733);
#554=LINE('',#3078,#734);
#555=LINE('',#3081,#735);
#556=LINE('',#3083,#736);
#557=LINE('',#3084,#737);
#558=LINE('',#3094,#738);
#559=LINE('',#3097,#739);
#560=LINE('',#3099,#740);
#561=LINE('',#3100,#741);
#562=LINE('',#3106,#742);
#563=LINE('',#3109,#743);
#564=LINE('',#3111,#744);
#565=LINE('',#3112,#745);
#566=LINE('',#3121,#746);
#567=LINE('',#3124,#747);
#568=LINE('',#3125,#748);
#569=LINE('',#3131,#749);
#570=LINE('',#3134,#750);
#571=LINE('',#3137,#751);
#572=LINE('',#3139,#752);
#573=LINE('',#3140,#753);
#574=LINE('',#3143,#754);
#575=LINE('',#3147,#755);
#576=LINE('',#3154,#756);
#577=LINE('',#3155,#757);
#578=LINE('',#3158,#758);
#579=LINE('',#3161,#759);
#580=LINE('',#3164,#760);
#581=LINE('',#3165,#761);
#582=LINE('',#3169,#762);
#583=LINE('',#3171,#763);
#584=LINE('',#3174,#764);
#585=LINE('',#3178,#765);
#586=LINE('',#3181,#766);
#587=VECTOR('',#2097,0.999999999999999);
#588=VECTOR('',#2098,0.999999999999999);
#589=VECTOR('',#2099,0.999999999999999);
#590=VECTOR('',#2102,0.999999999999999);
#591=VECTOR('',#2103,0.999999999999999);
#592=VECTOR('',#2104,0.999999999999999);
#593=VECTOR('',#2107,0.999999999999999);
#594=VECTOR('',#2108,0.999999999999998);
#595=VECTOR('',#2109,0.999999999999999);
#596=VECTOR('',#2110,0.999999999999998);
#597=VECTOR('',#2111,0.999999999999999);
#598=VECTOR('',#2112,0.999999999999999);
#599=VECTOR('',#2117,0.999999999999999);
#600=VECTOR('',#2120,0.999999999999999);
#601=VECTOR('',#2123,0.999999999999999);
#602=VECTOR('',#2124,0.999999999999999);
#603=VECTOR('',#2125,0.999999999999999);
#604=VECTOR('',#2130,0.999999999999999);
#605=VECTOR('',#2133,0.999999999999999);
#606=VECTOR('',#2136,0.999999999999999);
#607=VECTOR('',#2137,0.999999999999999);
#608=VECTOR('',#2138,0.999999999999999);
#609=VECTOR('',#2143,0.999999999999999);
#610=VECTOR('',#2148,0.999999999999999);
#611=VECTOR('',#2149,0.999999999999999);
#612=VECTOR('',#2158,0.999999999999999);
#613=VECTOR('',#2163,0.999999999999999);
#614=VECTOR('',#2164,0.999999999999999);
#615=VECTOR('',#2173,0.999999999999999);
#616=VECTOR('',#2176,0.999999999999999);
#617=VECTOR('',#2179,0.999999999999999);
#618=VECTOR('',#2180,0.999999999999999);
#619=VECTOR('',#2181,0.999999999999999);
#620=VECTOR('',#2184,0.999999999999999);
#621=VECTOR('',#2187,0.999999999999999);
#622=VECTOR('',#2190,1.);
#623=VECTOR('',#2197,1.);
#624=VECTOR('',#2198,1.);
#625=VECTOR('',#2201,0.999999999999999);
#626=VECTOR('',#2204,1.);
#627=VECTOR('',#2205,1.);
#628=VECTOR('',#2208,0.999999999999999);
#629=VECTOR('',#2209,0.999999999999999);
#630=VECTOR('',#2212,0.999999999999999);
#631=VECTOR('',#2217,0.999999999999999);
#632=VECTOR('',#2224,0.729999999999997);
#633=VECTOR('',#2227,0.729999999999997);
#634=VECTOR('',#2230,1.);
#635=VECTOR('',#2233,0.999999999999998);
#636=VECTOR('',#2234,0.999999999999999);
#637=VECTOR('',#2237,0.999999999999999);
#638=VECTOR('',#2238,0.999999999999999);
#639=VECTOR('',#2239,0.999999999999999);
#640=VECTOR('',#2242,0.999999999999999);
#641=VECTOR('',#2243,0.999999999999998);
#642=VECTOR('',#2246,0.999999999999999);
#643=VECTOR('',#2247,0.999999999999999);
#644=VECTOR('',#2248,0.999999999999999);
#645=VECTOR('',#2251,0.999999999999999);
#646=VECTOR('',#2252,0.999999999999999);
#647=VECTOR('',#2253,0.999999999999999);
#648=VECTOR('',#2256,0.999999999999999);
#649=VECTOR('',#2257,0.999999999999999);
#650=VECTOR('',#2258,0.999999999999999);
#651=VECTOR('',#2263,0.999999999999998);
#652=VECTOR('',#2266,0.999999999999998);
#653=VECTOR('',#2269,0.999999999999999);
#654=VECTOR('',#2270,0.999999999999998);
#655=VECTOR('',#2271,0.999999999999999);
#656=VECTOR('',#2276,0.999999999999998);
#657=VECTOR('',#2281,0.999999999999998);
#658=VECTOR('',#2282,0.999999999999998);
#659=VECTOR('',#2283,0.999999999999999);
#660=VECTOR('',#2292,0.999999999999998);
#661=VECTOR('',#2295,0.999999999999998);
#662=VECTOR('',#2298,0.999999999999999);
#663=VECTOR('',#2299,0.999999999999998);
#664=VECTOR('',#2308,0.999999999999998);
#665=VECTOR('',#2313,0.999999999999999);
#666=VECTOR('',#2314,0.999999999999999);
#667=VECTOR('',#2319,0.999999999999999);
#668=VECTOR('',#2322,0.999999999999999);
#669=VECTOR('',#2325,0.999999999999999);
#670=VECTOR('',#2326,0.999999999999999);
#671=VECTOR('',#2327,0.999999999999999);
#672=VECTOR('',#2330,0.999999999999998);
#673=VECTOR('',#2333,0.999999999999999);
#674=VECTOR('',#2340,1.);
#675=VECTOR('',#2347,1.);
#676=VECTOR('',#2348,0.999999999999999);
#677=VECTOR('',#2351,0.999999999999999);
#678=VECTOR('',#2352,0.999999999999999);
#679=VECTOR('',#2355,0.999999999999999);
#680=VECTOR('',#2360,0.999999999999999);
#681=VECTOR('',#2367,0.730000000000003);
#682=VECTOR('',#2370,0.729999999999997);
#683=VECTOR('',#2373,0.729999999999997);
#684=VECTOR('',#2376,1.);
#685=VECTOR('',#2379,0.999999999999999);
#686=VECTOR('',#2380,0.999999999999999);
#687=VECTOR('',#2383,0.999999999999999);
#688=VECTOR('',#2384,0.999999999999999);
#689=VECTOR('',#2387,0.999999999999999);
#690=VECTOR('',#2388,1.);
#691=VECTOR('',#2389,0.999999999999999);
#692=VECTOR('',#2392,0.999999999999999);
#693=VECTOR('',#2393,0.999999999999999);
#694=VECTOR('',#2394,0.999999999999999);
#695=VECTOR('',#2397,0.999999999999999);
#696=VECTOR('',#2398,0.999999999999999);
#697=VECTOR('',#2399,0.999999999999999);
#698=VECTOR('',#2404,0.999999999999999);
#699=VECTOR('',#2407,0.999999999999999);
#700=VECTOR('',#2410,0.999999999999999);
#701=VECTOR('',#2411,0.999999999999999);
#702=VECTOR('',#2412,0.999999999999998);
#703=VECTOR('',#2421,0.999999999999999);
#704=VECTOR('',#2426,0.999999999999999);
#705=VECTOR('',#2427,0.999999999999999);
#706=VECTOR('',#2428,0.999999999999999);
#707=VECTOR('',#2433,0.999999999999999);
#708=VECTOR('',#2438,0.999999999999999);
#709=VECTOR('',#2439,0.999999999999999);
#710=VECTOR('',#2440,0.999999999999998);
#711=VECTOR('',#2449,0.999999999999999);
#712=VECTOR('',#2454,0.999999999999999);
#713=VECTOR('',#2455,0.999999999999999);
#714=VECTOR('',#2460,0.999999999999999);
#715=VECTOR('',#2463,1.);
#716=VECTOR('',#2466,1.);
#717=VECTOR('',#2469,0.999999999999999);
#718=VECTOR('',#2472,0.999999999999999);
#719=VECTOR('',#2475,0.999999999999999);
#720=VECTOR('',#2480,0.999999999999999);
#721=VECTOR('',#2485,0.999999999999999);
#722=VECTOR('',#2486,0.999999999999999);
#723=VECTOR('',#2489,0.999999999999998);
#724=VECTOR('',#2490,0.999999999999999);
#725=VECTOR('',#2497,0.999999999999999);
#726=VECTOR('',#2500,0.999999999999999);
#727=VECTOR('',#2503,0.999999999999999);
#728=VECTOR('',#2508,0.729999999999997);
#729=VECTOR('',#2511,0.729999999999997);
#730=VECTOR('',#2514,0.730000000000003);
#731=VECTOR('',#2519,0.999999999999999);
#732=VECTOR('',#2520,0.999999999999999);
#733=VECTOR('',#2525,0.999999999999999);
#734=VECTOR('',#2528,0.999999999999999);
#735=VECTOR('',#2531,0.999999999999999);
#736=VECTOR('',#2532,0.999999999999999);
#737=VECTOR('',#2533,0.999999999999999);
#738=VECTOR('',#2542,0.999999999999999);
#739=VECTOR('',#2545,0.999999999999999);
#740=VECTOR('',#2548,0.999999999999999);
#741=VECTOR('',#2549,0.999999999999999);
#742=VECTOR('',#2554,0.999999999999999);
#743=VECTOR('',#2557,0.999999999999999);
#744=VECTOR('',#2560,0.999999999999999);
#745=VECTOR('',#2561,0.999999999999999);
#746=VECTOR('',#2570,0.999999999999999);
#747=VECTOR('',#2575,0.999999999999999);
#748=VECTOR('',#2576,0.999999999999999);
#749=VECTOR('',#2581,0.999999999999999);
#750=VECTOR('',#2584,0.999999999999999);
#751=VECTOR('',#2587,0.999999999999999);
#752=VECTOR('',#2588,0.999999999999999);
#753=VECTOR('',#2589,0.999999999999999);
#754=VECTOR('',#2592,0.999999999999999);
#755=VECTOR('',#2595,0.999999999999999);
#756=VECTOR('',#2606,0.999999999999999);
#757=VECTOR('',#2607,0.999999999999999);
#758=VECTOR('',#2610,0.999999999999999);
#759=VECTOR('',#2613,0.999999999999999);
#760=VECTOR('',#2616,0.999999999999999);
#761=VECTOR('',#2617,0.999999999999999);
#762=VECTOR('',#2624,0.730000000000003);
#763=VECTOR('',#2627,0.730000000000003);
#764=VECTOR('',#2630,0.730000000000003);
#765=VECTOR('',#2635,0.730000000000003);
#766=VECTOR('',#2640,0.999999999999999);
#767=VERTEX_POINT('',#2648);
#768=VERTEX_POINT('',#2649);
#769=VERTEX_POINT('',#2651);
#770=VERTEX_POINT('',#2655);
#771=VERTEX_POINT('',#2656);
#772=VERTEX_POINT('',#2658);
#773=VERTEX_POINT('',#2662);
#774=VERTEX_POINT('',#2663);
#775=VERTEX_POINT('',#2665);
#776=VERTEX_POINT('',#2667);
#777=VERTEX_POINT('',#2669);
#778=VERTEX_POINT('',#2671);
#779=VERTEX_POINT('',#2675);
#780=VERTEX_POINT('',#2676);
#781=VERTEX_POINT('',#2678);
#782=VERTEX_POINT('',#2680);
#783=VERTEX_POINT('',#2684);
#784=VERTEX_POINT('',#2686);
#785=VERTEX_POINT('',#2690);
#786=VERTEX_POINT('',#2691);
#787=VERTEX_POINT('',#2693);
#788=VERTEX_POINT('',#2695);
#789=VERTEX_POINT('',#2699);
#790=VERTEX_POINT('',#2701);
#791=VERTEX_POINT('',#2705);
#792=VERTEX_POINT('',#2707);
#793=VERTEX_POINT('',#2713);
#794=VERTEX_POINT('',#2715);
#795=VERTEX_POINT('',#2718);
#796=VERTEX_POINT('',#2720);
#797=VERTEX_POINT('',#2726);
#798=VERTEX_POINT('',#2728);
#799=VERTEX_POINT('',#2731);
#800=VERTEX_POINT('',#2732);
#801=VERTEX_POINT('',#2734);
#802=VERTEX_POINT('',#2736);
#803=VERTEX_POINT('',#2740);
#804=VERTEX_POINT('',#2742);
#805=VERTEX_POINT('',#2746);
#806=VERTEX_POINT('',#2748);
#807=VERTEX_POINT('',#2750);
#808=VERTEX_POINT('',#2752);
#809=VERTEX_POINT('',#2761);
#810=VERTEX_POINT('',#2763);
#811=VERTEX_POINT('',#2768);
#812=VERTEX_POINT('',#2772);
#813=VERTEX_POINT('',#2777);
#814=VERTEX_POINT('',#2779);
#815=VERTEX_POINT('',#2788);
#816=VERTEX_POINT('',#2792);
#817=VERTEX_POINT('',#2794);
#818=VERTEX_POINT('',#2798);
#819=VERTEX_POINT('',#2802);
#820=VERTEX_POINT('',#2804);
#821=VERTEX_POINT('',#2808);
#822=VERTEX_POINT('',#2809);
#823=VERTEX_POINT('',#2811);
#824=VERTEX_POINT('',#2815);
#825=VERTEX_POINT('',#2816);
#826=VERTEX_POINT('',#2818);
#827=VERTEX_POINT('',#2822);
#828=VERTEX_POINT('',#2823);
#829=VERTEX_POINT('',#2825);
#830=VERTEX_POINT('',#2827);
#831=VERTEX_POINT('',#2831);
#832=VERTEX_POINT('',#2833);
#833=VERTEX_POINT('',#2837);
#834=VERTEX_POINT('',#2839);
#835=VERTEX_POINT('',#2843);
#836=VERTEX_POINT('',#2845);
#837=VERTEX_POINT('',#2848);
#838=VERTEX_POINT('',#2850);
#839=VERTEX_POINT('',#2853);
#840=VERTEX_POINT('',#2854);
#841=VERTEX_POINT('',#2856);
#842=VERTEX_POINT('',#2858);
#843=VERTEX_POINT('',#2864);
#844=VERTEX_POINT('',#2866);
#845=VERTEX_POINT('',#2869);
#846=VERTEX_POINT('',#2871);
#847=VERTEX_POINT('',#2878);
#848=VERTEX_POINT('',#2879);
#849=VERTEX_POINT('',#2881);
#850=VERTEX_POINT('',#2883);
#851=VERTEX_POINT('',#2887);
#852=VERTEX_POINT('',#2889);
#853=VERTEX_POINT('',#2893);
#854=VERTEX_POINT('',#2895);
#855=VERTEX_POINT('',#2897);
#856=VERTEX_POINT('',#2905);
#857=VERTEX_POINT('',#2910);
#858=VERTEX_POINT('',#2914);
#859=VERTEX_POINT('',#2919);
#860=VERTEX_POINT('',#2921);
#861=VERTEX_POINT('',#2932);
#862=VERTEX_POINT('',#2936);
#863=VERTEX_POINT('',#2941);
#864=VERTEX_POINT('',#2945);
#865=VERTEX_POINT('',#2946);
#866=VERTEX_POINT('',#2948);
#867=VERTEX_POINT('',#2952);
#868=VERTEX_POINT('',#2954);
#869=VERTEX_POINT('',#2958);
#870=VERTEX_POINT('',#2959);
#871=VERTEX_POINT('',#2961);
#872=VERTEX_POINT('',#2963);
#873=VERTEX_POINT('',#2967);
#874=VERTEX_POINT('',#2969);
#875=VERTEX_POINT('',#2972);
#876=VERTEX_POINT('',#2974);
#877=VERTEX_POINT('',#2977);
#878=VERTEX_POINT('',#2979);
#879=VERTEX_POINT('',#2983);
#880=VERTEX_POINT('',#2985);
#881=VERTEX_POINT('',#2989);
#882=VERTEX_POINT('',#2991);
#883=VERTEX_POINT('',#2995);
#884=VERTEX_POINT('',#2997);
#885=VERTEX_POINT('',#3000);
#886=VERTEX_POINT('',#3002);
#887=VERTEX_POINT('',#3005);
#888=VERTEX_POINT('',#3007);
#889=VERTEX_POINT('',#3014);
#890=VERTEX_POINT('',#3016);
#891=VERTEX_POINT('',#3022);
#892=VERTEX_POINT('',#3024);
#893=VERTEX_POINT('',#3026);
#894=VERTEX_POINT('',#3028);
#895=VERTEX_POINT('',#3030);
#896=VERTEX_POINT('',#3034);
#897=VERTEX_POINT('',#3038);
#898=VERTEX_POINT('',#3039);
#899=VERTEX_POINT('',#3044);
#900=VERTEX_POINT('',#3047);
#901=VERTEX_POINT('',#3049);
#902=VERTEX_POINT('',#3052);
#903=VERTEX_POINT('',#3067);
#904=VERTEX_POINT('',#3071);
#905=VERTEX_POINT('',#3072);
#906=VERTEX_POINT('',#3074);
#907=VERTEX_POINT('',#3076);
#908=VERTEX_POINT('',#3080);
#909=VERTEX_POINT('',#3082);
#910=VERTEX_POINT('',#3085);
#911=VERTEX_POINT('',#3087);
#912=VERTEX_POINT('',#3090);
#913=VERTEX_POINT('',#3091);
#914=VERTEX_POINT('',#3093);
#915=VERTEX_POINT('',#3095);
#916=VERTEX_POINT('',#3102);
#917=VERTEX_POINT('',#3103);
#918=VERTEX_POINT('',#3105);
#919=VERTEX_POINT('',#3107);
#920=VERTEX_POINT('',#3113);
#921=VERTEX_POINT('',#3115);
#922=VERTEX_POINT('',#3118);
#923=VERTEX_POINT('',#3120);
#924=VERTEX_POINT('',#3127);
#925=VERTEX_POINT('',#3128);
#926=VERTEX_POINT('',#3130);
#927=VERTEX_POINT('',#3132);
#928=VERTEX_POINT('',#3136);
#929=VERTEX_POINT('',#3138);
#930=VERTEX_POINT('',#3142);
#931=VERTEX_POINT('',#3144);
#932=VERTEX_POINT('',#3146);
#933=VERTEX_POINT('',#3153);
#934=VERTEX_POINT('',#3157);
#935=VERTEX_POINT('',#3159);
#936=VERTEX_POINT('',#3163);
#937=VERTEX_POINT('',#3173);
#938=VERTEX_POINT('',#3177);
#939=EDGE_CURVE('',#767,#768,#407,.T.);
#940=EDGE_CURVE('',#769,#767,#408,.T.);
#941=EDGE_CURVE('',#768,#769,#409,.T.);
#942=EDGE_CURVE('',#770,#771,#410,.T.);
#943=EDGE_CURVE('',#772,#770,#411,.T.);
#944=EDGE_CURVE('',#771,#772,#412,.T.);
#945=EDGE_CURVE('',#773,#774,#413,.T.);
#946=EDGE_CURVE('',#773,#775,#414,.T.);
#947=EDGE_CURVE('',#776,#775,#415,.T.);
#948=EDGE_CURVE('',#777,#776,#416,.T.);
#949=EDGE_CURVE('',#778,#777,#417,.T.);
#950=EDGE_CURVE('',#774,#778,#418,.T.);
#951=EDGE_CURVE('',#779,#780,#51,.T.);
#952=EDGE_CURVE('',#780,#781,#419,.T.);
#953=EDGE_CURVE('',#781,#782,#52,.T.);
#954=EDGE_CURVE('',#782,#779,#420,.T.);
#955=EDGE_CURVE('',#783,#780,#421,.T.);
#956=EDGE_CURVE('',#784,#783,#422,.T.);
#957=EDGE_CURVE('',#781,#784,#423,.T.);
#958=EDGE_CURVE('',#785,#786,#53,.T.);
#959=EDGE_CURVE('',#786,#787,#424,.T.);
#960=EDGE_CURVE('',#787,#788,#54,.T.);
#961=EDGE_CURVE('',#788,#785,#425,.T.);
#962=EDGE_CURVE('',#789,#786,#426,.T.);
#963=EDGE_CURVE('',#790,#789,#427,.T.);
#964=EDGE_CURVE('',#787,#790,#428,.T.);
#965=EDGE_CURVE('',#783,#791,#55,.T.);
#966=EDGE_CURVE('',#791,#792,#429,.T.);
#967=EDGE_CURVE('',#792,#784,#56,.T.);
#968=EDGE_CURVE('',#792,#788,#430,.T.);
#969=EDGE_CURVE('',#785,#791,#431,.T.);
#970=EDGE_CURVE('',#793,#793,#57,.T.);
#971=EDGE_CURVE('',#794,#794,#58,.T.);
#972=EDGE_CURVE('',#789,#795,#59,.T.);
#973=EDGE_CURVE('',#795,#796,#432,.T.);
#974=EDGE_CURVE('',#796,#790,#60,.T.);
#975=EDGE_CURVE('',#796,#782,#433,.T.);
#976=EDGE_CURVE('',#779,#795,#434,.T.);
#977=EDGE_CURVE('',#797,#797,#61,.T.);
#978=EDGE_CURVE('',#798,#798,#62,.T.);
#979=EDGE_CURVE('',#799,#800,#63,.T.);
#980=EDGE_CURVE('',#800,#801,#435,.T.);
#981=EDGE_CURVE('',#801,#802,#64,.T.);
#982=EDGE_CURVE('',#802,#799,#436,.T.);
#983=EDGE_CURVE('',#803,#802,#437,.T.);
#984=EDGE_CURVE('',#804,#803,#438,.T.);
#985=EDGE_CURVE('',#804,#799,#439,.T.);
#986=EDGE_CURVE('',#805,#801,#440,.T.);
#987=EDGE_CURVE('',#806,#805,#65,.T.);
#988=EDGE_CURVE('',#807,#806,#441,.T.);
#989=EDGE_CURVE('',#808,#807,#66,.T.);
#990=EDGE_CURVE('',#768,#808,#442,.T.);
#991=EDGE_CURVE('',#803,#769,#67,.T.);
#992=EDGE_CURVE('',#772,#804,#68,.T.);
#993=EDGE_CURVE('',#767,#776,#443,.T.);
#994=EDGE_CURVE('',#775,#771,#444,.T.);
#995=EDGE_CURVE('',#807,#809,#445,.T.);
#996=EDGE_CURVE('',#809,#810,#69,.T.);
#997=EDGE_CURVE('',#810,#774,#446,.T.);
#998=EDGE_CURVE('',#778,#808,#447,.T.);
#999=EDGE_CURVE('',#811,#806,#448,.T.);
#1000=EDGE_CURVE('',#809,#811,#449,.T.);
#1001=EDGE_CURVE('',#805,#812,#450,.T.);
#1002=EDGE_CURVE('',#812,#811,#70,.T.);
#1003=EDGE_CURVE('',#800,#812,#451,.T.);
#1004=EDGE_CURVE('',#813,#813,#71,.T.);
#1005=EDGE_CURVE('',#814,#814,#72,.T.);
#1006=EDGE_CURVE('',#794,#813,#452,.T.);
#1007=EDGE_CURVE('',#793,#814,#453,.T.);
#1008=EDGE_CURVE('',#810,#770,#454,.T.);
#1009=EDGE_CURVE('',#775,#815,#455,.T.);
#1010=EDGE_CURVE('',#771,#815,#456,.T.);
#1011=EDGE_CURVE('',#816,#770,#457,.T.);
#1012=EDGE_CURVE('',#817,#816,#458,.T.);
#1013=EDGE_CURVE('',#774,#817,#459,.T.);
#1014=EDGE_CURVE('',#818,#767,#460,.T.);
#1015=EDGE_CURVE('',#776,#818,#461,.T.);
#1016=EDGE_CURVE('',#819,#778,#462,.T.);
#1017=EDGE_CURVE('',#820,#819,#463,.T.);
#1018=EDGE_CURVE('',#768,#820,#464,.T.);
#1019=EDGE_CURVE('',#821,#822,#465,.T.);
#1020=EDGE_CURVE('',#823,#822,#466,.T.);
#1021=EDGE_CURVE('',#823,#821,#467,.T.);
#1022=EDGE_CURVE('',#824,#825,#468,.T.);
#1023=EDGE_CURVE('',#824,#826,#469,.T.);
#1024=EDGE_CURVE('',#825,#826,#470,.T.);
#1025=EDGE_CURVE('',#827,#828,#73,.T.);
#1026=EDGE_CURVE('',#828,#829,#471,.T.);
#1027=EDGE_CURVE('',#829,#830,#74,.T.);
#1028=EDGE_CURVE('',#830,#827,#472,.T.);
#1029=EDGE_CURVE('',#831,#828,#473,.T.);
#1030=EDGE_CURVE('',#832,#831,#474,.T.);
#1031=EDGE_CURVE('',#829,#832,#475,.T.);
#1032=EDGE_CURVE('',#831,#833,#75,.T.);
#1033=EDGE_CURVE('',#833,#834,#476,.T.);
#1034=EDGE_CURVE('',#834,#832,#76,.T.);
#1035=EDGE_CURVE('',#835,#833,#477,.T.);
#1036=EDGE_CURVE('',#836,#835,#478,.T.);
#1037=EDGE_CURVE('',#834,#836,#479,.T.);
#1038=EDGE_CURVE('',#837,#837,#77,.T.);
#1039=EDGE_CURVE('',#838,#838,#78,.T.);
#1040=EDGE_CURVE('',#839,#840,#79,.T.);
#1041=EDGE_CURVE('',#840,#841,#480,.T.);
#1042=EDGE_CURVE('',#841,#842,#80,.T.);
#1043=EDGE_CURVE('',#842,#839,#481,.T.);
#1044=EDGE_CURVE('',#841,#830,#482,.T.);
#1045=EDGE_CURVE('',#827,#840,#483,.T.);
#1046=EDGE_CURVE('',#843,#843,#81,.T.);
#1047=EDGE_CURVE('',#844,#844,#82,.T.);
#1048=EDGE_CURVE('',#835,#845,#83,.T.);
#1049=EDGE_CURVE('',#845,#846,#484,.T.);
#1050=EDGE_CURVE('',#846,#836,#84,.T.);
#1051=EDGE_CURVE('',#846,#842,#485,.T.);
#1052=EDGE_CURVE('',#839,#845,#486,.T.);
#1053=EDGE_CURVE('',#847,#848,#85,.T.);
#1054=EDGE_CURVE('',#848,#849,#487,.T.);
#1055=EDGE_CURVE('',#849,#850,#86,.T.);
#1056=EDGE_CURVE('',#850,#847,#488,.T.);
#1057=EDGE_CURVE('',#851,#850,#489,.T.);
#1058=EDGE_CURVE('',#852,#851,#490,.T.);
#1059=EDGE_CURVE('',#852,#847,#491,.T.);
#1060=EDGE_CURVE('',#853,#849,#492,.T.);
#1061=EDGE_CURVE('',#854,#853,#87,.T.);
#1062=EDGE_CURVE('',#855,#854,#493,.T.);
#1063=EDGE_CURVE('',#815,#855,#88,.T.);
#1064=EDGE_CURVE('',#851,#773,#89,.T.);
#1065=EDGE_CURVE('',#825,#817,#494,.T.);
#1066=EDGE_CURVE('',#826,#852,#90,.T.);
#1067=EDGE_CURVE('',#856,#823,#91,.T.);
#1068=EDGE_CURVE('',#816,#822,#495,.T.);
#1069=EDGE_CURVE('',#855,#856,#496,.T.);
#1070=EDGE_CURVE('',#857,#854,#497,.T.);
#1071=EDGE_CURVE('',#856,#857,#498,.T.);
#1072=EDGE_CURVE('',#853,#858,#499,.T.);
#1073=EDGE_CURVE('',#858,#857,#92,.T.);
#1074=EDGE_CURVE('',#848,#858,#500,.T.);
#1075=EDGE_CURVE('',#859,#859,#93,.T.);
#1076=EDGE_CURVE('',#860,#860,#94,.T.);
#1077=EDGE_CURVE('',#838,#859,#501,.T.);
#1078=EDGE_CURVE('',#837,#860,#502,.T.);
#1079=EDGE_CURVE('',#798,#843,#503,.T.);
#1080=EDGE_CURVE('',#821,#824,#504,.T.);
#1081=EDGE_CURVE('',#822,#861,#505,.T.);
#1082=EDGE_CURVE('',#816,#861,#506,.T.);
#1083=EDGE_CURVE('',#862,#824,#507,.T.);
#1084=EDGE_CURVE('',#862,#821,#508,.T.);
#1085=EDGE_CURVE('',#819,#817,#509,.T.);
#1086=EDGE_CURVE('',#863,#819,#510,.T.);
#1087=EDGE_CURVE('',#825,#863,#511,.T.);
#1088=EDGE_CURVE('',#864,#865,#512,.T.);
#1089=EDGE_CURVE('',#866,#865,#513,.T.);
#1090=EDGE_CURVE('',#864,#866,#514,.T.);
#1091=EDGE_CURVE('',#863,#867,#515,.T.);
#1092=EDGE_CURVE('',#868,#863,#516,.T.);
#1093=EDGE_CURVE('',#867,#868,#517,.T.);
#1094=EDGE_CURVE('',#869,#870,#95,.T.);
#1095=EDGE_CURVE('',#870,#871,#518,.T.);
#1096=EDGE_CURVE('',#871,#872,#96,.T.);
#1097=EDGE_CURVE('',#872,#869,#519,.T.);
#1098=EDGE_CURVE('',#873,#870,#520,.T.);
#1099=EDGE_CURVE('',#874,#873,#521,.T.);
#1100=EDGE_CURVE('',#871,#874,#522,.T.);
#1101=EDGE_CURVE('',#875,#875,#97,.T.);
#1102=EDGE_CURVE('',#876,#876,#98,.T.);
#1103=EDGE_CURVE('',#873,#877,#99,.T.);
#1104=EDGE_CURVE('',#877,#878,#523,.T.);
#1105=EDGE_CURVE('',#878,#874,#100,.T.);
#1106=EDGE_CURVE('',#879,#877,#524,.T.);
#1107=EDGE_CURVE('',#880,#879,#525,.T.);
#1108=EDGE_CURVE('',#878,#880,#526,.T.);
#1109=EDGE_CURVE('',#879,#881,#101,.T.);
#1110=EDGE_CURVE('',#881,#882,#527,.T.);
#1111=EDGE_CURVE('',#882,#880,#102,.T.);
#1112=EDGE_CURVE('',#883,#881,#528,.T.);
#1113=EDGE_CURVE('',#884,#883,#529,.T.);
#1114=EDGE_CURVE('',#882,#884,#530,.T.);
#1115=EDGE_CURVE('',#885,#885,#103,.T.);
#1116=EDGE_CURVE('',#886,#886,#104,.T.);
#1117=EDGE_CURVE('',#883,#887,#105,.T.);
#1118=EDGE_CURVE('',#887,#888,#531,.T.);
#1119=EDGE_CURVE('',#888,#884,#106,.T.);
#1120=EDGE_CURVE('',#888,#872,#532,.T.);
#1121=EDGE_CURVE('',#869,#887,#533,.T.);
#1122=EDGE_CURVE('',#866,#889,#107,.T.);
#1123=EDGE_CURVE('',#889,#890,#534,.T.);
#1124=EDGE_CURVE('',#890,#818,#108,.T.);
#1125=EDGE_CURVE('',#820,#864,#535,.T.);
#1126=EDGE_CURVE('',#867,#865,#536,.T.);
#1127=EDGE_CURVE('',#891,#868,#109,.T.);
#1128=EDGE_CURVE('',#891,#892,#537,.T.);
#1129=EDGE_CURVE('',#893,#892,#110,.T.);
#1130=EDGE_CURVE('',#894,#893,#538,.T.);
#1131=EDGE_CURVE('',#895,#894,#111,.T.);
#1132=EDGE_CURVE('',#889,#895,#539,.T.);
#1133=EDGE_CURVE('',#777,#896,#112,.T.);
#1134=EDGE_CURVE('',#896,#891,#540,.T.);
#1135=EDGE_CURVE('',#897,#898,#113,.T.);
#1136=EDGE_CURVE('',#898,#893,#541,.T.);
#1137=EDGE_CURVE('',#892,#897,#542,.T.);
#1138=EDGE_CURVE('',#898,#899,#543,.T.);
#1139=EDGE_CURVE('',#894,#899,#544,.T.);
#1140=EDGE_CURVE('',#900,#900,#114,.T.);
#1141=EDGE_CURVE('',#901,#901,#115,.T.);
#1142=EDGE_CURVE('',#890,#902,#545,.T.);
#1143=EDGE_CURVE('',#899,#902,#116,.T.);
#1144=EDGE_CURVE('',#896,#897,#546,.T.);
#1145=EDGE_CURVE('',#902,#895,#547,.T.);
#1146=EDGE_CURVE('',#797,#886,#548,.T.);
#1147=EDGE_CURVE('',#876,#900,#549,.T.);
#1148=EDGE_CURVE('',#875,#901,#550,.T.);
#1149=EDGE_CURVE('',#865,#903,#551,.T.);
#1150=EDGE_CURVE('',#867,#903,#552,.T.);
#1151=EDGE_CURVE('',#904,#905,#117,.T.);
#1152=EDGE_CURVE('',#905,#906,#553,.T.);
#1153=EDGE_CURVE('',#906,#907,#118,.T.);
#1154=EDGE_CURVE('',#907,#904,#554,.T.);
#1155=EDGE_CURVE('',#908,#905,#555,.T.);
#1156=EDGE_CURVE('',#909,#908,#556,.T.);
#1157=EDGE_CURVE('',#906,#909,#557,.T.);
#1158=EDGE_CURVE('',#910,#910,#119,.T.);
#1159=EDGE_CURVE('',#911,#911,#120,.T.);
#1160=EDGE_CURVE('',#912,#913,#121,.T.);
#1161=EDGE_CURVE('',#913,#914,#558,.T.);
#1162=EDGE_CURVE('',#914,#915,#122,.T.);
#1163=EDGE_CURVE('',#915,#912,#559,.T.);
#1164=EDGE_CURVE('',#914,#907,#560,.T.);
#1165=EDGE_CURVE('',#904,#913,#561,.T.);
#1166=EDGE_CURVE('',#916,#917,#123,.T.);
#1167=EDGE_CURVE('',#917,#918,#562,.T.);
#1168=EDGE_CURVE('',#918,#919,#124,.T.);
#1169=EDGE_CURVE('',#919,#916,#563,.T.);
#1170=EDGE_CURVE('',#918,#915,#564,.T.);
#1171=EDGE_CURVE('',#912,#917,#565,.T.);
#1172=EDGE_CURVE('',#920,#920,#125,.T.);
#1173=EDGE_CURVE('',#921,#921,#126,.T.);
#1174=EDGE_CURVE('',#908,#922,#127,.T.);
#1175=EDGE_CURVE('',#922,#923,#566,.T.);
#1176=EDGE_CURVE('',#923,#909,#128,.T.);
#1177=EDGE_CURVE('',#923,#919,#567,.T.);
#1178=EDGE_CURVE('',#916,#922,#568,.T.);
#1179=EDGE_CURVE('',#924,#925,#129,.T.);
#1180=EDGE_CURVE('',#925,#926,#569,.T.);
#1181=EDGE_CURVE('',#926,#927,#130,.T.);
#1182=EDGE_CURVE('',#927,#924,#570,.T.);
#1183=EDGE_CURVE('',#928,#927,#571,.T.);
#1184=EDGE_CURVE('',#929,#928,#572,.T.);
#1185=EDGE_CURVE('',#929,#924,#573,.T.);
#1186=EDGE_CURVE('',#930,#926,#574,.T.);
#1187=EDGE_CURVE('',#931,#930,#131,.T.);
#1188=EDGE_CURVE('',#932,#931,#575,.T.);
#1189=EDGE_CURVE('',#861,#932,#132,.T.);
#1190=EDGE_CURVE('',#928,#862,#133,.T.);
#1191=EDGE_CURVE('',#903,#929,#134,.T.);
#1192=EDGE_CURVE('',#933,#820,#576,.T.);
#1193=EDGE_CURVE('',#933,#864,#577,.T.);
#1194=EDGE_CURVE('',#930,#934,#578,.T.);
#1195=EDGE_CURVE('',#934,#935,#135,.T.);
#1196=EDGE_CURVE('',#935,#931,#579,.T.);
#1197=EDGE_CURVE('',#936,#935,#580,.T.);
#1198=EDGE_CURVE('',#932,#936,#581,.T.);
#1199=EDGE_CURVE('',#936,#933,#136,.T.);
#1200=EDGE_CURVE('',#844,#921,#582,.T.);
#1201=EDGE_CURVE('',#885,#920,#583,.T.);
#1202=EDGE_CURVE('',#911,#937,#584,.T.);
#1203=EDGE_CURVE('',#937,#937,#137,.T.);
#1204=EDGE_CURVE('',#910,#938,#585,.T.);
#1205=EDGE_CURVE('',#938,#938,#138,.T.);
#1206=EDGE_CURVE('',#925,#934,#586,.T.);
#1207=ORIENTED_EDGE('',*,*,#939,.F.);
#1208=ORIENTED_EDGE('',*,*,#940,.F.);
#1209=ORIENTED_EDGE('',*,*,#941,.F.);
#1210=ORIENTED_EDGE('',*,*,#942,.F.);
#1211=ORIENTED_EDGE('',*,*,#943,.F.);
#1212=ORIENTED_EDGE('',*,*,#944,.F.);
#1213=ORIENTED_EDGE('',*,*,#945,.F.);
#1214=ORIENTED_EDGE('',*,*,#946,.T.);
#1215=ORIENTED_EDGE('',*,*,#947,.F.);
#1216=ORIENTED_EDGE('',*,*,#948,.F.);
#1217=ORIENTED_EDGE('',*,*,#949,.F.);
#1218=ORIENTED_EDGE('',*,*,#950,.F.);
#1219=ORIENTED_EDGE('',*,*,#951,.T.);
#1220=ORIENTED_EDGE('',*,*,#952,.T.);
#1221=ORIENTED_EDGE('',*,*,#953,.T.);
#1222=ORIENTED_EDGE('',*,*,#954,.T.);
#1223=ORIENTED_EDGE('',*,*,#952,.F.);
#1224=ORIENTED_EDGE('',*,*,#955,.F.);
#1225=ORIENTED_EDGE('',*,*,#956,.F.);
#1226=ORIENTED_EDGE('',*,*,#957,.F.);
#1227=ORIENTED_EDGE('',*,*,#958,.T.);
#1228=ORIENTED_EDGE('',*,*,#959,.T.);
#1229=ORIENTED_EDGE('',*,*,#960,.T.);
#1230=ORIENTED_EDGE('',*,*,#961,.T.);
#1231=ORIENTED_EDGE('',*,*,#959,.F.);
#1232=ORIENTED_EDGE('',*,*,#962,.F.);
#1233=ORIENTED_EDGE('',*,*,#963,.F.);
#1234=ORIENTED_EDGE('',*,*,#964,.F.);
#1235=ORIENTED_EDGE('',*,*,#965,.T.);
#1236=ORIENTED_EDGE('',*,*,#966,.T.);
#1237=ORIENTED_EDGE('',*,*,#967,.T.);
#1238=ORIENTED_EDGE('',*,*,#956,.T.);
#1239=ORIENTED_EDGE('',*,*,#961,.F.);
#1240=ORIENTED_EDGE('',*,*,#968,.F.);
#1241=ORIENTED_EDGE('',*,*,#966,.F.);
#1242=ORIENTED_EDGE('',*,*,#969,.F.);
#1243=ORIENTED_EDGE('',*,*,#970,.F.);
#1244=ORIENTED_EDGE('',*,*,#971,.F.);
#1245=ORIENTED_EDGE('',*,*,#972,.T.);
#1246=ORIENTED_EDGE('',*,*,#973,.T.);
#1247=ORIENTED_EDGE('',*,*,#974,.T.);
#1248=ORIENTED_EDGE('',*,*,#963,.T.);
#1249=ORIENTED_EDGE('',*,*,#954,.F.);
#1250=ORIENTED_EDGE('',*,*,#975,.F.);
#1251=ORIENTED_EDGE('',*,*,#973,.F.);
#1252=ORIENTED_EDGE('',*,*,#976,.F.);
#1253=ORIENTED_EDGE('',*,*,#977,.F.);
#1254=ORIENTED_EDGE('',*,*,#978,.F.);
#1255=ORIENTED_EDGE('',*,*,#979,.T.);
#1256=ORIENTED_EDGE('',*,*,#980,.T.);
#1257=ORIENTED_EDGE('',*,*,#981,.T.);
#1258=ORIENTED_EDGE('',*,*,#982,.T.);
#1259=ORIENTED_EDGE('',*,*,#982,.F.);
#1260=ORIENTED_EDGE('',*,*,#983,.F.);
#1261=ORIENTED_EDGE('',*,*,#984,.F.);
#1262=ORIENTED_EDGE('',*,*,#985,.T.);
#1263=ORIENTED_EDGE('',*,*,#981,.F.);
#1264=ORIENTED_EDGE('',*,*,#986,.F.);
#1265=ORIENTED_EDGE('',*,*,#987,.F.);
#1266=ORIENTED_EDGE('',*,*,#988,.F.);
#1267=ORIENTED_EDGE('',*,*,#989,.F.);
#1268=ORIENTED_EDGE('',*,*,#990,.F.);
#1269=ORIENTED_EDGE('',*,*,#941,.T.);
#1270=ORIENTED_EDGE('',*,*,#991,.F.);
#1271=ORIENTED_EDGE('',*,*,#983,.T.);
#1272=ORIENTED_EDGE('',*,*,#957,.T.);
#1273=ORIENTED_EDGE('',*,*,#967,.F.);
#1274=ORIENTED_EDGE('',*,*,#968,.T.);
#1275=ORIENTED_EDGE('',*,*,#960,.F.);
#1276=ORIENTED_EDGE('',*,*,#964,.T.);
#1277=ORIENTED_EDGE('',*,*,#974,.F.);
#1278=ORIENTED_EDGE('',*,*,#975,.T.);
#1279=ORIENTED_EDGE('',*,*,#953,.F.);
#1280=ORIENTED_EDGE('',*,*,#992,.T.);
#1281=ORIENTED_EDGE('',*,*,#984,.T.);
#1282=ORIENTED_EDGE('',*,*,#991,.T.);
#1283=ORIENTED_EDGE('',*,*,#940,.T.);
#1284=ORIENTED_EDGE('',*,*,#993,.T.);
#1285=ORIENTED_EDGE('',*,*,#947,.T.);
#1286=ORIENTED_EDGE('',*,*,#994,.T.);
#1287=ORIENTED_EDGE('',*,*,#944,.T.);
#1288=ORIENTED_EDGE('',*,*,#989,.T.);
#1289=ORIENTED_EDGE('',*,*,#995,.T.);
#1290=ORIENTED_EDGE('',*,*,#996,.T.);
#1291=ORIENTED_EDGE('',*,*,#997,.T.);
#1292=ORIENTED_EDGE('',*,*,#950,.T.);
#1293=ORIENTED_EDGE('',*,*,#998,.T.);
#1294=ORIENTED_EDGE('',*,*,#995,.F.);
#1295=ORIENTED_EDGE('',*,*,#988,.T.);
#1296=ORIENTED_EDGE('',*,*,#999,.F.);
#1297=ORIENTED_EDGE('',*,*,#1000,.F.);
#1298=ORIENTED_EDGE('',*,*,#987,.T.);
#1299=ORIENTED_EDGE('',*,*,#1001,.T.);
#1300=ORIENTED_EDGE('',*,*,#1002,.T.);
#1301=ORIENTED_EDGE('',*,*,#999,.T.);
#1302=ORIENTED_EDGE('',*,*,#980,.F.);
#1303=ORIENTED_EDGE('',*,*,#1003,.T.);
#1304=ORIENTED_EDGE('',*,*,#1001,.F.);
#1305=ORIENTED_EDGE('',*,*,#986,.T.);
#1306=ORIENTED_EDGE('',*,*,#1004,.T.);
#1307=ORIENTED_EDGE('',*,*,#1005,.T.);
#1308=ORIENTED_EDGE('',*,*,#971,.T.);
#1309=ORIENTED_EDGE('',*,*,#1006,.T.);
#1310=ORIENTED_EDGE('',*,*,#1004,.F.);
#1311=ORIENTED_EDGE('',*,*,#1006,.F.);
#1312=ORIENTED_EDGE('',*,*,#970,.T.);
#1313=ORIENTED_EDGE('',*,*,#1007,.T.);
#1314=ORIENTED_EDGE('',*,*,#1005,.F.);
#1315=ORIENTED_EDGE('',*,*,#1007,.F.);
#1316=ORIENTED_EDGE('',*,*,#979,.F.);
#1317=ORIENTED_EDGE('',*,*,#985,.F.);
#1318=ORIENTED_EDGE('',*,*,#992,.F.);
#1319=ORIENTED_EDGE('',*,*,#943,.T.);
#1320=ORIENTED_EDGE('',*,*,#1008,.F.);
#1321=ORIENTED_EDGE('',*,*,#996,.F.);
#1322=ORIENTED_EDGE('',*,*,#1000,.T.);
#1323=ORIENTED_EDGE('',*,*,#1002,.F.);
#1324=ORIENTED_EDGE('',*,*,#1003,.F.);
#1325=ORIENTED_EDGE('',*,*,#955,.T.);
#1326=ORIENTED_EDGE('',*,*,#951,.F.);
#1327=ORIENTED_EDGE('',*,*,#976,.T.);
#1328=ORIENTED_EDGE('',*,*,#972,.F.);
#1329=ORIENTED_EDGE('',*,*,#962,.T.);
#1330=ORIENTED_EDGE('',*,*,#958,.F.);
#1331=ORIENTED_EDGE('',*,*,#969,.T.);
#1332=ORIENTED_EDGE('',*,*,#965,.F.);
#1333=ORIENTED_EDGE('',*,*,#994,.F.);
#1334=ORIENTED_EDGE('',*,*,#1009,.T.);
#1335=ORIENTED_EDGE('',*,*,#1010,.F.);
#1336=ORIENTED_EDGE('',*,*,#997,.F.);
#1337=ORIENTED_EDGE('',*,*,#1008,.T.);
#1338=ORIENTED_EDGE('',*,*,#1011,.F.);
#1339=ORIENTED_EDGE('',*,*,#1012,.F.);
#1340=ORIENTED_EDGE('',*,*,#1013,.F.);
#1341=ORIENTED_EDGE('',*,*,#993,.F.);
#1342=ORIENTED_EDGE('',*,*,#1014,.F.);
#1343=ORIENTED_EDGE('',*,*,#1015,.F.);
#1344=ORIENTED_EDGE('',*,*,#990,.T.);
#1345=ORIENTED_EDGE('',*,*,#998,.F.);
#1346=ORIENTED_EDGE('',*,*,#1016,.F.);
#1347=ORIENTED_EDGE('',*,*,#1017,.F.);
#1348=ORIENTED_EDGE('',*,*,#1018,.F.);
#1349=ORIENTED_EDGE('',*,*,#1019,.T.);
#1350=ORIENTED_EDGE('',*,*,#1020,.F.);
#1351=ORIENTED_EDGE('',*,*,#1021,.T.);
#1352=ORIENTED_EDGE('',*,*,#1022,.F.);
#1353=ORIENTED_EDGE('',*,*,#1023,.T.);
#1354=ORIENTED_EDGE('',*,*,#1024,.F.);
#1355=ORIENTED_EDGE('',*,*,#1025,.T.);
#1356=ORIENTED_EDGE('',*,*,#1026,.T.);
#1357=ORIENTED_EDGE('',*,*,#1027,.T.);
#1358=ORIENTED_EDGE('',*,*,#1028,.T.);
#1359=ORIENTED_EDGE('',*,*,#1026,.F.);
#1360=ORIENTED_EDGE('',*,*,#1029,.F.);
#1361=ORIENTED_EDGE('',*,*,#1030,.F.);
#1362=ORIENTED_EDGE('',*,*,#1031,.F.);
#1363=ORIENTED_EDGE('',*,*,#1032,.T.);
#1364=ORIENTED_EDGE('',*,*,#1033,.T.);
#1365=ORIENTED_EDGE('',*,*,#1034,.T.);
#1366=ORIENTED_EDGE('',*,*,#1030,.T.);
#1367=ORIENTED_EDGE('',*,*,#1033,.F.);
#1368=ORIENTED_EDGE('',*,*,#1035,.F.);
#1369=ORIENTED_EDGE('',*,*,#1036,.F.);
#1370=ORIENTED_EDGE('',*,*,#1037,.F.);
#1371=ORIENTED_EDGE('',*,*,#1038,.F.);
#1372=ORIENTED_EDGE('',*,*,#1039,.F.);
#1373=ORIENTED_EDGE('',*,*,#1040,.T.);
#1374=ORIENTED_EDGE('',*,*,#1041,.T.);
#1375=ORIENTED_EDGE('',*,*,#1042,.T.);
#1376=ORIENTED_EDGE('',*,*,#1043,.T.);
#1377=ORIENTED_EDGE('',*,*,#1028,.F.);
#1378=ORIENTED_EDGE('',*,*,#1044,.F.);
#1379=ORIENTED_EDGE('',*,*,#1041,.F.);
#1380=ORIENTED_EDGE('',*,*,#1045,.F.);
#1381=ORIENTED_EDGE('',*,*,#1046,.F.);
#1382=ORIENTED_EDGE('',*,*,#1047,.F.);
#1383=ORIENTED_EDGE('',*,*,#1048,.T.);
#1384=ORIENTED_EDGE('',*,*,#1049,.T.);
#1385=ORIENTED_EDGE('',*,*,#1050,.T.);
#1386=ORIENTED_EDGE('',*,*,#1036,.T.);
#1387=ORIENTED_EDGE('',*,*,#1043,.F.);
#1388=ORIENTED_EDGE('',*,*,#1051,.F.);
#1389=ORIENTED_EDGE('',*,*,#1049,.F.);
#1390=ORIENTED_EDGE('',*,*,#1052,.F.);
#1391=ORIENTED_EDGE('',*,*,#1053,.T.);
#1392=ORIENTED_EDGE('',*,*,#1054,.T.);
#1393=ORIENTED_EDGE('',*,*,#1055,.T.);
#1394=ORIENTED_EDGE('',*,*,#1056,.T.);
#1395=ORIENTED_EDGE('',*,*,#1056,.F.);
#1396=ORIENTED_EDGE('',*,*,#1057,.F.);
#1397=ORIENTED_EDGE('',*,*,#1058,.F.);
#1398=ORIENTED_EDGE('',*,*,#1059,.T.);
#1399=ORIENTED_EDGE('',*,*,#1055,.F.);
#1400=ORIENTED_EDGE('',*,*,#1060,.F.);
#1401=ORIENTED_EDGE('',*,*,#1061,.F.);
#1402=ORIENTED_EDGE('',*,*,#1062,.F.);
#1403=ORIENTED_EDGE('',*,*,#1063,.F.);
#1404=ORIENTED_EDGE('',*,*,#1009,.F.);
#1405=ORIENTED_EDGE('',*,*,#946,.F.);
#1406=ORIENTED_EDGE('',*,*,#1064,.F.);
#1407=ORIENTED_EDGE('',*,*,#1057,.T.);
#1408=ORIENTED_EDGE('',*,*,#1029,.T.);
#1409=ORIENTED_EDGE('',*,*,#1025,.F.);
#1410=ORIENTED_EDGE('',*,*,#1045,.T.);
#1411=ORIENTED_EDGE('',*,*,#1040,.F.);
#1412=ORIENTED_EDGE('',*,*,#1052,.T.);
#1413=ORIENTED_EDGE('',*,*,#1048,.F.);
#1414=ORIENTED_EDGE('',*,*,#1035,.T.);
#1415=ORIENTED_EDGE('',*,*,#1032,.F.);
#1416=ORIENTED_EDGE('',*,*,#1064,.T.);
#1417=ORIENTED_EDGE('',*,*,#945,.T.);
#1418=ORIENTED_EDGE('',*,*,#1013,.T.);
#1419=ORIENTED_EDGE('',*,*,#1065,.F.);
#1420=ORIENTED_EDGE('',*,*,#1024,.T.);
#1421=ORIENTED_EDGE('',*,*,#1066,.T.);
#1422=ORIENTED_EDGE('',*,*,#1058,.T.);
#1423=ORIENTED_EDGE('',*,*,#1067,.T.);
#1424=ORIENTED_EDGE('',*,*,#1020,.T.);
#1425=ORIENTED_EDGE('',*,*,#1068,.F.);
#1426=ORIENTED_EDGE('',*,*,#1011,.T.);
#1427=ORIENTED_EDGE('',*,*,#942,.T.);
#1428=ORIENTED_EDGE('',*,*,#1010,.T.);
#1429=ORIENTED_EDGE('',*,*,#1063,.T.);
#1430=ORIENTED_EDGE('',*,*,#1069,.T.);
#1431=ORIENTED_EDGE('',*,*,#1069,.F.);
#1432=ORIENTED_EDGE('',*,*,#1062,.T.);
#1433=ORIENTED_EDGE('',*,*,#1070,.F.);
#1434=ORIENTED_EDGE('',*,*,#1071,.F.);
#1435=ORIENTED_EDGE('',*,*,#1061,.T.);
#1436=ORIENTED_EDGE('',*,*,#1072,.T.);
#1437=ORIENTED_EDGE('',*,*,#1073,.T.);
#1438=ORIENTED_EDGE('',*,*,#1070,.T.);
#1439=ORIENTED_EDGE('',*,*,#1054,.F.);
#1440=ORIENTED_EDGE('',*,*,#1074,.T.);
#1441=ORIENTED_EDGE('',*,*,#1072,.F.);
#1442=ORIENTED_EDGE('',*,*,#1060,.T.);
#1443=ORIENTED_EDGE('',*,*,#1075,.T.);
#1444=ORIENTED_EDGE('',*,*,#1076,.T.);
#1445=ORIENTED_EDGE('',*,*,#1039,.T.);
#1446=ORIENTED_EDGE('',*,*,#1077,.T.);
#1447=ORIENTED_EDGE('',*,*,#1075,.F.);
#1448=ORIENTED_EDGE('',*,*,#1077,.F.);
#1449=ORIENTED_EDGE('',*,*,#1038,.T.);
#1450=ORIENTED_EDGE('',*,*,#1078,.T.);
#1451=ORIENTED_EDGE('',*,*,#1076,.F.);
#1452=ORIENTED_EDGE('',*,*,#1078,.F.);
#1453=ORIENTED_EDGE('',*,*,#978,.T.);
#1454=ORIENTED_EDGE('',*,*,#1079,.T.);
#1455=ORIENTED_EDGE('',*,*,#1046,.T.);
#1456=ORIENTED_EDGE('',*,*,#1079,.F.);
#1457=ORIENTED_EDGE('',*,*,#1053,.F.);
#1458=ORIENTED_EDGE('',*,*,#1059,.F.);
#1459=ORIENTED_EDGE('',*,*,#1066,.F.);
#1460=ORIENTED_EDGE('',*,*,#1023,.F.);
#1461=ORIENTED_EDGE('',*,*,#1080,.F.);
#1462=ORIENTED_EDGE('',*,*,#1021,.F.);
#1463=ORIENTED_EDGE('',*,*,#1067,.F.);
#1464=ORIENTED_EDGE('',*,*,#1071,.T.);
#1465=ORIENTED_EDGE('',*,*,#1073,.F.);
#1466=ORIENTED_EDGE('',*,*,#1074,.F.);
#1467=ORIENTED_EDGE('',*,*,#1031,.T.);
#1468=ORIENTED_EDGE('',*,*,#1034,.F.);
#1469=ORIENTED_EDGE('',*,*,#1037,.T.);
#1470=ORIENTED_EDGE('',*,*,#1050,.F.);
#1471=ORIENTED_EDGE('',*,*,#1051,.T.);
#1472=ORIENTED_EDGE('',*,*,#1042,.F.);
#1473=ORIENTED_EDGE('',*,*,#1044,.T.);
#1474=ORIENTED_EDGE('',*,*,#1027,.F.);
#1475=ORIENTED_EDGE('',*,*,#1068,.T.);
#1476=ORIENTED_EDGE('',*,*,#1081,.T.);
#1477=ORIENTED_EDGE('',*,*,#1082,.F.);
#1478=ORIENTED_EDGE('',*,*,#1080,.T.);
#1479=ORIENTED_EDGE('',*,*,#1083,.F.);
#1480=ORIENTED_EDGE('',*,*,#1084,.T.);
#1481=ORIENTED_EDGE('',*,*,#1065,.T.);
#1482=ORIENTED_EDGE('',*,*,#1085,.F.);
#1483=ORIENTED_EDGE('',*,*,#1086,.F.);
#1484=ORIENTED_EDGE('',*,*,#1087,.F.);
#1485=ORIENTED_EDGE('',*,*,#1088,.T.);
#1486=ORIENTED_EDGE('',*,*,#1089,.F.);
#1487=ORIENTED_EDGE('',*,*,#1090,.F.);
#1488=ORIENTED_EDGE('',*,*,#1091,.F.);
#1489=ORIENTED_EDGE('',*,*,#1092,.F.);
#1490=ORIENTED_EDGE('',*,*,#1093,.F.);
#1491=ORIENTED_EDGE('',*,*,#1094,.T.);
#1492=ORIENTED_EDGE('',*,*,#1095,.T.);
#1493=ORIENTED_EDGE('',*,*,#1096,.T.);
#1494=ORIENTED_EDGE('',*,*,#1097,.T.);
#1495=ORIENTED_EDGE('',*,*,#1095,.F.);
#1496=ORIENTED_EDGE('',*,*,#1098,.F.);
#1497=ORIENTED_EDGE('',*,*,#1099,.F.);
#1498=ORIENTED_EDGE('',*,*,#1100,.F.);
#1499=ORIENTED_EDGE('',*,*,#1101,.F.);
#1500=ORIENTED_EDGE('',*,*,#1102,.F.);
#1501=ORIENTED_EDGE('',*,*,#1103,.T.);
#1502=ORIENTED_EDGE('',*,*,#1104,.T.);
#1503=ORIENTED_EDGE('',*,*,#1105,.T.);
#1504=ORIENTED_EDGE('',*,*,#1099,.T.);
#1505=ORIENTED_EDGE('',*,*,#1104,.F.);
#1506=ORIENTED_EDGE('',*,*,#1106,.F.);
#1507=ORIENTED_EDGE('',*,*,#1107,.F.);
#1508=ORIENTED_EDGE('',*,*,#1108,.F.);
#1509=ORIENTED_EDGE('',*,*,#1109,.T.);
#1510=ORIENTED_EDGE('',*,*,#1110,.T.);
#1511=ORIENTED_EDGE('',*,*,#1111,.T.);
#1512=ORIENTED_EDGE('',*,*,#1107,.T.);
#1513=ORIENTED_EDGE('',*,*,#1110,.F.);
#1514=ORIENTED_EDGE('',*,*,#1112,.F.);
#1515=ORIENTED_EDGE('',*,*,#1113,.F.);
#1516=ORIENTED_EDGE('',*,*,#1114,.F.);
#1517=ORIENTED_EDGE('',*,*,#1115,.F.);
#1518=ORIENTED_EDGE('',*,*,#1116,.F.);
#1519=ORIENTED_EDGE('',*,*,#1117,.T.);
#1520=ORIENTED_EDGE('',*,*,#1118,.T.);
#1521=ORIENTED_EDGE('',*,*,#1119,.T.);
#1522=ORIENTED_EDGE('',*,*,#1113,.T.);
#1523=ORIENTED_EDGE('',*,*,#1097,.F.);
#1524=ORIENTED_EDGE('',*,*,#1120,.F.);
#1525=ORIENTED_EDGE('',*,*,#1118,.F.);
#1526=ORIENTED_EDGE('',*,*,#1121,.F.);
#1527=ORIENTED_EDGE('',*,*,#1122,.T.);
#1528=ORIENTED_EDGE('',*,*,#1123,.T.);
#1529=ORIENTED_EDGE('',*,*,#1124,.T.);
#1530=ORIENTED_EDGE('',*,*,#1014,.T.);
#1531=ORIENTED_EDGE('',*,*,#939,.T.);
#1532=ORIENTED_EDGE('',*,*,#1018,.T.);
#1533=ORIENTED_EDGE('',*,*,#1125,.T.);
#1534=ORIENTED_EDGE('',*,*,#1090,.T.);
#1535=ORIENTED_EDGE('',*,*,#1122,.F.);
#1536=ORIENTED_EDGE('',*,*,#1089,.T.);
#1537=ORIENTED_EDGE('',*,*,#1126,.F.);
#1538=ORIENTED_EDGE('',*,*,#1093,.T.);
#1539=ORIENTED_EDGE('',*,*,#1127,.F.);
#1540=ORIENTED_EDGE('',*,*,#1128,.T.);
#1541=ORIENTED_EDGE('',*,*,#1129,.F.);
#1542=ORIENTED_EDGE('',*,*,#1130,.F.);
#1543=ORIENTED_EDGE('',*,*,#1131,.F.);
#1544=ORIENTED_EDGE('',*,*,#1132,.F.);
#1545=ORIENTED_EDGE('',*,*,#1106,.T.);
#1546=ORIENTED_EDGE('',*,*,#1103,.F.);
#1547=ORIENTED_EDGE('',*,*,#1098,.T.);
#1548=ORIENTED_EDGE('',*,*,#1094,.F.);
#1549=ORIENTED_EDGE('',*,*,#1121,.T.);
#1550=ORIENTED_EDGE('',*,*,#1117,.F.);
#1551=ORIENTED_EDGE('',*,*,#1112,.T.);
#1552=ORIENTED_EDGE('',*,*,#1109,.F.);
#1553=ORIENTED_EDGE('',*,*,#1133,.T.);
#1554=ORIENTED_EDGE('',*,*,#1134,.T.);
#1555=ORIENTED_EDGE('',*,*,#1127,.T.);
#1556=ORIENTED_EDGE('',*,*,#1092,.T.);
#1557=ORIENTED_EDGE('',*,*,#1086,.T.);
#1558=ORIENTED_EDGE('',*,*,#1016,.T.);
#1559=ORIENTED_EDGE('',*,*,#949,.T.);
#1560=ORIENTED_EDGE('',*,*,#1135,.T.);
#1561=ORIENTED_EDGE('',*,*,#1136,.T.);
#1562=ORIENTED_EDGE('',*,*,#1129,.T.);
#1563=ORIENTED_EDGE('',*,*,#1137,.T.);
#1564=ORIENTED_EDGE('',*,*,#1136,.F.);
#1565=ORIENTED_EDGE('',*,*,#1138,.T.);
#1566=ORIENTED_EDGE('',*,*,#1139,.F.);
#1567=ORIENTED_EDGE('',*,*,#1130,.T.);
#1568=ORIENTED_EDGE('',*,*,#1140,.T.);
#1569=ORIENTED_EDGE('',*,*,#1141,.T.);
#1570=ORIENTED_EDGE('',*,*,#1124,.F.);
#1571=ORIENTED_EDGE('',*,*,#1142,.T.);
#1572=ORIENTED_EDGE('',*,*,#1143,.F.);
#1573=ORIENTED_EDGE('',*,*,#1138,.F.);
#1574=ORIENTED_EDGE('',*,*,#1135,.F.);
#1575=ORIENTED_EDGE('',*,*,#1144,.F.);
#1576=ORIENTED_EDGE('',*,*,#1133,.F.);
#1577=ORIENTED_EDGE('',*,*,#948,.T.);
#1578=ORIENTED_EDGE('',*,*,#1015,.T.);
#1579=ORIENTED_EDGE('',*,*,#1108,.T.);
#1580=ORIENTED_EDGE('',*,*,#1111,.F.);
#1581=ORIENTED_EDGE('',*,*,#1114,.T.);
#1582=ORIENTED_EDGE('',*,*,#1119,.F.);
#1583=ORIENTED_EDGE('',*,*,#1120,.T.);
#1584=ORIENTED_EDGE('',*,*,#1096,.F.);
#1585=ORIENTED_EDGE('',*,*,#1100,.T.);
#1586=ORIENTED_EDGE('',*,*,#1105,.F.);
#1587=ORIENTED_EDGE('',*,*,#1131,.T.);
#1588=ORIENTED_EDGE('',*,*,#1139,.T.);
#1589=ORIENTED_EDGE('',*,*,#1143,.T.);
#1590=ORIENTED_EDGE('',*,*,#1145,.T.);
#1591=ORIENTED_EDGE('',*,*,#1123,.F.);
#1592=ORIENTED_EDGE('',*,*,#1132,.T.);
#1593=ORIENTED_EDGE('',*,*,#1145,.F.);
#1594=ORIENTED_EDGE('',*,*,#1142,.F.);
#1595=ORIENTED_EDGE('',*,*,#977,.T.);
#1596=ORIENTED_EDGE('',*,*,#1146,.T.);
#1597=ORIENTED_EDGE('',*,*,#1116,.T.);
#1598=ORIENTED_EDGE('',*,*,#1146,.F.);
#1599=ORIENTED_EDGE('',*,*,#1102,.T.);
#1600=ORIENTED_EDGE('',*,*,#1147,.T.);
#1601=ORIENTED_EDGE('',*,*,#1140,.F.);
#1602=ORIENTED_EDGE('',*,*,#1147,.F.);
#1603=ORIENTED_EDGE('',*,*,#1101,.T.);
#1604=ORIENTED_EDGE('',*,*,#1148,.T.);
#1605=ORIENTED_EDGE('',*,*,#1141,.F.);
#1606=ORIENTED_EDGE('',*,*,#1148,.F.);
#1607=ORIENTED_EDGE('',*,*,#1134,.F.);
#1608=ORIENTED_EDGE('',*,*,#1144,.T.);
#1609=ORIENTED_EDGE('',*,*,#1137,.F.);
#1610=ORIENTED_EDGE('',*,*,#1128,.F.);
#1611=ORIENTED_EDGE('',*,*,#1126,.T.);
#1612=ORIENTED_EDGE('',*,*,#1149,.T.);
#1613=ORIENTED_EDGE('',*,*,#1150,.F.);
#1614=ORIENTED_EDGE('',*,*,#1151,.T.);
#1615=ORIENTED_EDGE('',*,*,#1152,.T.);
#1616=ORIENTED_EDGE('',*,*,#1153,.T.);
#1617=ORIENTED_EDGE('',*,*,#1154,.T.);
#1618=ORIENTED_EDGE('',*,*,#1152,.F.);
#1619=ORIENTED_EDGE('',*,*,#1155,.F.);
#1620=ORIENTED_EDGE('',*,*,#1156,.F.);
#1621=ORIENTED_EDGE('',*,*,#1157,.F.);
#1622=ORIENTED_EDGE('',*,*,#1158,.F.);
#1623=ORIENTED_EDGE('',*,*,#1159,.F.);
#1624=ORIENTED_EDGE('',*,*,#1160,.T.);
#1625=ORIENTED_EDGE('',*,*,#1161,.T.);
#1626=ORIENTED_EDGE('',*,*,#1162,.T.);
#1627=ORIENTED_EDGE('',*,*,#1163,.T.);
#1628=ORIENTED_EDGE('',*,*,#1154,.F.);
#1629=ORIENTED_EDGE('',*,*,#1164,.F.);
#1630=ORIENTED_EDGE('',*,*,#1161,.F.);
#1631=ORIENTED_EDGE('',*,*,#1165,.F.);
#1632=ORIENTED_EDGE('',*,*,#1166,.T.);
#1633=ORIENTED_EDGE('',*,*,#1167,.T.);
#1634=ORIENTED_EDGE('',*,*,#1168,.T.);
#1635=ORIENTED_EDGE('',*,*,#1169,.T.);
#1636=ORIENTED_EDGE('',*,*,#1163,.F.);
#1637=ORIENTED_EDGE('',*,*,#1170,.F.);
#1638=ORIENTED_EDGE('',*,*,#1167,.F.);
#1639=ORIENTED_EDGE('',*,*,#1171,.F.);
#1640=ORIENTED_EDGE('',*,*,#1172,.F.);
#1641=ORIENTED_EDGE('',*,*,#1173,.F.);
#1642=ORIENTED_EDGE('',*,*,#1174,.T.);
#1643=ORIENTED_EDGE('',*,*,#1175,.T.);
#1644=ORIENTED_EDGE('',*,*,#1176,.T.);
#1645=ORIENTED_EDGE('',*,*,#1156,.T.);
#1646=ORIENTED_EDGE('',*,*,#1169,.F.);
#1647=ORIENTED_EDGE('',*,*,#1177,.F.);
#1648=ORIENTED_EDGE('',*,*,#1175,.F.);
#1649=ORIENTED_EDGE('',*,*,#1178,.F.);
#1650=ORIENTED_EDGE('',*,*,#1179,.T.);
#1651=ORIENTED_EDGE('',*,*,#1180,.T.);
#1652=ORIENTED_EDGE('',*,*,#1181,.T.);
#1653=ORIENTED_EDGE('',*,*,#1182,.T.);
#1654=ORIENTED_EDGE('',*,*,#1182,.F.);
#1655=ORIENTED_EDGE('',*,*,#1183,.F.);
#1656=ORIENTED_EDGE('',*,*,#1184,.F.);
#1657=ORIENTED_EDGE('',*,*,#1185,.T.);
#1658=ORIENTED_EDGE('',*,*,#1181,.F.);
#1659=ORIENTED_EDGE('',*,*,#1186,.F.);
#1660=ORIENTED_EDGE('',*,*,#1187,.F.);
#1661=ORIENTED_EDGE('',*,*,#1188,.F.);
#1662=ORIENTED_EDGE('',*,*,#1189,.F.);
#1663=ORIENTED_EDGE('',*,*,#1081,.F.);
#1664=ORIENTED_EDGE('',*,*,#1019,.F.);
#1665=ORIENTED_EDGE('',*,*,#1084,.F.);
#1666=ORIENTED_EDGE('',*,*,#1190,.F.);
#1667=ORIENTED_EDGE('',*,*,#1183,.T.);
#1668=ORIENTED_EDGE('',*,*,#1165,.T.);
#1669=ORIENTED_EDGE('',*,*,#1160,.F.);
#1670=ORIENTED_EDGE('',*,*,#1171,.T.);
#1671=ORIENTED_EDGE('',*,*,#1166,.F.);
#1672=ORIENTED_EDGE('',*,*,#1178,.T.);
#1673=ORIENTED_EDGE('',*,*,#1174,.F.);
#1674=ORIENTED_EDGE('',*,*,#1155,.T.);
#1675=ORIENTED_EDGE('',*,*,#1151,.F.);
#1676=ORIENTED_EDGE('',*,*,#1190,.T.);
#1677=ORIENTED_EDGE('',*,*,#1083,.T.);
#1678=ORIENTED_EDGE('',*,*,#1022,.T.);
#1679=ORIENTED_EDGE('',*,*,#1087,.T.);
#1680=ORIENTED_EDGE('',*,*,#1091,.T.);
#1681=ORIENTED_EDGE('',*,*,#1150,.T.);
#1682=ORIENTED_EDGE('',*,*,#1191,.T.);
#1683=ORIENTED_EDGE('',*,*,#1184,.T.);
#1684=ORIENTED_EDGE('',*,*,#1125,.F.);
#1685=ORIENTED_EDGE('',*,*,#1192,.F.);
#1686=ORIENTED_EDGE('',*,*,#1193,.T.);
#1687=ORIENTED_EDGE('',*,*,#1187,.T.);
#1688=ORIENTED_EDGE('',*,*,#1194,.T.);
#1689=ORIENTED_EDGE('',*,*,#1195,.T.);
#1690=ORIENTED_EDGE('',*,*,#1196,.T.);
#1691=ORIENTED_EDGE('',*,*,#1196,.F.);
#1692=ORIENTED_EDGE('',*,*,#1197,.F.);
#1693=ORIENTED_EDGE('',*,*,#1198,.F.);
#1694=ORIENTED_EDGE('',*,*,#1188,.T.);
#1695=ORIENTED_EDGE('',*,*,#1199,.T.);
#1696=ORIENTED_EDGE('',*,*,#1192,.T.);
#1697=ORIENTED_EDGE('',*,*,#1017,.T.);
#1698=ORIENTED_EDGE('',*,*,#1085,.T.);
#1699=ORIENTED_EDGE('',*,*,#1012,.T.);
#1700=ORIENTED_EDGE('',*,*,#1082,.T.);
#1701=ORIENTED_EDGE('',*,*,#1189,.T.);
#1702=ORIENTED_EDGE('',*,*,#1198,.T.);
#1703=ORIENTED_EDGE('',*,*,#1047,.T.);
#1704=ORIENTED_EDGE('',*,*,#1200,.T.);
#1705=ORIENTED_EDGE('',*,*,#1173,.T.);
#1706=ORIENTED_EDGE('',*,*,#1200,.F.);
#1707=ORIENTED_EDGE('',*,*,#1115,.T.);
#1708=ORIENTED_EDGE('',*,*,#1201,.T.);
#1709=ORIENTED_EDGE('',*,*,#1172,.T.);
#1710=ORIENTED_EDGE('',*,*,#1201,.F.);
#1711=ORIENTED_EDGE('',*,*,#1159,.T.);
#1712=ORIENTED_EDGE('',*,*,#1202,.T.);
#1713=ORIENTED_EDGE('',*,*,#1203,.F.);
#1714=ORIENTED_EDGE('',*,*,#1202,.F.);
#1715=ORIENTED_EDGE('',*,*,#1158,.T.);
#1716=ORIENTED_EDGE('',*,*,#1204,.T.);
#1717=ORIENTED_EDGE('',*,*,#1205,.F.);
#1718=ORIENTED_EDGE('',*,*,#1204,.F.);
#1719=ORIENTED_EDGE('',*,*,#1179,.F.);
#1720=ORIENTED_EDGE('',*,*,#1185,.F.);
#1721=ORIENTED_EDGE('',*,*,#1191,.F.);
#1722=ORIENTED_EDGE('',*,*,#1149,.F.);
#1723=ORIENTED_EDGE('',*,*,#1088,.F.);
#1724=ORIENTED_EDGE('',*,*,#1193,.F.);
#1725=ORIENTED_EDGE('',*,*,#1199,.F.);
#1726=ORIENTED_EDGE('',*,*,#1197,.T.);
#1727=ORIENTED_EDGE('',*,*,#1195,.F.);
#1728=ORIENTED_EDGE('',*,*,#1206,.F.);
#1729=ORIENTED_EDGE('',*,*,#1164,.T.);
#1730=ORIENTED_EDGE('',*,*,#1153,.F.);
#1731=ORIENTED_EDGE('',*,*,#1157,.T.);
#1732=ORIENTED_EDGE('',*,*,#1176,.F.);
#1733=ORIENTED_EDGE('',*,*,#1177,.T.);
#1734=ORIENTED_EDGE('',*,*,#1168,.F.);
#1735=ORIENTED_EDGE('',*,*,#1170,.T.);
#1736=ORIENTED_EDGE('',*,*,#1162,.F.);
#1737=ORIENTED_EDGE('',*,*,#1180,.F.);
#1738=ORIENTED_EDGE('',*,*,#1206,.T.);
#1739=ORIENTED_EDGE('',*,*,#1194,.F.);
#1740=ORIENTED_EDGE('',*,*,#1186,.T.);
#1741=ORIENTED_EDGE('',*,*,#1205,.T.);
#1742=ORIENTED_EDGE('',*,*,#1203,.T.);
#1743=PLANE('',#1906);
#1744=PLANE('',#1907);
#1745=PLANE('',#1908);
#1746=PLANE('',#1912);
#1747=PLANE('',#1916);
#1748=PLANE('',#1920);
#1749=PLANE('',#1926);
#1750=PLANE('',#1932);
#1751=PLANE('',#1933);
#1752=PLANE('',#1941);
#1753=PLANE('',#1944);
#1754=PLANE('',#1949);
#1755=PLANE('',#1950);
#1756=PLANE('',#1951);
#1757=PLANE('',#1952);
#1758=PLANE('',#1953);
#1759=PLANE('',#1954);
#1760=PLANE('',#1955);
#1761=PLANE('',#1959);
#1762=PLANE('',#1963);
#1763=PLANE('',#1969);
#1764=PLANE('',#1975);
#1765=PLANE('',#1979);
#1766=PLANE('',#1980);
#1767=PLANE('',#1988);
#1768=PLANE('',#1991);
#1769=PLANE('',#1997);
#1770=PLANE('',#1998);
#1771=PLANE('',#1999);
#1772=PLANE('',#2000);
#1773=PLANE('',#2001);
#1774=PLANE('',#2002);
#1775=PLANE('',#2006);
#1776=PLANE('',#2012);
#1777=PLANE('',#2016);
#1778=PLANE('',#2022);
#1779=PLANE('',#2026);
#1780=PLANE('',#2034);
#1781=PLANE('',#2037);
#1782=PLANE('',#2040);
#1783=PLANE('',#2044);
#1784=PLANE('',#2045);
#1785=PLANE('',#2049);
#1786=PLANE('',#2055);
#1787=PLANE('',#2059);
#1788=PLANE('',#2065);
#1789=PLANE('',#2069);
#1790=PLANE('',#2070);
#1791=PLANE('',#2076);
#1792=PLANE('',#2079);
#1793=PLANE('',#2088);
#1794=PLANE('',#2089);
#1795=ADVANCED_FACE('',(#183),#1743,.T.);
#1796=ADVANCED_FACE('',(#184),#1744,.T.);
#1797=ADVANCED_FACE('',(#185),#1745,.T.);
#1798=ADVANCED_FACE('',(#186),#139,.F.);
#1799=ADVANCED_FACE('',(#187),#1746,.F.);
#1800=ADVANCED_FACE('',(#188),#140,.F.);
#1801=ADVANCED_FACE('',(#189),#1747,.F.);
#1802=ADVANCED_FACE('',(#190),#141,.F.);
#1803=ADVANCED_FACE('',(#191,#19,#20),#1748,.F.);
#1804=ADVANCED_FACE('',(#192),#142,.F.);
#1805=ADVANCED_FACE('',(#193,#21,#22),#1749,.F.);
#1806=ADVANCED_FACE('',(#194),#143,.T.);
#1807=ADVANCED_FACE('',(#195),#1750,.T.);
#1808=ADVANCED_FACE('',(#196,#23),#1751,.T.);
#1809=ADVANCED_FACE('',(#197),#144,.T.);
#1810=ADVANCED_FACE('',(#198),#145,.T.);
#1811=ADVANCED_FACE('',(#199),#1752,.T.);
#1812=ADVANCED_FACE('',(#200),#146,.T.);
#1813=ADVANCED_FACE('',(#201,#24,#25),#1753,.F.);
#1814=ADVANCED_FACE('',(#202),#147,.F.);
#1815=ADVANCED_FACE('',(#203),#148,.F.);
#1816=ADVANCED_FACE('',(#204,#26),#1754,.T.);
#1817=ADVANCED_FACE('',(#205),#1755,.F.);
#1818=ADVANCED_FACE('',(#206),#1756,.F.);
#1819=ADVANCED_FACE('',(#207),#1757,.F.);
#1820=ADVANCED_FACE('',(#208),#1758,.F.);
#1821=ADVANCED_FACE('',(#209),#1759,.F.);
#1822=ADVANCED_FACE('',(#210),#1760,.F.);
#1823=ADVANCED_FACE('',(#211),#149,.F.);
#1824=ADVANCED_FACE('',(#212),#1761,.F.);
#1825=ADVANCED_FACE('',(#213),#150,.F.);
#1826=ADVANCED_FACE('',(#214,#27,#28),#1762,.F.);
#1827=ADVANCED_FACE('',(#215),#151,.F.);
#1828=ADVANCED_FACE('',(#216,#29,#30),#1763,.F.);
#1829=ADVANCED_FACE('',(#217),#152,.F.);
#1830=ADVANCED_FACE('',(#218),#1764,.F.);
#1831=ADVANCED_FACE('',(#219),#153,.T.);
#1832=ADVANCED_FACE('',(#220),#1765,.T.);
#1833=ADVANCED_FACE('',(#221,#31),#1766,.T.);
#1834=ADVANCED_FACE('',(#222),#154,.T.);
#1835=ADVANCED_FACE('',(#223),#155,.T.);
#1836=ADVANCED_FACE('',(#224),#1767,.T.);
#1837=ADVANCED_FACE('',(#225),#156,.T.);
#1838=ADVANCED_FACE('',(#226,#32,#33),#1768,.T.);
#1839=ADVANCED_FACE('',(#227),#157,.F.);
#1840=ADVANCED_FACE('',(#228),#158,.F.);
#1841=ADVANCED_FACE('',(#229),#159,.F.);
#1842=ADVANCED_FACE('',(#230,#34),#1769,.T.);
#1843=ADVANCED_FACE('',(#231),#1770,.T.);
#1844=ADVANCED_FACE('',(#232),#1771,.T.);
#1845=ADVANCED_FACE('',(#233),#1772,.T.);
#1846=ADVANCED_FACE('',(#234),#1773,.F.);
#1847=ADVANCED_FACE('',(#235),#1774,.F.);
#1848=ADVANCED_FACE('',(#236),#160,.F.);
#1849=ADVANCED_FACE('',(#237,#35,#36),#1775,.F.);
#1850=ADVANCED_FACE('',(#238),#161,.F.);
#1851=ADVANCED_FACE('',(#239),#1776,.F.);
#1852=ADVANCED_FACE('',(#240),#162,.F.);
#1853=ADVANCED_FACE('',(#241,#37,#38),#1777,.F.);
#1854=ADVANCED_FACE('',(#242),#163,.F.);
#1855=ADVANCED_FACE('',(#243),#1778,.F.);
#1856=ADVANCED_FACE('',(#244),#164,.T.);
#1857=ADVANCED_FACE('',(#245,#39),#1779,.T.);
#1858=ADVANCED_FACE('',(#246),#165,.T.);
#1859=ADVANCED_FACE('',(#247),#166,.T.);
#1860=ADVANCED_FACE('',(#248,#40,#41),#1780,.T.);
#1861=ADVANCED_FACE('',(#249,#42),#1781,.T.);
#1862=ADVANCED_FACE('',(#250),#167,.T.);
#1863=ADVANCED_FACE('',(#251),#1782,.T.);
#1864=ADVANCED_FACE('',(#252),#168,.F.);
#1865=ADVANCED_FACE('',(#253),#169,.F.);
#1866=ADVANCED_FACE('',(#254),#170,.F.);
#1867=ADVANCED_FACE('',(#255),#1783,.T.);
#1868=ADVANCED_FACE('',(#256),#1784,.T.);
#1869=ADVANCED_FACE('',(#257),#171,.F.);
#1870=ADVANCED_FACE('',(#258,#43,#44),#1785,.F.);
#1871=ADVANCED_FACE('',(#259),#172,.F.);
#1872=ADVANCED_FACE('',(#260),#1786,.F.);
#1873=ADVANCED_FACE('',(#261),#173,.F.);
#1874=ADVANCED_FACE('',(#262,#45,#46),#1787,.F.);
#1875=ADVANCED_FACE('',(#263),#174,.F.);
#1876=ADVANCED_FACE('',(#264),#1788,.F.);
#1877=ADVANCED_FACE('',(#265),#175,.T.);
#1878=ADVANCED_FACE('',(#266),#1789,.T.);
#1879=ADVANCED_FACE('',(#267,#47),#1790,.T.);
#1880=ADVANCED_FACE('',(#268),#176,.T.);
#1881=ADVANCED_FACE('',(#269),#1791,.T.);
#1882=ADVANCED_FACE('',(#270),#177,.T.);
#1883=ADVANCED_FACE('',(#271),#1792,.T.);
#1884=ADVANCED_FACE('',(#272),#178,.T.);
#1885=ADVANCED_FACE('',(#273),#179,.F.);
#1886=ADVANCED_FACE('',(#274),#180,.F.);
#1887=ADVANCED_FACE('',(#275),#181,.F.);
#1888=ADVANCED_FACE('',(#276),#182,.F.);
#1889=ADVANCED_FACE('',(#277,#48),#1793,.T.);
#1890=ADVANCED_FACE('',(#278,#49,#50),#1794,.F.);
#1891=CLOSED_SHELL('',(#1795,#1796,#1797,#1798,#1799,#1800,#1801,#1802,
#1803,#1804,#1805,#1806,#1807,#1808,#1809,#1810,#1811,#1812,#1813,#1814,
#1815,#1816,#1817,#1818,#1819,#1820,#1821,#1822,#1823,#1824,#1825,#1826,
#1827,#1828,#1829,#1830,#1831,#1832,#1833,#1834,#1835,#1836,#1837,#1838,
#1839,#1840,#1841,#1842,#1843,#1844,#1845,#1846,#1847,#1848,#1849,#1850,
#1851,#1852,#1853,#1854,#1855,#1856,#1857,#1858,#1859,#1860,#1861,#1862,
#1863,#1864,#1865,#1866,#1867,#1868,#1869,#1870,#1871,#1872,#1873,#1874,
#1875,#1876,#1877,#1878,#1879,#1880,#1881,#1882,#1883,#1884,#1885,#1886,
#1887,#1888,#1889,#1890));
#1892=DERIVED_UNIT_ELEMENT(#1894,1.);
#1893=DERIVED_UNIT_ELEMENT(#3191,-3.);
#1894=(
MASS_UNIT()
NAMED_UNIT(*)
SI_UNIT(.KILO.,.GRAM.)
);
#1895=DERIVED_UNIT((#1892,#1893));
#1896=MEASURE_REPRESENTATION_ITEM('density measure',
POSITIVE_RATIO_MEASURE(7850.),#1895);
#1897=PROPERTY_DEFINITION_REPRESENTATION(#1902,#1899);
#1898=PROPERTY_DEFINITION_REPRESENTATION(#1903,#1900);
#1899=REPRESENTATION('material name',(#1901),#3188);
#1900=REPRESENTATION('density',(#1896),#3188);
#1901=DESCRIPTIVE_REPRESENTATION_ITEM('Steel','Steel');
#1902=PROPERTY_DEFINITION('material property','material name',#3203);
#1903=PROPERTY_DEFINITION('material property','density of part',#3203);
#1904=AXIS2_PLACEMENT_3D('',#2645,#2091,#2092);
#1905=AXIS2_PLACEMENT_3D('',#2646,#2093,#2094);
#1906=AXIS2_PLACEMENT_3D('',#2647,#2095,#2096);
#1907=AXIS2_PLACEMENT_3D('',#2654,#2100,#2101);
#1908=AXIS2_PLACEMENT_3D('',#2661,#2105,#2106);
#1909=AXIS2_PLACEMENT_3D('',#2674,#2113,#2114);
#1910=AXIS2_PLACEMENT_3D('',#2677,#2115,#2116);
#1911=AXIS2_PLACEMENT_3D('',#2681,#2118,#2119);
#1912=AXIS2_PLACEMENT_3D('',#2683,#2121,#2122);
#1913=AXIS2_PLACEMENT_3D('',#2689,#2126,#2127);
#1914=AXIS2_PLACEMENT_3D('',#2692,#2128,#2129);
#1915=AXIS2_PLACEMENT_3D('',#2696,#2131,#2132);
#1916=AXIS2_PLACEMENT_3D('',#2698,#2134,#2135);
#1917=AXIS2_PLACEMENT_3D('',#2704,#2139,#2140);
#1918=AXIS2_PLACEMENT_3D('',#2706,#2141,#2142);
#1919=AXIS2_PLACEMENT_3D('',#2709,#2144,#2145);
#1920=AXIS2_PLACEMENT_3D('',#2710,#2146,#2147);
#1921=AXIS2_PLACEMENT_3D('',#2714,#2150,#2151);
#1922=AXIS2_PLACEMENT_3D('',#2716,#2152,#2153);
#1923=AXIS2_PLACEMENT_3D('',#2717,#2154,#2155);
#1924=AXIS2_PLACEMENT_3D('',#2719,#2156,#2157);
#1925=AXIS2_PLACEMENT_3D('',#2722,#2159,#2160);
#1926=AXIS2_PLACEMENT_3D('',#2723,#2161,#2162);
#1927=AXIS2_PLACEMENT_3D('',#2727,#2165,#2166);
#1928=AXIS2_PLACEMENT_3D('',#2729,#2167,#2168);
#1929=AXIS2_PLACEMENT_3D('',#2730,#2169,#2170);
#1930=AXIS2_PLACEMENT_3D('',#2733,#2171,#2172);
#1931=AXIS2_PLACEMENT_3D('',#2737,#2174,#2175);
#1932=AXIS2_PLACEMENT_3D('',#2739,#2177,#2178);
#1933=AXIS2_PLACEMENT_3D('',#2745,#2182,#2183);
#1934=AXIS2_PLACEMENT_3D('',#2749,#2185,#2186);
#1935=AXIS2_PLACEMENT_3D('',#2753,#2188,#2189);
#1936=AXIS2_PLACEMENT_3D('',#2755,#2191,#2192);
#1937=AXIS2_PLACEMENT_3D('',#2756,#2193,#2194);
#1938=AXIS2_PLACEMENT_3D('',#2757,#2195,#2196);
#1939=AXIS2_PLACEMENT_3D('',#2760,#2199,#2200);
#1940=AXIS2_PLACEMENT_3D('',#2764,#2202,#2203);
#1941=AXIS2_PLACEMENT_3D('',#2767,#2206,#2207);
#1942=AXIS2_PLACEMENT_3D('',#2771,#2210,#2211);
#1943=AXIS2_PLACEMENT_3D('',#2774,#2213,#2214);
#1944=AXIS2_PLACEMENT_3D('',#2775,#2215,#2216);
#1945=AXIS2_PLACEMENT_3D('',#2778,#2218,#2219);
#1946=AXIS2_PLACEMENT_3D('',#2780,#2220,#2221);
#1947=AXIS2_PLACEMENT_3D('',#2781,#2222,#2223);
#1948=AXIS2_PLACEMENT_3D('',#2783,#2225,#2226);
#1949=AXIS2_PLACEMENT_3D('',#2785,#2228,#2229);
#1950=AXIS2_PLACEMENT_3D('',#2787,#2231,#2232);
#1951=AXIS2_PLACEMENT_3D('',#2791,#2235,#2236);
#1952=AXIS2_PLACEMENT_3D('',#2797,#2240,#2241);
#1953=AXIS2_PLACEMENT_3D('',#2801,#2244,#2245);
#1954=AXIS2_PLACEMENT_3D('',#2807,#2249,#2250);
#1955=AXIS2_PLACEMENT_3D('',#2814,#2254,#2255);
#1956=AXIS2_PLACEMENT_3D('',#2821,#2259,#2260);
#1957=AXIS2_PLACEMENT_3D('',#2824,#2261,#2262);
#1958=AXIS2_PLACEMENT_3D('',#2828,#2264,#2265);
#1959=AXIS2_PLACEMENT_3D('',#2830,#2267,#2268);
#1960=AXIS2_PLACEMENT_3D('',#2836,#2272,#2273);
#1961=AXIS2_PLACEMENT_3D('',#2838,#2274,#2275);
#1962=AXIS2_PLACEMENT_3D('',#2841,#2277,#2278);
#1963=AXIS2_PLACEMENT_3D('',#2842,#2279,#2280);
#1964=AXIS2_PLACEMENT_3D('',#2849,#2284,#2285);
#1965=AXIS2_PLACEMENT_3D('',#2851,#2286,#2287);
#1966=AXIS2_PLACEMENT_3D('',#2852,#2288,#2289);
#1967=AXIS2_PLACEMENT_3D('',#2855,#2290,#2291);
#1968=AXIS2_PLACEMENT_3D('',#2859,#2293,#2294);
#1969=AXIS2_PLACEMENT_3D('',#2861,#2296,#2297);
#1970=AXIS2_PLACEMENT_3D('',#2865,#2300,#2301);
#1971=AXIS2_PLACEMENT_3D('',#2867,#2302,#2303);
#1972=AXIS2_PLACEMENT_3D('',#2868,#2304,#2305);
#1973=AXIS2_PLACEMENT_3D('',#2870,#2306,#2307);
#1974=AXIS2_PLACEMENT_3D('',#2873,#2309,#2310);
#1975=AXIS2_PLACEMENT_3D('',#2874,#2311,#2312);
#1976=AXIS2_PLACEMENT_3D('',#2877,#2315,#2316);
#1977=AXIS2_PLACEMENT_3D('',#2880,#2317,#2318);
#1978=AXIS2_PLACEMENT_3D('',#2884,#2320,#2321);
#1979=AXIS2_PLACEMENT_3D('',#2886,#2323,#2324);
#1980=AXIS2_PLACEMENT_3D('',#2892,#2328,#2329);
#1981=AXIS2_PLACEMENT_3D('',#2896,#2331,#2332);
#1982=AXIS2_PLACEMENT_3D('',#2899,#2334,#2335);
#1983=AXIS2_PLACEMENT_3D('',#2900,#2336,#2337);
#1984=AXIS2_PLACEMENT_3D('',#2901,#2338,#2339);
#1985=AXIS2_PLACEMENT_3D('',#2903,#2341,#2342);
#1986=AXIS2_PLACEMENT_3D('',#2904,#2343,#2344);
#1987=AXIS2_PLACEMENT_3D('',#2906,#2345,#2346);
#1988=AXIS2_PLACEMENT_3D('',#2909,#2349,#2350);
#1989=AXIS2_PLACEMENT_3D('',#2913,#2353,#2354);
#1990=AXIS2_PLACEMENT_3D('',#2916,#2356,#2357);
#1991=AXIS2_PLACEMENT_3D('',#2917,#2358,#2359);
#1992=AXIS2_PLACEMENT_3D('',#2920,#2361,#2362);
#1993=AXIS2_PLACEMENT_3D('',#2922,#2363,#2364);
#1994=AXIS2_PLACEMENT_3D('',#2923,#2365,#2366);
#1995=AXIS2_PLACEMENT_3D('',#2925,#2368,#2369);
#1996=AXIS2_PLACEMENT_3D('',#2927,#2371,#2372);
#1997=AXIS2_PLACEMENT_3D('',#2929,#2374,#2375);
#1998=AXIS2_PLACEMENT_3D('',#2931,#2377,#2378);
#1999=AXIS2_PLACEMENT_3D('',#2935,#2381,#2382);
#2000=AXIS2_PLACEMENT_3D('',#2939,#2385,#2386);
#2001=AXIS2_PLACEMENT_3D('',#2944,#2390,#2391);
#2002=AXIS2_PLACEMENT_3D('',#2951,#2395,#2396);
#2003=AXIS2_PLACEMENT_3D('',#2957,#2400,#2401);
#2004=AXIS2_PLACEMENT_3D('',#2960,#2402,#2403);
#2005=AXIS2_PLACEMENT_3D('',#2964,#2405,#2406);
#2006=AXIS2_PLACEMENT_3D('',#2966,#2408,#2409);
#2007=AXIS2_PLACEMENT_3D('',#2973,#2413,#2414);
#2008=AXIS2_PLACEMENT_3D('',#2975,#2415,#2416);
#2009=AXIS2_PLACEMENT_3D('',#2976,#2417,#2418);
#2010=AXIS2_PLACEMENT_3D('',#2978,#2419,#2420);
#2011=AXIS2_PLACEMENT_3D('',#2981,#2422,#2423);
#2012=AXIS2_PLACEMENT_3D('',#2982,#2424,#2425);
#2013=AXIS2_PLACEMENT_3D('',#2988,#2429,#2430);
#2014=AXIS2_PLACEMENT_3D('',#2990,#2431,#2432);
#2015=AXIS2_PLACEMENT_3D('',#2993,#2434,#2435);
#2016=AXIS2_PLACEMENT_3D('',#2994,#2436,#2437);
#2017=AXIS2_PLACEMENT_3D('',#3001,#2441,#2442);
#2018=AXIS2_PLACEMENT_3D('',#3003,#2443,#2444);
#2019=AXIS2_PLACEMENT_3D('',#3004,#2445,#2446);
#2020=AXIS2_PLACEMENT_3D('',#3006,#2447,#2448);
#2021=AXIS2_PLACEMENT_3D('',#3009,#2450,#2451);
#2022=AXIS2_PLACEMENT_3D('',#3010,#2452,#2453);
#2023=AXIS2_PLACEMENT_3D('',#3013,#2456,#2457);
#2024=AXIS2_PLACEMENT_3D('',#3015,#2458,#2459);
#2025=AXIS2_PLACEMENT_3D('',#3018,#2461,#2462);
#2026=AXIS2_PLACEMENT_3D('',#3020,#2464,#2465);
#2027=AXIS2_PLACEMENT_3D('',#3023,#2467,#2468);
#2028=AXIS2_PLACEMENT_3D('',#3027,#2470,#2471);
#2029=AXIS2_PLACEMENT_3D('',#3031,#2473,#2474);
#2030=AXIS2_PLACEMENT_3D('',#3033,#2476,#2477);
#2031=AXIS2_PLACEMENT_3D('',#3035,#2478,#2479);
#2032=AXIS2_PLACEMENT_3D('',#3037,#2481,#2482);
#2033=AXIS2_PLACEMENT_3D('',#3040,#2483,#2484);
#2034=AXIS2_PLACEMENT_3D('',#3043,#2487,#2488);
#2035=AXIS2_PLACEMENT_3D('',#3048,#2491,#2492);
#2036=AXIS2_PLACEMENT_3D('',#3050,#2493,#2494);
#2037=AXIS2_PLACEMENT_3D('',#3051,#2495,#2496);
#2038=AXIS2_PLACEMENT_3D('',#3054,#2498,#2499);
#2039=AXIS2_PLACEMENT_3D('',#3056,#2501,#2502);
#2040=AXIS2_PLACEMENT_3D('',#3058,#2504,#2505);
#2041=AXIS2_PLACEMENT_3D('',#3059,#2506,#2507);
#2042=AXIS2_PLACEMENT_3D('',#3061,#2509,#2510);
#2043=AXIS2_PLACEMENT_3D('',#3063,#2512,#2513);
#2044=AXIS2_PLACEMENT_3D('',#3065,#2515,#2516);
#2045=AXIS2_PLACEMENT_3D('',#3066,#2517,#2518);
#2046=AXIS2_PLACEMENT_3D('',#3070,#2521,#2522);
#2047=AXIS2_PLACEMENT_3D('',#3073,#2523,#2524);
#2048=AXIS2_PLACEMENT_3D('',#3077,#2526,#2527);
#2049=AXIS2_PLACEMENT_3D('',#3079,#2529,#2530);
#2050=AXIS2_PLACEMENT_3D('',#3086,#2534,#2535);
#2051=AXIS2_PLACEMENT_3D('',#3088,#2536,#2537);
#2052=AXIS2_PLACEMENT_3D('',#3089,#2538,#2539);
#2053=AXIS2_PLACEMENT_3D('',#3092,#2540,#2541);
#2054=AXIS2_PLACEMENT_3D('',#3096,#2543,#2544);
#2055=AXIS2_PLACEMENT_3D('',#3098,#2546,#2547);
#2056=AXIS2_PLACEMENT_3D('',#3101,#2550,#2551);
#2057=AXIS2_PLACEMENT_3D('',#3104,#2552,#2553);
#2058=AXIS2_PLACEMENT_3D('',#3108,#2555,#2556);
#2059=AXIS2_PLACEMENT_3D('',#3110,#2558,#2559);
#2060=AXIS2_PLACEMENT_3D('',#3114,#2562,#2563);
#2061=AXIS2_PLACEMENT_3D('',#3116,#2564,#2565);
#2062=AXIS2_PLACEMENT_3D('',#3117,#2566,#2567);
#2063=AXIS2_PLACEMENT_3D('',#3119,#2568,#2569);
#2064=AXIS2_PLACEMENT_3D('',#3122,#2571,#2572);
#2065=AXIS2_PLACEMENT_3D('',#3123,#2573,#2574);
#2066=AXIS2_PLACEMENT_3D('',#3126,#2577,#2578);
#2067=AXIS2_PLACEMENT_3D('',#3129,#2579,#2580);
#2068=AXIS2_PLACEMENT_3D('',#3133,#2582,#2583);
#2069=AXIS2_PLACEMENT_3D('',#3135,#2585,#2586);
#2070=AXIS2_PLACEMENT_3D('',#3141,#2590,#2591);
#2071=AXIS2_PLACEMENT_3D('',#3145,#2593,#2594);
#2072=AXIS2_PLACEMENT_3D('',#3148,#2596,#2597);
#2073=AXIS2_PLACEMENT_3D('',#3149,#2598,#2599);
#2074=AXIS2_PLACEMENT_3D('',#3150,#2600,#2601);
#2075=AXIS2_PLACEMENT_3D('',#3151,#2602,#2603);
#2076=AXIS2_PLACEMENT_3D('',#3152,#2604,#2605);
#2077=AXIS2_PLACEMENT_3D('',#3156,#2608,#2609);
#2078=AXIS2_PLACEMENT_3D('',#3160,#2611,#2612);
#2079=AXIS2_PLACEMENT_3D('',#3162,#2614,#2615);
#2080=AXIS2_PLACEMENT_3D('',#3166,#2618,#2619);
#2081=AXIS2_PLACEMENT_3D('',#3167,#2620,#2621);
#2082=AXIS2_PLACEMENT_3D('',#3168,#2622,#2623);
#2083=AXIS2_PLACEMENT_3D('',#3170,#2625,#2626);
#2084=AXIS2_PLACEMENT_3D('',#3172,#2628,#2629);
#2085=AXIS2_PLACEMENT_3D('',#3175,#2631,#2632);
#2086=AXIS2_PLACEMENT_3D('',#3176,#2633,#2634);
#2087=AXIS2_PLACEMENT_3D('',#3179,#2636,#2637);
#2088=AXIS2_PLACEMENT_3D('',#3180,#2638,#2639);
#2089=AXIS2_PLACEMENT_3D('',#3182,#2641,#2642);
#2090=AXIS2_PLACEMENT_3D('',#3183,#2643,#2644);
#2091=DIRECTION('axis',(0.,0.,1.));
#2092=DIRECTION('refdir',(1.,0.,0.));
#2093=DIRECTION('axis',(0.,0.,1.));
#2094=DIRECTION('refdir',(1.,0.,0.));
#2095=DIRECTION('center_axis',(0.,1.,0.));
#2096=DIRECTION('ref_axis',(1.,0.,0.));
#2097=DIRECTION('',(-0.8,0.,0.6));
#2098=DIRECTION('',(1.,0.,-1.67029321993441E-16));
#2099=DIRECTION('',(0.,0.,-1.));
#2100=DIRECTION('center_axis',(0.,1.,0.));
#2101=DIRECTION('ref_axis',(1.,0.,0.));
#2102=DIRECTION('',(-0.8,0.,-0.6));
#2103=DIRECTION('',(0.,0.,1.));
#2104=DIRECTION('',(1.,0.,-1.67029321993441E-16));
#2105=DIRECTION('center_axis',(0.,1.,0.));
#2106=DIRECTION('ref_axis',(1.,0.,0.));
#2107=DIRECTION('',(0.8,0.,0.6));
#2108=DIRECTION('',(0.599999999999999,0.,-0.8));
#2109=DIRECTION('',(1.,0.,-1.67029321993441E-16));
#2110=DIRECTION('',(-0.599999999999999,0.,-0.8));
#2111=DIRECTION('',(0.8,0.,-0.6));
#2112=DIRECTION('',(-1.,0.,1.25271991495081E-16));
#2113=DIRECTION('center_axis',(-1.,0.,0.));
#2114=DIRECTION('ref_axis',(0.,0.707106781186533,0.707106781186562));
#2115=DIRECTION('center_axis',(1.,0.,0.));
#2116=DIRECTION('ref_axis',(0.,0.707106781186533,0.707106781186562));
#2117=DIRECTION('',(-1.,0.,0.));
#2118=DIRECTION('center_axis',(-1.,0.,0.));
#2119=DIRECTION('ref_axis',(0.,0.707106781186533,0.707106781186562));
#2120=DIRECTION('',(1.,0.,0.));
#2121=DIRECTION('center_axis',(0.,0.,1.));
#2122=DIRECTION('ref_axis',(0.,1.,0.));
#2123=DIRECTION('',(0.,1.,0.));
#2124=DIRECTION('',(1.,0.,0.));
#2125=DIRECTION('',(0.,-1.,0.));
#2126=DIRECTION('center_axis',(-1.,0.,0.));
#2127=DIRECTION('ref_axis',(0.,-0.707106781186558,-0.707106781186537));
#2128=DIRECTION('center_axis',(1.,0.,0.));
#2129=DIRECTION('ref_axis',(0.,-0.707106781186558,-0.707106781186537));
#2130=DIRECTION('',(-1.,0.,0.));
#2131=DIRECTION('center_axis',(-1.,0.,0.));
#2132=DIRECTION('ref_axis',(0.,-0.707106781186558,-0.707106781186537));
#2133=DIRECTION('',(1.,0.,0.));
#2134=DIRECTION('center_axis',(0.,0.,-1.));
#2135=DIRECTION('ref_axis',(0.,-1.,0.));
#2136=DIRECTION('',(0.,-1.,0.));
#2137=DIRECTION('',(1.,0.,0.));
#2138=DIRECTION('',(0.,1.,0.));
#2139=DIRECTION('center_axis',(-1.,0.,0.));
#2140=DIRECTION('ref_axis',(0.,-0.707106781186537,0.707106781186558));
#2141=DIRECTION('center_axis',(1.,0.,0.));
#2142=DIRECTION('ref_axis',(0.,-0.707106781186537,0.707106781186558));
#2143=DIRECTION('',(-1.,0.,0.));
#2144=DIRECTION('center_axis',(-1.,0.,0.));
#2145=DIRECTION('ref_axis',(0.,-0.707106781186537,0.707106781186558));
#2146=DIRECTION('center_axis',(0.,-1.,0.));
#2147=DIRECTION('ref_axis',(0.,0.,1.));
#2148=DIRECTION('',(0.,0.,-1.));
#2149=DIRECTION('',(0.,0.,1.));
#2150=DIRECTION('center_axis',(0.,1.,0.));
#2151=DIRECTION('ref_axis',(1.,0.,0.));
#2152=DIRECTION('center_axis',(0.,1.,0.));
#2153=DIRECTION('ref_axis',(1.,0.,0.));
#2154=DIRECTION('center_axis',(-1.,0.,0.));
#2155=DIRECTION('ref_axis',(0.,0.707106781186554,-0.707106781186541));
#2156=DIRECTION('center_axis',(1.,0.,0.));
#2157=DIRECTION('ref_axis',(0.,0.707106781186554,-0.707106781186541));
#2158=DIRECTION('',(-1.,0.,0.));
#2159=DIRECTION('center_axis',(-1.,0.,0.));
#2160=DIRECTION('ref_axis',(0.,0.707106781186554,-0.707106781186541));
#2161=DIRECTION('center_axis',(0.,1.,-6.03723313516964E-17));
#2162=DIRECTION('ref_axis',(0.,-6.03723313516964E-17,-1.));
#2163=DIRECTION('',(0.,6.03723313516964E-17,1.));
#2164=DIRECTION('',(0.,-6.03723313516964E-17,-1.));
#2165=DIRECTION('center_axis',(0.,-1.,6.03723313516964E-17));
#2166=DIRECTION('ref_axis',(1.,0.,0.));
#2167=DIRECTION('center_axis',(0.,-1.,6.03723313516964E-17));
#2168=DIRECTION('ref_axis',(1.,0.,0.));
#2169=DIRECTION('center_axis',(1.,0.,-1.67029321993441E-16));
#2170=DIRECTION('ref_axis',(-1.18107566238555E-16,-0.707106781186541,-0.707106781186554));
#2171=DIRECTION('center_axis',(-1.,0.,0.));
#2172=DIRECTION('ref_axis',(0.,-0.707106781186541,-0.707106781186554));
#2173=DIRECTION('',(-1.,0.,1.67029321993441E-16));
#2174=DIRECTION('center_axis',(1.,0.,0.));
#2175=DIRECTION('ref_axis',(0.,-0.707106781186541,-0.707106781186554));
#2176=DIRECTION('',(1.,0.,-1.67029321993441E-16));
#2177=DIRECTION('center_axis',(-1.67029321993441E-16,0.,-1.));
#2178=DIRECTION('ref_axis',(1.,0.,-1.67029321993441E-16));
#2179=DIRECTION('',(0.,-1.,0.));
#2180=DIRECTION('',(-1.,0.,1.67029321993441E-16));
#2181=DIRECTION('',(0.,-1.,0.));
#2182=DIRECTION('center_axis',(-1.,0.,0.));
#2183=DIRECTION('ref_axis',(0.,0.,-1.));
#2184=DIRECTION('',(0.,0.,-1.));
#2185=DIRECTION('center_axis',(1.,0.,0.));
#2186=DIRECTION('ref_axis',(0.,-0.707106781186551,0.707106781186544));
#2187=DIRECTION('',(0.,-1.,0.));
#2188=DIRECTION('center_axis',(1.,0.,0.));
#2189=DIRECTION('ref_axis',(0.,0.707106781186551,0.707106781186544));
#2190=DIRECTION('',(0.,0.,1.));
#2191=DIRECTION('center_axis',(1.,0.,0.));
#2192=DIRECTION('ref_axis',(0.,0.707106781186541,-0.707106781186554));
#2193=DIRECTION('center_axis',(1.,0.,-1.67029321993441E-16));
#2194=DIRECTION('ref_axis',(-1.18107566238555E-16,0.707106781186541,-0.707106781186554));
#2195=DIRECTION('center_axis',(-1.,0.,0.));
#2196=DIRECTION('ref_axis',(0.,0.707106781186541,-0.707106781186554));
#2197=DIRECTION('',(1.,0.,-1.67029321993441E-16));
#2198=DIRECTION('',(1.,0.,-1.67029321993441E-16));
#2199=DIRECTION('center_axis',(-1.,0.,1.25271991495081E-16));
#2200=DIRECTION('ref_axis',(8.85806746789149E-17,0.707106781186551,0.707106781186544));
#2201=DIRECTION('',(1.,0.,-1.25271991495081E-16));
#2202=DIRECTION('center_axis',(-1.,0.,0.));
#2203=DIRECTION('ref_axis',(0.,0.707106781186551,0.707106781186544));
#2204=DIRECTION('',(-1.,0.,1.25271991495081E-16));
#2205=DIRECTION('',(-1.,0.,1.25271991495081E-16));
#2206=DIRECTION('center_axis',(1.25271991495081E-16,0.,1.));
#2207=DIRECTION('ref_axis',(-1.,0.,1.25271991495081E-16));
#2208=DIRECTION('',(-1.,0.,1.25271991495081E-16));
#2209=DIRECTION('',(0.,-1.,0.));
#2210=DIRECTION('center_axis',(-1.,0.,1.25271991495081E-16));
#2211=DIRECTION('ref_axis',(8.85806746789149E-17,-0.707106781186551,0.707106781186544));
#2212=DIRECTION('',(1.,0.,-1.25271991495081E-16));
#2213=DIRECTION('center_axis',(-1.,0.,0.));
#2214=DIRECTION('ref_axis',(0.,-0.707106781186551,0.707106781186544));
#2215=DIRECTION('center_axis',(0.,1.,0.));
#2216=DIRECTION('ref_axis',(1.,0.,0.));
#2217=DIRECTION('',(0.,0.,1.));
#2218=DIRECTION('center_axis',(0.,1.,0.));
#2219=DIRECTION('ref_axis',(1.,0.,0.));
#2220=DIRECTION('center_axis',(0.,1.,0.));
#2221=DIRECTION('ref_axis',(1.,0.,0.));
#2222=DIRECTION('center_axis',(0.,-1.,0.));
#2223=DIRECTION('ref_axis',(1.,0.,0.));
#2224=DIRECTION('',(0.,-1.,0.));
#2225=DIRECTION('center_axis',(0.,-1.,0.));
#2226=DIRECTION('ref_axis',(1.,0.,0.));
#2227=DIRECTION('',(0.,-1.,0.));
#2228=DIRECTION('center_axis',(1.,0.,0.));
#2229=DIRECTION('ref_axis',(0.,0.,1.));
#2230=DIRECTION('',(0.,0.,-1.));
#2231=DIRECTION('center_axis',(0.,1.,0.));
#2232=DIRECTION('ref_axis',(1.,0.,0.));
#2233=DIRECTION('',(0.599999999999999,0.,-0.8));
#2234=DIRECTION('',(-0.8,0.,-0.6));
#2235=DIRECTION('center_axis',(0.,1.,0.));
#2236=DIRECTION('ref_axis',(1.,0.,0.));
#2237=DIRECTION('',(-0.8,0.,-0.6));
#2238=DIRECTION('',(1.,0.,-8.0704363311739E-18));
#2239=DIRECTION('',(0.8,0.,0.6));
#2240=DIRECTION('center_axis',(0.,1.,0.));
#2241=DIRECTION('ref_axis',(1.,0.,0.));
#2242=DIRECTION('',(-0.8,0.,0.6));
#2243=DIRECTION('',(-0.599999999999999,0.,-0.8));
#2244=DIRECTION('center_axis',(0.,1.,0.));
#2245=DIRECTION('ref_axis',(1.,0.,0.));
#2246=DIRECTION('',(0.8,0.,-0.6));
#2247=DIRECTION('',(1.,0.,-8.0704363311739E-18));
#2248=DIRECTION('',(-0.8,0.,0.6));
#2249=DIRECTION('center_axis',(0.,1.,0.));
#2250=DIRECTION('ref_axis',(1.,0.,0.));
#2251=DIRECTION('',(0.,0.,-1.));
#2252=DIRECTION('',(-0.8,0.,-0.6));
#2253=DIRECTION('',(-0.600000000000001,0.,0.799999999999999));
#2254=DIRECTION('center_axis',(0.,1.,0.));
#2255=DIRECTION('ref_axis',(1.,0.,0.));
#2256=DIRECTION('',(-1.,0.,2.69014544372463E-18));
#2257=DIRECTION('',(-0.600000000000001,0.,0.799999999999999));
#2258=DIRECTION('',(0.8,0.,0.6));
#2259=DIRECTION('center_axis',(0.8,0.,0.599999999999999));
#2260=DIRECTION('ref_axis',(-0.424264068711933,-0.707106781186539,0.565685424949245));
#2261=DIRECTION('center_axis',(-0.8,0.,-0.6));
#2262=DIRECTION('ref_axis',(-0.424264068711934,-0.707106781186539,0.565685424949245));
#2263=DIRECTION('',(0.8,0.,0.599999999999999));
#2264=DIRECTION('center_axis',(0.799999999999999,0.,0.600000000000001));
#2265=DIRECTION('ref_axis',(-0.424264068711934,-0.707106781186539,0.565685424949244));
#2266=DIRECTION('',(-0.8,0.,-0.599999999999999));
#2267=DIRECTION('center_axis',(-0.599999999999999,0.,0.8));
#2268=DIRECTION('ref_axis',(0.,-1.,0.));
#2269=DIRECTION('',(0.,-1.,0.));
#2270=DIRECTION('',(-0.8,0.,-0.599999999999999));
#2271=DIRECTION('',(0.,1.,0.));
#2272=DIRECTION('center_axis',(0.8,0.,0.599999999999999));
#2273=DIRECTION('ref_axis',(-0.424264068711935,0.707106781186536,0.565685424949247));
#2274=DIRECTION('center_axis',(-0.8,0.,-0.6));
#2275=DIRECTION('ref_axis',(-0.424264068711935,0.707106781186536,0.565685424949247));
#2276=DIRECTION('',(0.8,0.,0.599999999999999));
#2277=DIRECTION('center_axis',(0.799999999999999,0.,0.600000000000001));
#2278=DIRECTION('ref_axis',(-0.424264068711936,0.707106781186536,0.565685424949247));
#2279=DIRECTION('center_axis',(0.,1.,0.));
#2280=DIRECTION('ref_axis',(-0.599999999999999,0.,0.8));
#2281=DIRECTION('',(-0.599999999999999,0.,0.8));
#2282=DIRECTION('',(-0.8,0.,-0.599999999999999));
#2283=DIRECTION('',(0.600000000000001,0.,-0.799999999999999));
#2284=DIRECTION('center_axis',(0.,-1.,0.));
#2285=DIRECTION('ref_axis',(1.,0.,0.));
#2286=DIRECTION('center_axis',(0.,-1.,0.));
#2287=DIRECTION('ref_axis',(1.,0.,0.));
#2288=DIRECTION('center_axis',(0.8,0.,0.599999999999999));
#2289=DIRECTION('ref_axis',(0.424264068711924,-0.707106781186555,-0.565685424949233));
#2290=DIRECTION('center_axis',(-0.8,0.,-0.6));
#2291=DIRECTION('ref_axis',(0.424264068711924,-0.707106781186554,-0.565685424949232));
#2292=DIRECTION('',(0.8,0.,0.599999999999999));
#2293=DIRECTION('center_axis',(0.799999999999999,0.,0.600000000000001));
#2294=DIRECTION('ref_axis',(0.424264068711925,-0.707106781186555,-0.565685424949232));
#2295=DIRECTION('',(-0.8,0.,-0.599999999999999));
#2296=DIRECTION('center_axis',(0.,-1.,0.));
#2297=DIRECTION('ref_axis',(0.599999999999999,0.,-0.8));
#2298=DIRECTION('',(-0.600000000000001,0.,0.799999999999999));
#2299=DIRECTION('',(0.599999999999999,0.,-0.8));
#2300=DIRECTION('center_axis',(0.,1.,0.));
#2301=DIRECTION('ref_axis',(1.,0.,0.));
#2302=DIRECTION('center_axis',(0.,1.,0.));
#2303=DIRECTION('ref_axis',(1.,0.,0.));
#2304=DIRECTION('center_axis',(0.8,0.,0.599999999999999));
#2305=DIRECTION('ref_axis',(0.424264068711925,0.707106781186553,-0.565685424949234));
#2306=DIRECTION('center_axis',(-0.8,0.,-0.6));
#2307=DIRECTION('ref_axis',(0.424264068711925,0.707106781186553,-0.565685424949234));
#2308=DIRECTION('',(0.8,0.,0.599999999999999));
#2309=DIRECTION('center_axis',(0.799999999999999,0.,0.600000000000001));
#2310=DIRECTION('ref_axis',(0.424264068711926,0.707106781186553,-0.565685424949233));
#2311=DIRECTION('center_axis',(0.599999999999999,0.,-0.8));
#2312=DIRECTION('ref_axis',(0.,1.,0.));
#2313=DIRECTION('',(0.,-1.,0.));
#2314=DIRECTION('',(0.,1.,0.));
#2315=DIRECTION('center_axis',(0.8,0.,0.6));
#2316=DIRECTION('ref_axis',(-0.424264068711927,0.707106781186549,0.565685424949237));
#2317=DIRECTION('center_axis',(-0.799999999999999,0.,-0.600000000000001));
#2318=DIRECTION('ref_axis',(-0.424264068711928,0.707106781186549,0.565685424949236));
#2319=DIRECTION('',(-0.8,0.,-0.6));
#2320=DIRECTION('center_axis',(0.8,0.,0.6));
#2321=DIRECTION('ref_axis',(-0.424264068711927,0.707106781186549,0.565685424949237));
#2322=DIRECTION('',(0.8,0.,0.6));
#2323=DIRECTION('center_axis',(-0.6,0.,0.8));
#2324=DIRECTION('ref_axis',(0.8,0.,0.6));
#2325=DIRECTION('',(0.,1.,0.));
#2326=DIRECTION('',(-0.8,0.,-0.6));
#2327=DIRECTION('',(0.,1.,0.));
#2328=DIRECTION('center_axis',(-0.8,0.,-0.6));
#2329=DIRECTION('ref_axis',(-0.6,0.,0.8));
#2330=DIRECTION('',(-0.599999999999999,0.,0.800000000000001));
#2331=DIRECTION('center_axis',(0.8,0.,0.6));
#2332=DIRECTION('ref_axis',(0.424264068711929,0.707106781186547,-0.565685424949239));
#2333=DIRECTION('',(0.,1.,0.));
#2334=DIRECTION('center_axis',(0.8,0.,0.6));
#2335=DIRECTION('ref_axis',(0.424264068711929,-0.707106781186547,-0.565685424949239));
#2336=DIRECTION('center_axis',(0.8,0.,0.6));
#2337=DIRECTION('ref_axis',(-0.424264068711928,-0.707106781186549,0.565685424949237));
#2338=DIRECTION('center_axis',(-0.8,0.,-0.6));
#2339=DIRECTION('ref_axis',(-0.424264068711928,-0.707106781186549,0.565685424949237));
#2340=DIRECTION('',(-0.8,0.,-0.6));
#2341=DIRECTION('center_axis',(-0.799999999999999,0.,-0.600000000000001));
#2342=DIRECTION('ref_axis',(-0.424264068711928,-0.707106781186549,0.565685424949236));
#2343=DIRECTION('center_axis',(0.8,0.,0.6));
#2344=DIRECTION('ref_axis',(0.424264068711929,-0.707106781186547,-0.565685424949239));
#2345=DIRECTION('center_axis',(-0.799999999999999,0.,-0.600000000000001));
#2346=DIRECTION('ref_axis',(0.42426406871193,-0.707106781186547,-0.565685424949238));
#2347=DIRECTION('',(0.8,0.,0.6));
#2348=DIRECTION('',(0.8,0.,0.6));
#2349=DIRECTION('center_axis',(0.6,0.,-0.8));
#2350=DIRECTION('ref_axis',(-0.8,0.,-0.6));
#2351=DIRECTION('',(-0.8,0.,-0.6));
#2352=DIRECTION('',(0.,1.,0.));
#2353=DIRECTION('center_axis',(-0.8,0.,-0.6));
#2354=DIRECTION('ref_axis',(0.424264068711929,0.707106781186547,-0.565685424949239));
#2355=DIRECTION('',(0.8,0.,0.6));
#2356=DIRECTION('center_axis',(-0.799999999999999,0.,-0.600000000000001));
#2357=DIRECTION('ref_axis',(0.42426406871193,0.707106781186547,-0.565685424949238));
#2358=DIRECTION('center_axis',(0.,1.,0.));
#2359=DIRECTION('ref_axis',(1.,0.,0.));
#2360=DIRECTION('',(0.600000000000001,0.,-0.799999999999999));
#2361=DIRECTION('center_axis',(0.,-1.,0.));
#2362=DIRECTION('ref_axis',(1.,0.,0.));
#2363=DIRECTION('center_axis',(0.,-1.,0.));
#2364=DIRECTION('ref_axis',(1.,0.,0.));
#2365=DIRECTION('center_axis',(0.,1.,0.));
#2366=DIRECTION('ref_axis',(1.,0.,0.));
#2367=DIRECTION('',(0.,1.,0.));
#2368=DIRECTION('center_axis',(0.,1.,0.));
#2369=DIRECTION('ref_axis',(1.,0.,0.));
#2370=DIRECTION('',(0.,1.,0.));
#2371=DIRECTION('center_axis',(0.,1.,0.));
#2372=DIRECTION('ref_axis',(1.,0.,0.));
#2373=DIRECTION('',(0.,1.,0.));
#2374=DIRECTION('center_axis',(0.799999999999999,0.,0.600000000000001));
#2375=DIRECTION('ref_axis',(0.600000000000001,0.,-0.799999999999999));
#2376=DIRECTION('',(-0.600000000000001,0.,0.799999999999999));
#2377=DIRECTION('center_axis',(0.,1.,0.));
#2378=DIRECTION('ref_axis',(1.,0.,0.));
#2379=DIRECTION('',(0.,0.,-1.));
#2380=DIRECTION('',(1.,0.,-8.0704363311739E-18));
#2381=DIRECTION('center_axis',(0.,1.,0.));
#2382=DIRECTION('ref_axis',(1.,0.,0.));
#2383=DIRECTION('',(-1.,0.,2.69014544372463E-18));
#2384=DIRECTION('',(0.,0.,-1.));
#2385=DIRECTION('center_axis',(0.,1.,0.));
#2386=DIRECTION('ref_axis',(1.,0.,0.));
#2387=DIRECTION('',(1.,0.,-8.0704363311739E-18));
#2388=DIRECTION('',(0.8,0.,-0.6));
#2389=DIRECTION('',(-1.,0.,2.69014544372463E-18));
#2390=DIRECTION('center_axis',(0.,1.,0.));
#2391=DIRECTION('ref_axis',(1.,0.,0.));
#2392=DIRECTION('',(0.,0.,1.));
#2393=DIRECTION('',(0.600000000000001,0.,0.799999999999999));
#2394=DIRECTION('',(-0.8,0.,0.6));
#2395=DIRECTION('center_axis',(0.,1.,0.));
#2396=DIRECTION('ref_axis',(1.,0.,0.));
#2397=DIRECTION('',(-1.,0.,2.69014544372463E-18));
#2398=DIRECTION('',(0.8,0.,-0.6));
#2399=DIRECTION('',(0.600000000000001,0.,0.799999999999999));
#2400=DIRECTION('center_axis',(0.799999999999999,0.,-0.600000000000002));
#2401=DIRECTION('ref_axis',(0.424264068711939,0.707106781186533,0.565685424949249));
#2402=DIRECTION('center_axis',(-0.799999999999999,0.,0.600000000000001));
#2403=DIRECTION('ref_axis',(0.424264068711938,0.707106781186533,0.565685424949249));
#2404=DIRECTION('',(0.799999999999999,0.,-0.600000000000002));
#2405=DIRECTION('center_axis',(0.8,0.,-0.6));
#2406=DIRECTION('ref_axis',(0.424264068711937,0.707106781186533,0.56568542494925));
#2407=DIRECTION('',(-0.799999999999999,0.,0.600000000000002));
#2408=DIRECTION('center_axis',(0.,1.,0.));
#2409=DIRECTION('ref_axis',(0.600000000000001,0.,0.799999999999999));
#2410=DIRECTION('',(0.600000000000001,0.,0.799999999999999));
#2411=DIRECTION('',(-0.799999999999999,0.,0.600000000000002));
#2412=DIRECTION('',(-0.599999999999999,0.,-0.8));
#2413=DIRECTION('center_axis',(0.,-1.,0.));
#2414=DIRECTION('ref_axis',(1.,0.,0.));
#2415=DIRECTION('center_axis',(0.,-1.,0.));
#2416=DIRECTION('ref_axis',(1.,0.,0.));
#2417=DIRECTION('center_axis',(0.799999999999999,0.,-0.600000000000002));
#2418=DIRECTION('ref_axis',(-0.424264068711907,0.707106781186586,-0.565685424949206));
#2419=DIRECTION('center_axis',(-0.799999999999999,0.,0.600000000000001));
#2420=DIRECTION('ref_axis',(-0.424264068711906,0.707106781186586,-0.565685424949207));
#2421=DIRECTION('',(0.799999999999999,0.,-0.600000000000002));
#2422=DIRECTION('center_axis',(0.8,0.,-0.6));
#2423=DIRECTION('ref_axis',(-0.424264068711906,0.707106781186586,-0.565685424949207));
#2424=DIRECTION('center_axis',(-0.600000000000002,5.91645678915759E-31,
-0.799999999999999));
#2425=DIRECTION('ref_axis',(5.79755244749581E-16,1.,-4.34816433562187E-16));
#2426=DIRECTION('',(3.54987407349456E-31,1.,4.73316543132607E-31));
#2427=DIRECTION('',(-0.799999999999999,0.,0.600000000000002));
#2428=DIRECTION('',(-3.54987407349455E-31,-1.,-4.73316543132607E-31));
#2429=DIRECTION('center_axis',(0.799999999999999,0.,-0.600000000000002));
#2430=DIRECTION('ref_axis',(-0.424264068711912,-0.707106781186578,-0.565685424949213));
#2431=DIRECTION('center_axis',(-0.799999999999999,0.,0.600000000000001));
#2432=DIRECTION('ref_axis',(-0.424264068711911,-0.707106781186578,-0.565685424949213));
#2433=DIRECTION('',(0.799999999999999,0.,-0.600000000000002));
#2434=DIRECTION('center_axis',(0.8,0.,-0.6));
#2435=DIRECTION('ref_axis',(-0.42426406871191,-0.707106781186578,-0.565685424949214));
#2436=DIRECTION('center_axis',(0.,-1.,0.));
#2437=DIRECTION('ref_axis',(-0.600000000000002,0.,-0.799999999999999));
#2438=DIRECTION('',(-0.600000000000001,0.,-0.799999999999999));
#2439=DIRECTION('',(-0.799999999999999,0.,0.600000000000002));
#2440=DIRECTION('',(0.599999999999999,0.,0.8));
#2441=DIRECTION('center_axis',(0.,1.,0.));
#2442=DIRECTION('ref_axis',(1.,0.,0.));
#2443=DIRECTION('center_axis',(0.,1.,0.));
#2444=DIRECTION('ref_axis',(1.,0.,0.));
#2445=DIRECTION('center_axis',(0.799999999999999,0.,-0.600000000000002));
#2446=DIRECTION('ref_axis',(0.424264068711943,-0.707106781186526,0.565685424949255));
#2447=DIRECTION('center_axis',(-0.799999999999999,0.,0.600000000000001));
#2448=DIRECTION('ref_axis',(0.424264068711942,-0.707106781186525,0.565685424949255));
#2449=DIRECTION('',(0.799999999999999,0.,-0.600000000000002));
#2450=DIRECTION('center_axis',(0.8,0.,-0.6));
#2451=DIRECTION('ref_axis',(0.424264068711942,-0.707106781186525,0.565685424949256));
#2452=DIRECTION('center_axis',(0.600000000000002,0.,0.799999999999999));
#2453=DIRECTION('ref_axis',(0.,-1.,0.));
#2454=DIRECTION('',(0.,1.,0.));
#2455=DIRECTION('',(0.,-1.,0.));
#2456=DIRECTION('center_axis',(-0.8,0.,0.6));
#2457=DIRECTION('ref_axis',(-0.424264068711928,-0.707106781186549,-0.565685424949237));
#2458=DIRECTION('center_axis',(0.799999999999999,0.,-0.600000000000001));
#2459=DIRECTION('ref_axis',(-0.424264068711928,-0.707106781186549,-0.565685424949236));
#2460=DIRECTION('',(0.8,0.,-0.6));
#2461=DIRECTION('center_axis',(-0.8,0.,0.6));
#2462=DIRECTION('ref_axis',(-0.424264068711928,-0.707106781186549,-0.565685424949237));
#2463=DIRECTION('',(-0.8,0.,0.6));
#2464=DIRECTION('center_axis',(-0.799999999999999,0.,0.600000000000001));
#2465=DIRECTION('ref_axis',(0.600000000000001,0.,0.799999999999999));
#2466=DIRECTION('',(-0.600000000000001,0.,-0.799999999999999));
#2467=DIRECTION('center_axis',(0.799999999999999,0.,-0.600000000000001));
#2468=DIRECTION('ref_axis',(0.424264068711929,-0.707106781186548,0.565685424949237));
#2469=DIRECTION('',(0.,1.,0.));
#2470=DIRECTION('center_axis',(0.799999999999999,0.,-0.600000000000001));
#2471=DIRECTION('ref_axis',(0.424264068711929,0.707106781186548,0.565685424949237));
#2472=DIRECTION('',(0.600000000000001,0.,0.799999999999999));
#2473=DIRECTION('center_axis',(0.799999999999999,0.,-0.600000000000001));
#2474=DIRECTION('ref_axis',(-0.424264068711928,0.707106781186549,-0.565685424949236));
#2475=DIRECTION('',(0.,1.,0.));
#2476=DIRECTION('center_axis',(0.8,0.,-0.6));
#2477=DIRECTION('ref_axis',(0.424264068711928,-0.707106781186548,0.565685424949238));
#2478=DIRECTION('center_axis',(-0.8,0.,0.6));
#2479=DIRECTION('ref_axis',(0.424264068711928,-0.707106781186548,0.565685424949238));
#2480=DIRECTION('',(-0.8,0.,0.6));
#2481=DIRECTION('center_axis',(0.8,0.,-0.6));
#2482=DIRECTION('ref_axis',(0.424264068711928,0.707106781186548,0.565685424949237));
#2483=DIRECTION('center_axis',(-0.8,0.,0.6));
#2484=DIRECTION('ref_axis',(0.424264068711928,0.707106781186548,0.565685424949237));
#2485=DIRECTION('',(-0.8,0.,0.6));
#2486=DIRECTION('',(0.8,0.,-0.6));
#2487=DIRECTION('center_axis',(0.,1.,0.));
#2488=DIRECTION('ref_axis',(1.,0.,0.));
#2489=DIRECTION('',(-0.599999999999999,0.,-0.800000000000001));
#2490=DIRECTION('',(0.8,0.,-0.6));
#2491=DIRECTION('center_axis',(0.,-1.,0.));
#2492=DIRECTION('ref_axis',(1.,0.,0.));
#2493=DIRECTION('center_axis',(0.,-1.,0.));
#2494=DIRECTION('ref_axis',(1.,0.,0.));
#2495=DIRECTION('center_axis',(0.8,0.,-0.6));
#2496=DIRECTION('ref_axis',(-0.6,0.,-0.8));
#2497=DIRECTION('',(0.,1.,0.));
#2498=DIRECTION('center_axis',(-0.8,0.,0.6));
#2499=DIRECTION('ref_axis',(-0.424264068711927,0.707106781186549,-0.565685424949237));
#2500=DIRECTION('',(0.,1.,0.));
#2501=DIRECTION('center_axis',(-0.8,0.,0.6));
#2502=DIRECTION('ref_axis',(-0.424264068711927,0.707106781186549,-0.565685424949237));
#2503=DIRECTION('',(-0.8,0.,0.6));
#2504=DIRECTION('center_axis',(-0.6,0.,-0.8));
#2505=DIRECTION('ref_axis',(-0.8,0.,0.6));
#2506=DIRECTION('center_axis',(0.,1.,0.));
#2507=DIRECTION('ref_axis',(1.,0.,0.));
#2508=DIRECTION('',(0.,1.,0.));
#2509=DIRECTION('center_axis',(0.,1.,0.));
#2510=DIRECTION('ref_axis',(1.,0.,0.));
#2511=DIRECTION('',(0.,1.,0.));
#2512=DIRECTION('center_axis',(0.,1.,0.));
#2513=DIRECTION('ref_axis',(1.,0.,0.));
#2514=DIRECTION('',(0.,1.,0.));
#2515=DIRECTION('center_axis',(0.6,0.,0.8));
#2516=DIRECTION('ref_axis',(0.8,0.,-0.6));
#2517=DIRECTION('center_axis',(0.,1.,0.));
#2518=DIRECTION('ref_axis',(1.,0.,0.));
#2519=DIRECTION('',(0.,0.,1.));
#2520=DIRECTION('',(-1.,0.,2.69014544372463E-18));
#2521=DIRECTION('center_axis',(-1.,0.,0.));
#2522=DIRECTION('ref_axis',(0.,-0.707106781186547,0.707106781186547));
#2523=DIRECTION('center_axis',(1.,0.,0.));
#2524=DIRECTION('ref_axis',(0.,-0.707106781186547,0.707106781186547));
#2525=DIRECTION('',(-1.,0.,0.));
#2526=DIRECTION('center_axis',(-1.,0.,0.));
#2527=DIRECTION('ref_axis',(0.,-0.707106781186547,0.707106781186547));
#2528=DIRECTION('',(1.,0.,0.));
#2529=DIRECTION('center_axis',(0.,-1.,0.));
#2530=DIRECTION('ref_axis',(0.,0.,1.));
#2531=DIRECTION('',(0.,0.,1.));
#2532=DIRECTION('',(1.,0.,0.));
#2533=DIRECTION('',(0.,0.,-1.));
#2534=DIRECTION('center_axis',(0.,1.,0.));
#2535=DIRECTION('ref_axis',(1.,0.,0.));
#2536=DIRECTION('center_axis',(0.,1.,0.));
#2537=DIRECTION('ref_axis',(1.,0.,0.));
#2538=DIRECTION('center_axis',(-1.,0.,0.));
#2539=DIRECTION('ref_axis',(0.,0.707106781186547,0.707106781186548));
#2540=DIRECTION('center_axis',(1.,0.,0.));
#2541=DIRECTION('ref_axis',(0.,0.707106781186547,0.707106781186548));
#2542=DIRECTION('',(-1.,0.,0.));
#2543=DIRECTION('center_axis',(-1.,0.,0.));
#2544=DIRECTION('ref_axis',(0.,0.707106781186547,0.707106781186548));
#2545=DIRECTION('',(1.,0.,0.));
#2546=DIRECTION('center_axis',(0.,0.,1.));
#2547=DIRECTION('ref_axis',(0.,1.,0.));
#2548=DIRECTION('',(0.,-1.,0.));
#2549=DIRECTION('',(0.,1.,0.));
#2550=DIRECTION('center_axis',(-1.,0.,0.));
#2551=DIRECTION('ref_axis',(0.,0.707106781186549,-0.707106781186546));
#2552=DIRECTION('center_axis',(1.,0.,0.));
#2553=DIRECTION('ref_axis',(0.,0.707106781186549,-0.707106781186546));
#2554=DIRECTION('',(-1.,0.,0.));
#2555=DIRECTION('center_axis',(-1.,0.,0.));
#2556=DIRECTION('ref_axis',(0.,0.707106781186549,-0.707106781186546));
#2557=DIRECTION('',(1.,0.,0.));
#2558=DIRECTION('center_axis',(0.,1.,-6.03723313516965E-17));
#2559=DIRECTION('ref_axis',(0.,-6.03723313516965E-17,-1.));
#2560=DIRECTION('',(0.,6.03723313516965E-17,1.));
#2561=DIRECTION('',(0.,-6.03723313516965E-17,-1.));
#2562=DIRECTION('center_axis',(0.,-1.,6.03723313516965E-17));
#2563=DIRECTION('ref_axis',(1.,0.,0.));
#2564=DIRECTION('center_axis',(0.,-1.,6.03723313516965E-17));
#2565=DIRECTION('ref_axis',(1.,0.,0.));
#2566=DIRECTION('center_axis',(-1.,0.,0.));
#2567=DIRECTION('ref_axis',(0.,-0.707106781186547,-0.707106781186547));
#2568=DIRECTION('center_axis',(1.,0.,0.));
#2569=DIRECTION('ref_axis',(0.,-0.707106781186547,-0.707106781186547));
#2570=DIRECTION('',(-1.,0.,0.));
#2571=DIRECTION('center_axis',(-1.,0.,0.));
#2572=DIRECTION('ref_axis',(0.,-0.707106781186547,-0.707106781186547));
#2573=DIRECTION('center_axis',(0.,0.,-1.));
#2574=DIRECTION('ref_axis',(0.,-1.,0.));
#2575=DIRECTION('',(0.,1.,0.));
#2576=DIRECTION('',(0.,-1.,0.));
#2577=DIRECTION('center_axis',(-1.,0.,2.69014544372463E-18));
#2578=DIRECTION('ref_axis',(1.90222008563578E-18,-0.707106781186548,0.707106781186547));
#2579=DIRECTION('center_axis',(1.,0.,0.));
#2580=DIRECTION('ref_axis',(0.,-0.707106781186548,0.707106781186547));
#2581=DIRECTION('',(1.,0.,-2.69014544372463E-18));
#2582=DIRECTION('center_axis',(-1.,0.,0.));
#2583=DIRECTION('ref_axis',(0.,-0.707106781186548,0.707106781186547));
#2584=DIRECTION('',(-1.,0.,2.69014544372463E-18));
#2585=DIRECTION('center_axis',(2.69014544372463E-18,0.,1.));
#2586=DIRECTION('ref_axis',(-1.,0.,2.69014544372463E-18));
#2587=DIRECTION('',(0.,-1.,0.));
#2588=DIRECTION('',(1.,0.,-2.69014544372463E-18));
#2589=DIRECTION('',(0.,-1.,0.));
#2590=DIRECTION('center_axis',(1.,0.,0.));
#2591=DIRECTION('ref_axis',(0.,0.,1.));
#2592=DIRECTION('',(0.,0.,1.));
#2593=DIRECTION('center_axis',(-1.,0.,0.));
#2594=DIRECTION('ref_axis',(0.,-0.707106781186548,-0.707106781186547));
#2595=DIRECTION('',(0.,-1.,0.));
#2596=DIRECTION('center_axis',(-1.,0.,0.));
#2597=DIRECTION('ref_axis',(0.,0.707106781186547,-0.707106781186547));
#2598=DIRECTION('center_axis',(-1.,0.,0.));
#2599=DIRECTION('ref_axis',(0.,0.707106781186547,0.707106781186547));
#2600=DIRECTION('center_axis',(1.,0.,-2.69014544372463E-18));
#2601=DIRECTION('ref_axis',(1.90222008563578E-18,0.707106781186547,0.707106781186547));
#2602=DIRECTION('center_axis',(1.,0.,0.));
#2603=DIRECTION('ref_axis',(0.,0.707106781186547,0.707106781186547));
#2604=DIRECTION('center_axis',(0.,1.,0.));
#2605=DIRECTION('ref_axis',(1.,0.,0.));
#2606=DIRECTION('',(1.,0.,-8.0704363311739E-18));
#2607=DIRECTION('',(0.,0.,1.));
#2608=DIRECTION('center_axis',(1.,0.,-8.0704363311739E-18));
#2609=DIRECTION('ref_axis',(-5.70666025690734E-18,-0.707106781186548,-0.707106781186547));
#2610=DIRECTION('',(-1.,0.,8.0704363311739E-18));
#2611=DIRECTION('center_axis',(1.,0.,0.));
#2612=DIRECTION('ref_axis',(0.,-0.707106781186548,-0.707106781186547));
#2613=DIRECTION('',(1.,0.,-8.0704363311739E-18));
#2614=DIRECTION('center_axis',(-8.0704363311739E-18,0.,-1.));
#2615=DIRECTION('ref_axis',(1.,0.,-8.0704363311739E-18));
#2616=DIRECTION('',(0.,-1.,0.));
#2617=DIRECTION('',(-1.,0.,8.0704363311739E-18));
#2618=DIRECTION('center_axis',(-1.,0.,8.0704363311739E-18));
#2619=DIRECTION('ref_axis',(-5.70666025690735E-18,0.707106781186547,-0.707106781186547));
#2620=DIRECTION('center_axis',(1.,0.,0.));
#2621=DIRECTION('ref_axis',(0.,0.707106781186547,-0.707106781186547));
#2622=DIRECTION('center_axis',(0.,-1.,0.));
#2623=DIRECTION('ref_axis',(1.,0.,0.));
#2624=DIRECTION('',(0.,-1.,0.));
#2625=DIRECTION('center_axis',(0.,-1.,0.));
#2626=DIRECTION('ref_axis',(1.,0.,0.));
#2627=DIRECTION('',(0.,-1.,0.));
#2628=DIRECTION('center_axis',(0.,-1.,0.));
#2629=DIRECTION('ref_axis',(1.,0.,0.));
#2630=DIRECTION('',(0.,-1.,0.));
#2631=DIRECTION('center_axis',(0.,1.,0.));
#2632=DIRECTION('ref_axis',(1.,0.,0.));
#2633=DIRECTION('center_axis',(0.,-1.,0.));
#2634=DIRECTION('ref_axis',(1.,0.,0.));
#2635=DIRECTION('',(0.,-1.,0.));
#2636=DIRECTION('center_axis',(0.,1.,0.));
#2637=DIRECTION('ref_axis',(1.,0.,0.));
#2638=DIRECTION('center_axis',(-1.,0.,0.));
#2639=DIRECTION('ref_axis',(0.,0.,-1.));
#2640=DIRECTION('',(0.,0.,-1.));
#2641=DIRECTION('center_axis',(0.,1.,0.));
#2642=DIRECTION('ref_axis',(1.,0.,0.));
#2643=DIRECTION('',(0.,0.,1.));
#2644=DIRECTION('',(1.,0.,0.));
#2645=CARTESIAN_POINT('',(0.,0.,0.));
#2646=CARTESIAN_POINT('',(0.,0.,0.));
#2647=CARTESIAN_POINT('Origin',(0.,0.,-30.));
#2648=CARTESIAN_POINT('',(-40.6773333333336,0.,-32.0319999999999));
#2649=CARTESIAN_POINT('',(-42.5399999999999,0.,-30.6350000000001));
#2650=CARTESIAN_POINT('',(-50.2032000000001,0.,-24.8876));
#2651=CARTESIAN_POINT('',(-42.5399999999999,0.,-32.0319999999999));
#2652=CARTESIAN_POINT('',(-21.27,0.,-32.0319999999999));
#2653=CARTESIAN_POINT('',(-42.5399999999999,0.,-27.46));
#2654=CARTESIAN_POINT('Origin',(0.,0.,-30.));
#2655=CARTESIAN_POINT('',(42.5399999999999,0.,-30.6350000000001));
#2656=CARTESIAN_POINT('',(40.6773333333335,0.,-32.0319999999999));
#2657=CARTESIAN_POINT('',(72.2352,0.,-8.36360000000001));
#2658=CARTESIAN_POINT('',(42.5399999999999,0.,-32.0319999999999));
#2659=CARTESIAN_POINT('',(42.5399999999999,0.,-32.54));
#2660=CARTESIAN_POINT('',(-21.27,0.,-32.0319999999999));
#2661=CARTESIAN_POINT('Origin',(0.,0.,-30.));
#2662=CARTESIAN_POINT('',(36.7487999999999,0.,-29.8984));
#2663=CARTESIAN_POINT('',(39.3226666666667,0.,-27.968));
#2664=CARTESIAN_POINT('',(47.7648000000001,0.,-21.6364));
#2665=CARTESIAN_POINT('',(38.3489999999998,0.,-32.0319999999999));
#2666=CARTESIAN_POINT('',(36.4439999999999,0.,-29.492));
#2667=CARTESIAN_POINT('',(-38.3489999999998,0.,-32.0319999999999));
#2668=CARTESIAN_POINT('',(-21.27,0.,-32.0319999999999));
#2669=CARTESIAN_POINT('',(-36.7487999999999,0.,-29.8984));
#2670=CARTESIAN_POINT('',(-36.4439999999999,0.,-29.492));
#2671=CARTESIAN_POINT('',(-39.3226666666667,0.,-27.968));
#2672=CARTESIAN_POINT('',(-69.7968,0.,-5.1124));
#2673=CARTESIAN_POINT('',(21.27,0.,-27.968));
#2674=CARTESIAN_POINT('Origin',(42.5399999999999,-0.361949999999997,-27.82195));
#2675=CARTESIAN_POINT('',(42.5399999999999,-0.241299999999997,-27.82195));
#2676=CARTESIAN_POINT('',(42.5399999999999,-0.361949999999997,-27.7013));
#2677=CARTESIAN_POINT('Origin',(42.5399999999999,-0.361949999999997,-27.82195));
#2678=CARTESIAN_POINT('',(-42.5399999999999,-0.361949999999997,-27.7013));
#2679=CARTESIAN_POINT('',(42.5399999999999,-0.361949999999997,-27.7013));
#2680=CARTESIAN_POINT('',(-42.5399999999999,-0.241299999999997,-27.82195));
#2681=CARTESIAN_POINT('Origin',(-42.5399999999999,-0.361949999999997,-27.82195));
#2682=CARTESIAN_POINT('',(42.5399999999999,-0.241299999999997,-27.82195));
#2683=CARTESIAN_POINT('Origin',(42.5399999999999,-4.8387,-27.7013));
#2684=CARTESIAN_POINT('',(42.5399999999999,-4.71805000000001,-27.7013));
#2685=CARTESIAN_POINT('',(42.5399999999999,-2.41935,-27.7013));
#2686=CARTESIAN_POINT('',(-42.5399999999999,-4.71805000000001,-27.7013));
#2687=CARTESIAN_POINT('',(42.5399999999999,-4.71805000000001,-27.7013));
#2688=CARTESIAN_POINT('',(-42.5399999999999,-2.41935,-27.7013));
#2689=CARTESIAN_POINT('Origin',(42.5399999999999,-4.71805000000001,-32.17805));
#2690=CARTESIAN_POINT('',(42.5399999999999,-4.8387,-32.17805));
#2691=CARTESIAN_POINT('',(42.5399999999999,-4.71805000000001,-32.2986999999999));
#2692=CARTESIAN_POINT('Origin',(42.5399999999999,-4.71805000000001,-32.17805));
#2693=CARTESIAN_POINT('',(-42.5399999999999,-4.71805000000001,-32.2986999999999));
#2694=CARTESIAN_POINT('',(42.5399999999999,-4.71805000000001,-32.2986999999999));
#2695=CARTESIAN_POINT('',(-42.5399999999999,-4.8387,-32.17805));
#2696=CARTESIAN_POINT('Origin',(-42.5399999999999,-4.71805000000001,-32.17805));
#2697=CARTESIAN_POINT('',(42.5399999999999,-4.8387,-32.17805));
#2698=CARTESIAN_POINT('Origin',(42.5399999999999,-0.241299999999997,-32.2986999999999));
#2699=CARTESIAN_POINT('',(42.5399999999999,-0.361949999999997,-32.2986999999999));
#2700=CARTESIAN_POINT('',(42.5399999999999,-0.120649999999999,-32.2986999999999));
#2701=CARTESIAN_POINT('',(-42.5399999999999,-0.361949999999997,-32.2986999999999));
#2702=CARTESIAN_POINT('',(42.5399999999999,-0.361949999999997,-32.2986999999999));
#2703=CARTESIAN_POINT('',(-42.5399999999999,-0.120649999999999,-32.2986999999999));
#2704=CARTESIAN_POINT('Origin',(42.5399999999999,-4.71805000000001,-27.82195));
#2705=CARTESIAN_POINT('',(42.5399999999999,-4.8387,-27.82195));
#2706=CARTESIAN_POINT('Origin',(42.5399999999999,-4.71805000000001,-27.82195));
#2707=CARTESIAN_POINT('',(-42.5399999999999,-4.8387,-27.82195));
#2708=CARTESIAN_POINT('',(42.5399999999999,-4.8387,-27.82195));
#2709=CARTESIAN_POINT('Origin',(-42.5399999999999,-4.71805000000001,-27.82195));
#2710=CARTESIAN_POINT('Origin',(42.5399999999999,-4.8387,-32.2986999999999));
#2711=CARTESIAN_POINT('',(-42.5399999999999,-4.8387,-29.87935));
#2712=CARTESIAN_POINT('',(42.5399999999999,-4.8387,-32.4193500000001));
#2713=CARTESIAN_POINT('',(-40.7300000000001,-4.8387,-30.));
#2714=CARTESIAN_POINT('Origin',(-40.,-4.8387,-30.));
#2715=CARTESIAN_POINT('',(39.2699999999999,-4.8387,-30.));
#2716=CARTESIAN_POINT('Origin',(40.,-4.8387,-30.));
#2717=CARTESIAN_POINT('Origin',(42.5399999999999,-0.361949999999997,-32.17805));
#2718=CARTESIAN_POINT('',(42.5399999999999,-0.241299999999997,-32.17805));
#2719=CARTESIAN_POINT('Origin',(42.5399999999999,-0.361949999999997,-32.17805));
#2720=CARTESIAN_POINT('',(-42.5399999999999,-0.241299999999997,-32.17805));
#2721=CARTESIAN_POINT('',(42.5399999999999,-0.241299999999997,-32.17805));
#2722=CARTESIAN_POINT('Origin',(-42.5399999999999,-0.361949999999997,-32.17805));
#2723=CARTESIAN_POINT('Origin',(42.5399999999999,-0.241299999999997,-27.7013));
#2724=CARTESIAN_POINT('',(-42.5399999999999,-0.241299999999997,-27.58065));
#2725=CARTESIAN_POINT('',(42.5399999999999,-0.241299999999997,-30.12065));
#2726=CARTESIAN_POINT('',(-40.7300000000001,-0.241299999999997,-30.));
#2727=CARTESIAN_POINT('Origin',(-40.,-0.241299999999997,-30.));
#2728=CARTESIAN_POINT('',(39.2699999999999,-0.241299999999997,-30.));
#2729=CARTESIAN_POINT('Origin',(40.,-0.241299999999997,-30.));
#2730=CARTESIAN_POINT('Origin',(-21.27,-4.572,-32.0319999999999));
#2731=CARTESIAN_POINT('',(42.5399999999999,-4.572,-32.54));
#2732=CARTESIAN_POINT('',(42.5399999999999,-5.08000000000001,-32.0319999999999));
#2733=CARTESIAN_POINT('Origin',(42.5399999999999,-4.572,-32.0319999999999));
#2734=CARTESIAN_POINT('',(-42.5399999999999,-5.08000000000001,-32.0319999999999));
#2735=CARTESIAN_POINT('',(-21.27,-5.08000000000001,-32.0319999999999));
#2736=CARTESIAN_POINT('',(-42.5399999999999,-4.572,-32.54));
#2737=CARTESIAN_POINT('Origin',(-42.5399999999999,-4.572,-32.0319999999999));
#2738=CARTESIAN_POINT('',(-21.27,-4.572,-32.54));
#2739=CARTESIAN_POINT('Origin',(-42.5399999999999,0.,-32.54));
#2740=CARTESIAN_POINT('',(-42.5399999999999,-0.508000000000001,-32.54));
#2741=CARTESIAN_POINT('',(-42.5399999999999,0.,-32.54));
#2742=CARTESIAN_POINT('',(42.5399999999999,-0.508000000000001,-32.54));
#2743=CARTESIAN_POINT('',(-21.27,-0.508000000000001,-32.54));
#2744=CARTESIAN_POINT('',(42.5399999999999,0.,-32.54));
#2745=CARTESIAN_POINT('Origin',(-42.5399999999999,0.,-27.46));
#2746=CARTESIAN_POINT('',(-42.5399999999999,-5.08000000000001,-27.968));
#2747=CARTESIAN_POINT('',(-42.5399999999999,-5.08000000000001,-27.46));
#2748=CARTESIAN_POINT('',(-42.5399999999999,-4.572,-27.46));
#2749=CARTESIAN_POINT('Origin',(-42.5399999999999,-4.572,-27.968));
#2750=CARTESIAN_POINT('',(-42.5399999999999,-0.508000000000001,-27.46));
#2751=CARTESIAN_POINT('',(-42.5399999999999,0.,-27.46));
#2752=CARTESIAN_POINT('',(-42.5399999999999,0.,-27.968));
#2753=CARTESIAN_POINT('Origin',(-42.5399999999999,-0.508000000000001,-27.968));
#2754=CARTESIAN_POINT('',(-42.5399999999999,0.,-21.23));
#2755=CARTESIAN_POINT('Origin',(-42.5399999999999,-0.508000000000001,-32.0319999999999));
#2756=CARTESIAN_POINT('Origin',(-21.27,-0.508000000000001,-32.0319999999999));
#2757=CARTESIAN_POINT('Origin',(42.5399999999999,-0.508000000000001,-32.0319999999999));
#2758=CARTESIAN_POINT('',(-21.27,0.,-32.0319999999999));
#2759=CARTESIAN_POINT('',(-21.27,0.,-32.0319999999999));
#2760=CARTESIAN_POINT('Origin',(21.27,-0.508000000000001,-27.968));
#2761=CARTESIAN_POINT('',(42.5399999999999,-0.508000000000001,-27.46));
#2762=CARTESIAN_POINT('',(21.27,-0.508000000000001,-27.46));
#2763=CARTESIAN_POINT('',(42.5399999999999,0.,-27.968));
#2764=CARTESIAN_POINT('Origin',(42.5399999999999,-0.508000000000001,-27.968));
#2765=CARTESIAN_POINT('',(21.27,0.,-27.968));
#2766=CARTESIAN_POINT('',(21.27,0.,-27.968));
#2767=CARTESIAN_POINT('Origin',(42.5399999999999,0.,-27.46));
#2768=CARTESIAN_POINT('',(42.5399999999999,-4.572,-27.46));
#2769=CARTESIAN_POINT('',(21.27,-4.572,-27.46));
#2770=CARTESIAN_POINT('',(42.5399999999999,0.,-27.46));
#2771=CARTESIAN_POINT('Origin',(21.27,-4.572,-27.968));
#2772=CARTESIAN_POINT('',(42.5399999999999,-5.08000000000001,-27.968));
#2773=CARTESIAN_POINT('',(21.27,-5.08000000000001,-27.968));
#2774=CARTESIAN_POINT('Origin',(42.5399999999999,-4.572,-27.968));
#2775=CARTESIAN_POINT('Origin',(0.,-5.08000000000001,-30.));
#2776=CARTESIAN_POINT('',(42.5399999999999,-5.08000000000001,-32.54));
#2777=CARTESIAN_POINT('',(39.2699999999999,-5.08000000000001,-30.));
#2778=CARTESIAN_POINT('Origin',(40.,-5.08000000000001,-30.));
#2779=CARTESIAN_POINT('',(-40.7300000000001,-5.08000000000001,-30.));
#2780=CARTESIAN_POINT('Origin',(-40.,-5.08000000000001,-30.));
#2781=CARTESIAN_POINT('Origin',(40.,0.,-30.));
#2782=CARTESIAN_POINT('',(39.27,0.,-30.));
#2783=CARTESIAN_POINT('Origin',(-40.,0.,-30.));
#2784=CARTESIAN_POINT('',(-40.73,0.,-30.));
#2785=CARTESIAN_POINT('Origin',(42.5399999999999,0.,-32.54));
#2786=CARTESIAN_POINT('',(42.5399999999999,0.,-23.77));
#2787=CARTESIAN_POINT('Origin',(59.9999999999999,0.,-15.));
#2788=CARTESIAN_POINT('',(39.1871999999999,0.,-33.1496));
#2789=CARTESIAN_POINT('',(36.4439999999999,0.,-29.492));
#2790=CARTESIAN_POINT('',(72.2352,0.,-8.36360000000001));
#2791=CARTESIAN_POINT('Origin',(59.9999999999999,0.,-15.));
#2792=CARTESIAN_POINT('',(80.6773333333334,0.,-2.032));
#2793=CARTESIAN_POINT('',(72.2352,0.,-8.36360000000001));
#2794=CARTESIAN_POINT('',(73.9040000000001,0.,-2.032));
#2795=CARTESIAN_POINT('',(-41.2700000000001,0.,-2.032));
#2796=CARTESIAN_POINT('',(47.7648000000001,0.,-21.6364));
#2797=CARTESIAN_POINT('Origin',(-59.9999999999999,0.,-15.));
#2798=CARTESIAN_POINT('',(-39.1871999999999,0.,-33.1496));
#2799=CARTESIAN_POINT('',(-50.2032000000001,0.,-24.8876));
#2800=CARTESIAN_POINT('',(-36.4439999999999,0.,-29.492));
#2801=CARTESIAN_POINT('Origin',(-59.9999999999999,0.,-15.));
#2802=CARTESIAN_POINT('',(-73.904,0.,-2.032));
#2803=CARTESIAN_POINT('',(-69.7968,0.,-5.1124));
#2804=CARTESIAN_POINT('',(-80.6773333333334,0.,-2.03199999999999));
#2805=CARTESIAN_POINT('',(-41.2700000000001,0.,-2.032));
#2806=CARTESIAN_POINT('',(-50.2032000000001,0.,-24.8876));
#2807=CARTESIAN_POINT('Origin',(59.9999999999999,0.,-15.));
#2808=CARTESIAN_POINT('',(82.5399999999999,0.,0.846666666666928));
#2809=CARTESIAN_POINT('',(82.5399999999999,0.,-0.635000000000078));
#2810=CARTESIAN_POINT('',(82.5399999999999,0.,2.54));
#2811=CARTESIAN_POINT('',(83.2512000000001,0.,-0.101600000000008));
#2812=CARTESIAN_POINT('',(72.2352,0.,-8.36360000000001));
#2813=CARTESIAN_POINT('',(83.5560000000001,0.,-0.508000000000007));
#2814=CARTESIAN_POINT('Origin',(59.9999999999999,0.,-15.));
#2815=CARTESIAN_POINT('',(81.6510000000001,0.,2.032));
#2816=CARTESIAN_POINT('',(79.3226666666667,0.,2.032));
#2817=CARTESIAN_POINT('',(41.2700000000001,0.,2.032));
#2818=CARTESIAN_POINT('',(80.8127999999998,0.,3.14959999999999));
#2819=CARTESIAN_POINT('',(83.5560000000001,0.,-0.508000000000007));
#2820=CARTESIAN_POINT('',(47.7648000000001,0.,-21.6364));
#2821=CARTESIAN_POINT('Origin',(36.6611699999999,0.361950000000018,-29.78156));
#2822=CARTESIAN_POINT('',(36.6611699999999,0.241300000000017,-29.78156));
#2823=CARTESIAN_POINT('',(36.5887799999999,0.361950000000018,-29.68504));
#2824=CARTESIAN_POINT('Origin',(36.6611699999999,0.361950000000018,-29.78156));
#2825=CARTESIAN_POINT('',(80.6527800000001,0.361950000000018,3.36295999999996));
#2826=CARTESIAN_POINT('',(36.5887799999999,0.361950000000018,-29.68504));
#2827=CARTESIAN_POINT('',(80.7251700000001,0.241300000000017,3.26643999999995));
#2828=CARTESIAN_POINT('Origin',(80.7251700000001,0.361950000000018,3.26643999999995));
#2829=CARTESIAN_POINT('',(36.6611699999999,0.241300000000017,-29.78156));
#2830=CARTESIAN_POINT('Origin',(36.5887799999999,4.83870000000003,-29.68504));
#2831=CARTESIAN_POINT('',(36.5887799999999,4.71805000000001,-29.68504));
#2832=CARTESIAN_POINT('',(36.5887799999999,2.41935000000001,-29.68504));
#2833=CARTESIAN_POINT('',(80.6527800000001,4.71805000000001,3.36295999999996));
#2834=CARTESIAN_POINT('',(36.5887799999999,4.71805000000001,-29.68504));
#2835=CARTESIAN_POINT('',(80.6527800000001,2.41935000000001,3.36295999999996));
#2836=CARTESIAN_POINT('Origin',(36.6611699999999,4.71805000000001,-29.78156));
#2837=CARTESIAN_POINT('',(36.6611699999999,4.83870000000003,-29.78156));
#2838=CARTESIAN_POINT('Origin',(36.6611699999999,4.71805000000001,-29.78156));
#2839=CARTESIAN_POINT('',(80.7251700000001,4.83870000000003,3.26643999999995));
#2840=CARTESIAN_POINT('',(36.6611699999999,4.83870000000003,-29.78156));
#2841=CARTESIAN_POINT('Origin',(80.7251700000001,4.71805000000001,3.26643999999995));
#2842=CARTESIAN_POINT('Origin',(39.3472199999999,4.83870000000003,-33.36296));
#2843=CARTESIAN_POINT('',(39.2748299999999,4.83870000000003,-33.2664399999999));
#2844=CARTESIAN_POINT('',(39.4196099999999,4.83870000000003,-33.4594800000001));
#2845=CARTESIAN_POINT('',(83.3388300000001,4.83870000000003,-0.218440000000046));
#2846=CARTESIAN_POINT('',(39.2748299999999,4.83870000000003,-33.2664399999999));
#2847=CARTESIAN_POINT('',(81.9596099999998,4.83870000000003,1.62052000000003));
#2848=CARTESIAN_POINT('',(39.2699999999999,4.83870000000003,-30.));
#2849=CARTESIAN_POINT('Origin',(40.,4.83870000000003,-30.));
#2850=CARTESIAN_POINT('',(79.2699999999999,4.83870000000003,-8.93992163377573E-17));
#2851=CARTESIAN_POINT('Origin',(80.,4.83870000000003,0.));
#2852=CARTESIAN_POINT('Origin',(39.2748299999999,0.361950000000018,-33.2664399999999));
#2853=CARTESIAN_POINT('',(39.3472199999999,0.361950000000018,-33.36296));
#2854=CARTESIAN_POINT('',(39.2748299999999,0.241300000000017,-33.2664399999999));
#2855=CARTESIAN_POINT('Origin',(39.2748299999999,0.361950000000018,-33.2664399999999));
#2856=CARTESIAN_POINT('',(83.3388300000001,0.241300000000017,-0.218440000000048));
#2857=CARTESIAN_POINT('',(39.2748299999999,0.241300000000017,-33.2664399999999));
#2858=CARTESIAN_POINT('',(83.4112200000001,0.361950000000018,-0.314960000000042));
#2859=CARTESIAN_POINT('Origin',(83.3388300000001,0.361950000000018,-0.218440000000051));
#2860=CARTESIAN_POINT('',(39.3472199999999,0.361950000000018,-33.36296));
#2861=CARTESIAN_POINT('Origin',(36.5887799999999,0.241300000000017,-29.68504));
#2862=CARTESIAN_POINT('',(80.5803899999998,0.241300000000017,3.45948000000003));
#2863=CARTESIAN_POINT('',(38.0403899999999,0.241300000000017,-31.6205199999999));
#2864=CARTESIAN_POINT('',(39.2699999999999,0.241300000000017,-30.));
#2865=CARTESIAN_POINT('Origin',(40.,0.241300000000017,-30.));
#2866=CARTESIAN_POINT('',(79.2699999999999,0.241300000000017,8.93992163377573E-17));
#2867=CARTESIAN_POINT('Origin',(80.,0.241300000000017,0.));
#2868=CARTESIAN_POINT('Origin',(39.2748299999999,4.71805000000001,-33.2664399999999));
#2869=CARTESIAN_POINT('',(39.3472199999999,4.71805000000001,-33.36296));
#2870=CARTESIAN_POINT('Origin',(39.2748299999999,4.71805000000001,-33.2664399999999));
#2871=CARTESIAN_POINT('',(83.4112200000001,4.71805000000001,-0.314960000000042));
#2872=CARTESIAN_POINT('',(39.3472199999999,4.71805000000001,-33.36296));
#2873=CARTESIAN_POINT('Origin',(83.3388300000001,4.71805000000001,-0.218440000000051));
#2874=CARTESIAN_POINT('Origin',(39.3472199999999,0.241300000000017,-33.36296));
#2875=CARTESIAN_POINT('',(83.4112200000001,0.120650000000008,-0.314960000000042));
#2876=CARTESIAN_POINT('',(39.3472199999999,0.120650000000008,-33.36296));
#2877=CARTESIAN_POINT('Origin',(47.7648000000001,4.572,-21.6364));
#2878=CARTESIAN_POINT('',(80.5079999999998,4.572,3.55600000000001));
#2879=CARTESIAN_POINT('',(80.8127999999998,5.08000000000001,3.14959999999999));
#2880=CARTESIAN_POINT('Origin',(80.8127999999998,4.572,3.14959999999999));
#2881=CARTESIAN_POINT('',(36.7487999999999,5.08000000000001,-29.8984));
#2882=CARTESIAN_POINT('',(47.7648000000001,5.08000000000001,-21.6364));
#2883=CARTESIAN_POINT('',(36.4439999999999,4.572,-29.492));
#2884=CARTESIAN_POINT('Origin',(36.7487999999999,4.572,-29.8984));
#2885=CARTESIAN_POINT('',(47.4600000000001,4.572,-21.23));
#2886=CARTESIAN_POINT('Origin',(36.4439999999999,0.,-29.492));
#2887=CARTESIAN_POINT('',(36.4439999999999,0.508000000000001,-29.492));
#2888=CARTESIAN_POINT('',(36.4439999999999,0.,-29.492));
#2889=CARTESIAN_POINT('',(80.5079999999998,0.508000000000001,3.55600000000001));
#2890=CARTESIAN_POINT('',(47.4600000000001,0.508000000000001,-21.23));
#2891=CARTESIAN_POINT('',(80.5079999999998,0.,3.55600000000001));
#2892=CARTESIAN_POINT('Origin',(39.4919999999999,0.,-33.5559999999999));
#2893=CARTESIAN_POINT('',(39.1871999999999,5.08000000000001,-33.1496));
#2894=CARTESIAN_POINT('',(36.4439999999999,5.08000000000001,-29.492));
#2895=CARTESIAN_POINT('',(39.4919999999999,4.572,-33.5559999999999));
#2896=CARTESIAN_POINT('Origin',(39.1871999999999,4.572,-33.1496));
#2897=CARTESIAN_POINT('',(39.4919999999999,0.508000000000001,-33.5559999999999));
#2898=CARTESIAN_POINT('',(39.4919999999999,0.,-33.5559999999999));
#2899=CARTESIAN_POINT('Origin',(39.1871999999999,0.508000000000001,-33.1496));
#2900=CARTESIAN_POINT('Origin',(36.7487999999999,0.508000000000001,-29.8984));
#2901=CARTESIAN_POINT('Origin',(47.7648000000001,0.508000000000001,-21.6364));
#2902=CARTESIAN_POINT('',(47.7648000000001,0.,-21.6364));
#2903=CARTESIAN_POINT('Origin',(80.8127999999998,0.508000000000001,3.14959999999999));
#2904=CARTESIAN_POINT('Origin',(72.2352,0.508000000000001,-8.36360000000001));
#2905=CARTESIAN_POINT('',(83.5560000000001,0.508000000000001,-0.508000000000007));
#2906=CARTESIAN_POINT('Origin',(83.2512000000001,0.508000000000001,-0.10160000000001));
#2907=CARTESIAN_POINT('',(72.2352,0.,-8.36360000000001));
#2908=CARTESIAN_POINT('',(72.54,0.508000000000001,-8.77));
#2909=CARTESIAN_POINT('Origin',(83.5560000000001,0.,-0.50800000000001));
#2910=CARTESIAN_POINT('',(83.5560000000001,4.572,-0.508000000000007));
#2911=CARTESIAN_POINT('',(72.54,4.572,-8.77));
#2912=CARTESIAN_POINT('',(83.5560000000001,0.,-0.508000000000007));
#2913=CARTESIAN_POINT('Origin',(72.2352,4.572,-8.36360000000001));
#2914=CARTESIAN_POINT('',(83.2512000000001,5.08000000000001,-0.101600000000008));
#2915=CARTESIAN_POINT('',(72.2352,5.08000000000001,-8.36360000000001));
#2916=CARTESIAN_POINT('Origin',(83.2512000000001,4.572,-0.10160000000001));
#2917=CARTESIAN_POINT('Origin',(59.9999999999999,5.08000000000001,-15.));
#2918=CARTESIAN_POINT('',(83.5560000000001,5.08000000000001,-0.508000000000007));
#2919=CARTESIAN_POINT('',(79.2699999999999,5.08000000000001,0.));
#2920=CARTESIAN_POINT('Origin',(80.,5.08000000000001,0.));
#2921=CARTESIAN_POINT('',(39.2699999999999,5.08000000000001,-30.));
#2922=CARTESIAN_POINT('Origin',(40.,5.08000000000001,-30.));
#2923=CARTESIAN_POINT('Origin',(80.,0.,0.));
#2924=CARTESIAN_POINT('',(79.27,0.,8.93992163377572E-17));
#2925=CARTESIAN_POINT('Origin',(40.,0.,-30.));
#2926=CARTESIAN_POINT('',(39.27,0.,-30.));
#2927=CARTESIAN_POINT('Origin',(40.,0.,-30.));
#2928=CARTESIAN_POINT('',(39.27,0.,-30.));
#2929=CARTESIAN_POINT('Origin',(80.5079999999998,0.,3.55600000000001));
#2930=CARTESIAN_POINT('',(66.8699999999998,0.,21.74));
#2931=CARTESIAN_POINT('Origin',(0.,0.,4.44089209850063E-16));
#2932=CARTESIAN_POINT('',(82.5399999999999,0.,-2.032));
#2933=CARTESIAN_POINT('',(82.5399999999999,0.,2.54));
#2934=CARTESIAN_POINT('',(-41.2700000000001,0.,-2.032));
#2935=CARTESIAN_POINT('Origin',(0.,0.,4.44089209850063E-16));
#2936=CARTESIAN_POINT('',(82.5399999999999,0.,2.032));
#2937=CARTESIAN_POINT('',(41.2700000000001,0.,2.032));
#2938=CARTESIAN_POINT('',(82.5399999999999,0.,2.54));
#2939=CARTESIAN_POINT('Origin',(0.,0.,4.44089209850063E-16));
#2940=CARTESIAN_POINT('',(-41.2700000000001,0.,-2.032));
#2941=CARTESIAN_POINT('',(-79.3226666666667,0.,2.032));
#2942=CARTESIAN_POINT('',(-69.7968,0.,-5.1124));
#2943=CARTESIAN_POINT('',(41.2700000000001,0.,2.032));
#2944=CARTESIAN_POINT('Origin',(-59.9999999999999,0.,-15.));
#2945=CARTESIAN_POINT('',(-82.5399999999999,0.,-0.63500000000009));
#2946=CARTESIAN_POINT('',(-82.5399999999999,0.,0.846666666666928));
#2947=CARTESIAN_POINT('',(-82.5399999999999,0.,-2.54));
#2948=CARTESIAN_POINT('',(-83.2512000000001,0.,-0.101600000000011));
#2949=CARTESIAN_POINT('',(-83.5560000000001,0.,-0.508000000000007));
#2950=CARTESIAN_POINT('',(-50.2032000000001,0.,-24.8876));
#2951=CARTESIAN_POINT('Origin',(-59.9999999999999,0.,-15.));
#2952=CARTESIAN_POINT('',(-81.6510000000001,0.,2.032));
#2953=CARTESIAN_POINT('',(41.2700000000001,0.,2.032));
#2954=CARTESIAN_POINT('',(-80.8127999999998,0.,3.14959999999999));
#2955=CARTESIAN_POINT('',(-69.7968,0.,-5.1124));
#2956=CARTESIAN_POINT('',(-83.5560000000001,0.,-0.508000000000007));
#2957=CARTESIAN_POINT('Origin',(-80.7251699999998,4.71805000000001,3.26643999999998));
#2958=CARTESIAN_POINT('',(-80.6527799999998,4.71805000000001,3.36295999999999));
#2959=CARTESIAN_POINT('',(-80.7251699999998,4.8387,3.26644000000001));
#2960=CARTESIAN_POINT('Origin',(-80.7251699999998,4.71805000000001,3.26644000000001));
#2961=CARTESIAN_POINT('',(-36.6611699999999,4.8387,-29.7815600000001));
#2962=CARTESIAN_POINT('',(-80.7251699999998,4.8387,3.26643999999998));
#2963=CARTESIAN_POINT('',(-36.5887799999999,4.71805000000001,-29.6850400000001));
#2964=CARTESIAN_POINT('Origin',(-36.6611699999999,4.71805000000001,-29.7815600000001));
#2965=CARTESIAN_POINT('',(-80.6527799999998,4.71805000000001,3.36295999999999));
#2966=CARTESIAN_POINT('Origin',(-83.4112200000001,4.8387,-0.31496000000002));
#2967=CARTESIAN_POINT('',(-83.3388300000001,4.8387,-0.218440000000022));
#2968=CARTESIAN_POINT('',(-83.4836100000001,4.8387,-0.411480000000012));
#2969=CARTESIAN_POINT('',(-39.2748300000002,4.8387,-33.2664400000002));
#2970=CARTESIAN_POINT('',(-83.3388300000001,4.8387,-0.218440000000024));
#2971=CARTESIAN_POINT('',(-37.8956099999999,4.8387,-31.42748));
#2972=CARTESIAN_POINT('',(-80.7299999999999,4.8387,-8.93992163377573E-17));
#2973=CARTESIAN_POINT('Origin',(-80.,4.8387,0.));
#2974=CARTESIAN_POINT('',(-40.7300000000001,4.8387,-30.));
#2975=CARTESIAN_POINT('Origin',(-40.,4.8387,-30.));
#2976=CARTESIAN_POINT('Origin',(-83.3388300000001,4.71805000000001,-0.218440000000024));
#2977=CARTESIAN_POINT('',(-83.4112200000001,4.71805000000001,-0.314960000000017));
#2978=CARTESIAN_POINT('Origin',(-83.3388300000001,4.71805000000001,-0.218440000000021));
#2979=CARTESIAN_POINT('',(-39.3472200000002,4.71805000000001,-33.36296));
#2980=CARTESIAN_POINT('',(-83.4112200000001,4.71805000000001,-0.31496000000002));
#2981=CARTESIAN_POINT('Origin',(-39.2748300000002,4.71805000000001,-33.2664400000002));
#2982=CARTESIAN_POINT('Origin',(-83.4112200000001,0.2413,-0.31496000000002));
#2983=CARTESIAN_POINT('',(-83.4112200000001,0.36195,-0.314960000000017));
#2984=CARTESIAN_POINT('',(-83.4112200000001,0.12065,-0.314960000000017));
#2985=CARTESIAN_POINT('',(-39.3472200000002,0.36195,-33.36296));
#2986=CARTESIAN_POINT('',(-83.4112200000001,0.36195,-0.31496000000002));
#2987=CARTESIAN_POINT('',(-39.3472200000002,0.12065,-33.36296));
#2988=CARTESIAN_POINT('Origin',(-83.3388300000001,0.36195,-0.218440000000021));
#2989=CARTESIAN_POINT('',(-83.3388300000001,0.2413,-0.218440000000017));
#2990=CARTESIAN_POINT('Origin',(-83.3388300000001,0.36195,-0.218440000000018));
#2991=CARTESIAN_POINT('',(-39.2748300000002,0.2413,-33.2664400000002));
#2992=CARTESIAN_POINT('',(-83.3388300000001,0.2413,-0.218440000000021));
#2993=CARTESIAN_POINT('Origin',(-39.2748300000002,0.36195,-33.2664400000002));
#2994=CARTESIAN_POINT('Origin',(-80.6527799999998,0.2413,3.36295999999999));
#2995=CARTESIAN_POINT('',(-80.7251700000001,0.2413,3.26644000000001));
#2996=CARTESIAN_POINT('',(-82.1043899999998,0.2413,1.42747999999999));
#2997=CARTESIAN_POINT('',(-36.6611699999999,0.2413,-29.7815600000001));
#2998=CARTESIAN_POINT('',(-80.7251699999998,0.2413,3.26643999999998));
#2999=CARTESIAN_POINT('',(-36.5163899999999,0.2413,-29.58852));
#3000=CARTESIAN_POINT('',(-80.7299999999999,0.2413,8.93992163377573E-17));
#3001=CARTESIAN_POINT('Origin',(-80.,0.2413,0.));
#3002=CARTESIAN_POINT('',(-40.7300000000001,0.2413,-30.));
#3003=CARTESIAN_POINT('Origin',(-40.,0.2413,-30.));
#3004=CARTESIAN_POINT('Origin',(-80.7251699999998,0.36195,3.26643999999998));
#3005=CARTESIAN_POINT('',(-80.6527799999998,0.36195,3.36295999999999));
#3006=CARTESIAN_POINT('Origin',(-80.7251699999998,0.36195,3.26643999999998));
#3007=CARTESIAN_POINT('',(-36.5887799999999,0.36195,-29.6850400000001));
#3008=CARTESIAN_POINT('',(-80.6527799999998,0.36195,3.36295999999999));
#3009=CARTESIAN_POINT('Origin',(-36.6611699999999,0.36195,-29.7815600000001));
#3010=CARTESIAN_POINT('Origin',(-80.6527799999998,4.8387,3.36295999999999));
#3011=CARTESIAN_POINT('',(-36.5887799999999,2.41935,-29.6850400000001));
#3012=CARTESIAN_POINT('',(-80.6527799999998,2.41935,3.36295999999999));
#3013=CARTESIAN_POINT('Origin',(-50.2032000000001,0.508000000000001,-24.8876));
#3014=CARTESIAN_POINT('',(-83.5560000000001,0.508000000000001,-0.508000000000007));
#3015=CARTESIAN_POINT('Origin',(-83.2512000000001,0.508000000000001,-0.101600000000005));
#3016=CARTESIAN_POINT('',(-39.4919999999999,0.508000000000001,-33.5559999999999));
#3017=CARTESIAN_POINT('',(-50.5080000000001,0.508000000000001,-25.294));
#3018=CARTESIAN_POINT('Origin',(-39.1871999999999,0.508000000000001,-33.1496));
#3019=CARTESIAN_POINT('',(-50.2032000000001,0.,-24.8876));
#3020=CARTESIAN_POINT('Origin',(-83.5560000000001,0.,-0.508000000000007));
#3021=CARTESIAN_POINT('',(-68.3940000000001,0.,19.708));
#3022=CARTESIAN_POINT('',(-80.5079999999998,0.508000000000001,3.55600000000001));
#3023=CARTESIAN_POINT('Origin',(-80.8127999999998,0.508000000000001,3.14960000000002));
#3024=CARTESIAN_POINT('',(-80.5079999999998,4.572,3.55600000000001));
#3025=CARTESIAN_POINT('',(-80.5079999999998,0.,3.55600000000001));
#3026=CARTESIAN_POINT('',(-80.8127999999998,5.08000000000001,3.14959999999999));
#3027=CARTESIAN_POINT('Origin',(-80.8127999999998,4.572,3.14960000000002));
#3028=CARTESIAN_POINT('',(-83.2512000000001,5.08000000000001,-0.101600000000011));
#3029=CARTESIAN_POINT('',(-83.5560000000001,5.08000000000001,-0.508000000000007));
#3030=CARTESIAN_POINT('',(-83.5560000000001,4.572,-0.508000000000007));
#3031=CARTESIAN_POINT('Origin',(-83.2512000000001,4.572,-0.101600000000005));
#3032=CARTESIAN_POINT('',(-83.5560000000001,0.,-0.508000000000007));
#3033=CARTESIAN_POINT('Origin',(-69.7968,0.508000000000001,-5.1124));
#3034=CARTESIAN_POINT('',(-36.4439999999999,0.508000000000001,-29.492));
#3035=CARTESIAN_POINT('Origin',(-36.7487999999999,0.508000000000001,-29.8984));
#3036=CARTESIAN_POINT('',(-69.492,0.508000000000001,-4.70599999999998));
#3037=CARTESIAN_POINT('Origin',(-69.7968,4.572,-5.1124));
#3038=CARTESIAN_POINT('',(-36.4439999999999,4.572,-29.492));
#3039=CARTESIAN_POINT('',(-36.7487999999999,5.08000000000001,-29.8984));
#3040=CARTESIAN_POINT('Origin',(-36.7487999999999,4.572,-29.8984));
#3041=CARTESIAN_POINT('',(-69.7968,5.08000000000001,-5.1124));
#3042=CARTESIAN_POINT('',(-69.492,4.572,-4.70599999999998));
#3043=CARTESIAN_POINT('Origin',(-59.9999999999999,5.08000000000001,-15.));
#3044=CARTESIAN_POINT('',(-39.1871999999999,5.08000000000001,-33.1496));
#3045=CARTESIAN_POINT('',(-36.4439999999999,5.08000000000001,-29.492));
#3046=CARTESIAN_POINT('',(-50.2032000000001,5.08000000000001,-24.8876));
#3047=CARTESIAN_POINT('',(-40.7300000000001,5.08000000000001,-30.));
#3048=CARTESIAN_POINT('Origin',(-40.,5.08000000000001,-30.));
#3049=CARTESIAN_POINT('',(-80.7299999999999,5.08000000000001,8.93992163377573E-17));
#3050=CARTESIAN_POINT('Origin',(-80.,5.08000000000001,0.));
#3051=CARTESIAN_POINT('Origin',(-36.4439999999999,0.,-29.492));
#3052=CARTESIAN_POINT('',(-39.4919999999999,4.572,-33.5559999999999));
#3053=CARTESIAN_POINT('',(-39.4919999999999,0.,-33.5559999999999));
#3054=CARTESIAN_POINT('Origin',(-39.1871999999999,4.572,-33.1496));
#3055=CARTESIAN_POINT('',(-36.4439999999999,0.,-29.492));
#3056=CARTESIAN_POINT('Origin',(-50.2032000000001,4.572,-24.8876));
#3057=CARTESIAN_POINT('',(-50.5080000000001,4.572,-25.294));
#3058=CARTESIAN_POINT('Origin',(-39.4919999999999,0.,-33.5559999999999));
#3059=CARTESIAN_POINT('Origin',(-40.,0.,-30.));
#3060=CARTESIAN_POINT('',(-40.73,0.,-30.));
#3061=CARTESIAN_POINT('Origin',(-40.,0.,-30.));
#3062=CARTESIAN_POINT('',(-40.73,0.,-30.));
#3063=CARTESIAN_POINT('Origin',(-80.,0.,0.));
#3064=CARTESIAN_POINT('',(-80.73,0.,8.93992163377572E-17));
#3065=CARTESIAN_POINT('Origin',(-80.5079999999998,0.,3.55600000000001));
#3066=CARTESIAN_POINT('Origin',(0.,0.,4.44089209850063E-16));
#3067=CARTESIAN_POINT('',(-82.5399999999999,0.,2.032));
#3068=CARTESIAN_POINT('',(-82.5399999999999,0.,-2.54));
#3069=CARTESIAN_POINT('',(41.2700000000001,0.,2.032));
#3070=CARTESIAN_POINT('Origin',(82.5399999999999,-4.71805000000001,2.17805));
#3071=CARTESIAN_POINT('',(82.5399999999999,-4.71805000000001,2.2987));
#3072=CARTESIAN_POINT('',(82.5399999999999,-4.8387,2.17805));
#3073=CARTESIAN_POINT('Origin',(82.5399999999999,-4.71805000000001,2.17805));
#3074=CARTESIAN_POINT('',(-82.5399999999999,-4.8387,2.17805));
#3075=CARTESIAN_POINT('',(82.5399999999999,-4.8387,2.17805));
#3076=CARTESIAN_POINT('',(-82.5399999999999,-4.71805000000001,2.2987));
#3077=CARTESIAN_POINT('Origin',(-82.5399999999999,-4.71805000000001,2.17805));
#3078=CARTESIAN_POINT('',(82.5399999999999,-4.71805000000001,2.2987));
#3079=CARTESIAN_POINT('Origin',(82.5399999999999,-4.8387,-2.2987));
#3080=CARTESIAN_POINT('',(82.5399999999999,-4.8387,-2.17805));
#3081=CARTESIAN_POINT('',(82.5399999999999,-4.8387,-2.41935));
#3082=CARTESIAN_POINT('',(-82.5399999999999,-4.8387,-2.17805));
#3083=CARTESIAN_POINT('',(82.5399999999999,-4.8387,-2.17805));
#3084=CARTESIAN_POINT('',(-82.5399999999999,-4.8387,0.12065));
#3085=CARTESIAN_POINT('',(-80.7299999999999,-4.8387,8.93992163377573E-17));
#3086=CARTESIAN_POINT('Origin',(-80.,-4.8387,0.));
#3087=CARTESIAN_POINT('',(79.2699999999999,-4.8387,8.93992163377573E-17));
#3088=CARTESIAN_POINT('Origin',(80.,-4.8387,0.));
#3089=CARTESIAN_POINT('Origin',(82.5399999999999,-0.361950000000003,2.17805));
#3090=CARTESIAN_POINT('',(82.5399999999999,-0.241300000000002,2.17805));
#3091=CARTESIAN_POINT('',(82.5399999999999,-0.361950000000003,2.2987));
#3092=CARTESIAN_POINT('Origin',(82.5399999999999,-0.361950000000003,2.17805));
#3093=CARTESIAN_POINT('',(-82.5399999999999,-0.361950000000003,2.2987));
#3094=CARTESIAN_POINT('',(82.5399999999999,-0.361950000000003,2.2987));
#3095=CARTESIAN_POINT('',(-82.5399999999999,-0.241300000000002,2.17805));
#3096=CARTESIAN_POINT('Origin',(-82.5399999999999,-0.361950000000003,2.17805));
#3097=CARTESIAN_POINT('',(82.5399999999999,-0.241300000000002,2.17805));
#3098=CARTESIAN_POINT('Origin',(82.5399999999999,-4.8387,2.2987));
#3099=CARTESIAN_POINT('',(-82.5399999999999,-2.41935,2.2987));
#3100=CARTESIAN_POINT('',(82.5399999999999,-2.41935,2.2987));
#3101=CARTESIAN_POINT('Origin',(82.5399999999999,-0.361950000000003,-2.17805));
#3102=CARTESIAN_POINT('',(82.5399999999999,-0.361950000000003,-2.2987));
#3103=CARTESIAN_POINT('',(82.5399999999999,-0.241300000000002,-2.17805));
#3104=CARTESIAN_POINT('Origin',(82.5399999999999,-0.361950000000003,-2.17805));
#3105=CARTESIAN_POINT('',(-82.5399999999999,-0.241300000000002,-2.17805));
#3106=CARTESIAN_POINT('',(82.5399999999999,-0.241300000000002,-2.17805));
#3107=CARTESIAN_POINT('',(-82.5399999999999,-0.361950000000003,-2.2987));
#3108=CARTESIAN_POINT('Origin',(-82.5399999999999,-0.361950000000003,-2.17805));
#3109=CARTESIAN_POINT('',(82.5399999999999,-0.361950000000003,-2.2987));
#3110=CARTESIAN_POINT('Origin',(82.5399999999999,-0.241300000000002,2.2987));
#3111=CARTESIAN_POINT('',(-82.5399999999999,-0.241300000000002,2.41935));
#3112=CARTESIAN_POINT('',(82.5399999999999,-0.241300000000002,-0.120649999999999));
#3113=CARTESIAN_POINT('',(-80.7299999999999,-0.241300000000002,-8.93992163377573E-17));
#3114=CARTESIAN_POINT('Origin',(-80.,-0.241300000000002,0.));
#3115=CARTESIAN_POINT('',(79.2699999999999,-0.241300000000002,-8.93992163377573E-17));
#3116=CARTESIAN_POINT('Origin',(80.,-0.241300000000002,0.));
#3117=CARTESIAN_POINT('Origin',(82.5399999999999,-4.71805000000001,-2.17805));
#3118=CARTESIAN_POINT('',(82.5399999999999,-4.71805000000001,-2.2987));
#3119=CARTESIAN_POINT('Origin',(82.5399999999999,-4.71805000000001,-2.17805));
#3120=CARTESIAN_POINT('',(-82.5399999999999,-4.71805000000001,-2.2987));
#3121=CARTESIAN_POINT('',(82.5399999999999,-4.71805000000001,-2.2987));
#3122=CARTESIAN_POINT('Origin',(-82.5399999999999,-4.71805000000001,-2.17805));
#3123=CARTESIAN_POINT('Origin',(82.5399999999999,-0.241300000000003,-2.2987));
#3124=CARTESIAN_POINT('',(-82.5399999999999,-0.120650000000001,-2.2987));
#3125=CARTESIAN_POINT('',(82.5399999999999,-0.120650000000001,-2.2987));
#3126=CARTESIAN_POINT('Origin',(41.2700000000001,-4.572,2.032));
#3127=CARTESIAN_POINT('',(-82.5399999999999,-4.572,2.54));
#3128=CARTESIAN_POINT('',(-82.5399999999999,-5.08000000000001,2.032));
#3129=CARTESIAN_POINT('Origin',(-82.5399999999999,-4.572,2.032));
#3130=CARTESIAN_POINT('',(82.5399999999999,-5.08000000000001,2.032));
#3131=CARTESIAN_POINT('',(41.2700000000001,-5.08000000000001,2.032));
#3132=CARTESIAN_POINT('',(82.5399999999999,-4.572,2.54));
#3133=CARTESIAN_POINT('Origin',(82.5399999999999,-4.572,2.032));
#3134=CARTESIAN_POINT('',(41.2700000000001,-4.572,2.54));
#3135=CARTESIAN_POINT('Origin',(82.5399999999999,0.,2.54));
#3136=CARTESIAN_POINT('',(82.5399999999999,-0.508000000000001,2.54));
#3137=CARTESIAN_POINT('',(82.5399999999999,0.,2.54));
#3138=CARTESIAN_POINT('',(-82.5399999999999,-0.508000000000001,2.54));
#3139=CARTESIAN_POINT('',(41.2700000000001,-0.508000000000001,2.54));
#3140=CARTESIAN_POINT('',(-82.5399999999999,0.,2.54));
#3141=CARTESIAN_POINT('Origin',(82.5399999999999,0.,-2.54));
#3142=CARTESIAN_POINT('',(82.5399999999999,-5.08000000000001,-2.032));
#3143=CARTESIAN_POINT('',(82.5399999999999,-5.08000000000001,2.54));
#3144=CARTESIAN_POINT('',(82.5399999999999,-4.572,-2.54));
#3145=CARTESIAN_POINT('Origin',(82.5399999999999,-4.572,-2.032));
#3146=CARTESIAN_POINT('',(82.5399999999999,-0.508000000000001,-2.54));
#3147=CARTESIAN_POINT('',(82.5399999999999,0.,-2.54));
#3148=CARTESIAN_POINT('Origin',(82.5399999999999,-0.508000000000001,-2.032));
#3149=CARTESIAN_POINT('Origin',(82.5399999999999,-0.508000000000001,2.032));
#3150=CARTESIAN_POINT('Origin',(41.2700000000001,-0.508000000000001,2.032));
#3151=CARTESIAN_POINT('Origin',(-82.5399999999999,-0.508000000000001,2.032));
#3152=CARTESIAN_POINT('Origin',(0.,0.,4.44089209850063E-16));
#3153=CARTESIAN_POINT('',(-82.5399999999999,0.,-2.032));
#3154=CARTESIAN_POINT('',(-41.2700000000001,0.,-2.032));
#3155=CARTESIAN_POINT('',(-82.5399999999999,0.,-2.54));
#3156=CARTESIAN_POINT('Origin',(-41.2700000000001,-4.572,-2.032));
#3157=CARTESIAN_POINT('',(-82.5399999999999,-5.08000000000001,-2.032));
#3158=CARTESIAN_POINT('',(-41.2700000000001,-5.08000000000001,-2.032));
#3159=CARTESIAN_POINT('',(-82.5399999999999,-4.572,-2.54));
#3160=CARTESIAN_POINT('Origin',(-82.5399999999999,-4.572,-2.032));
#3161=CARTESIAN_POINT('',(-41.2700000000001,-4.572,-2.54));
#3162=CARTESIAN_POINT('Origin',(-82.5399999999999,0.,-2.54));
#3163=CARTESIAN_POINT('',(-82.5399999999999,-0.508000000000001,-2.54));
#3164=CARTESIAN_POINT('',(-82.5399999999999,0.,-2.54));
#3165=CARTESIAN_POINT('',(-41.2700000000001,-0.508000000000001,-2.54));
#3166=CARTESIAN_POINT('Origin',(-41.2700000000001,-0.508000000000001,-2.032));
#3167=CARTESIAN_POINT('Origin',(-82.5399999999999,-0.508000000000001,-2.032));
#3168=CARTESIAN_POINT('Origin',(80.,0.,0.));
#3169=CARTESIAN_POINT('',(79.27,0.,-8.93992163377572E-17));
#3170=CARTESIAN_POINT('Origin',(-80.,0.,0.));
#3171=CARTESIAN_POINT('',(-80.73,0.,-8.93992163377572E-17));
#3172=CARTESIAN_POINT('Origin',(80.,0.,0.));
#3173=CARTESIAN_POINT('',(79.2699999999999,-5.08000000000001,8.93992163377573E-17));
#3174=CARTESIAN_POINT('',(79.27,0.,-8.93992163377572E-17));
#3175=CARTESIAN_POINT('Origin',(80.,-5.08000000000001,0.));
#3176=CARTESIAN_POINT('Origin',(-80.,0.,0.));
#3177=CARTESIAN_POINT('',(-80.7299999999999,-5.08000000000001,8.93992163377573E-17));
#3178=CARTESIAN_POINT('',(-80.73,0.,-8.93992163377572E-17));
#3179=CARTESIAN_POINT('Origin',(-80.,-5.08000000000001,0.));
#3180=CARTESIAN_POINT('Origin',(-82.5399999999999,0.,2.54));
#3181=CARTESIAN_POINT('',(-82.5399999999999,-5.08000000000001,-2.54));
#3182=CARTESIAN_POINT('Origin',(0.,-5.08000000000001,4.44089209850063E-16));
#3183=CARTESIAN_POINT('',(0.,0.,0.));
#3184=UNCERTAINTY_MEASURE_WITH_UNIT(LENGTH_MEASURE(0.001),#3190,
'DISTANCE_ACCURACY_VALUE',
'Maximum model space distance between geometric entities at asserted c
onnectivities');
#3185=UNCERTAINTY_MEASURE_WITH_UNIT(LENGTH_MEASURE(0.001),#3190,
'DISTANCE_ACCURACY_VALUE',
'Maximum model space distance between geometric entities at asserted c
onnectivities');
#3186=UNCERTAINTY_MEASURE_WITH_UNIT(LENGTH_MEASURE(0.001),#3190,
'DISTANCE_ACCURACY_VALUE',
'Maximum model space distance between geometric entities at asserted c
onnectivities');
#3187=(
GEOMETRIC_REPRESENTATION_CONTEXT(3)
GLOBAL_UNCERTAINTY_ASSIGNED_CONTEXT((#3184))
GLOBAL_UNIT_ASSIGNED_CONTEXT((#3190,#3192,#3193))
REPRESENTATION_CONTEXT('','3D')
);
#3188=(
GEOMETRIC_REPRESENTATION_CONTEXT(3)
GLOBAL_UNCERTAINTY_ASSIGNED_CONTEXT((#3185))
GLOBAL_UNIT_ASSIGNED_CONTEXT((#3190,#3192,#3193))
REPRESENTATION_CONTEXT('','3D')
);
#3189=(
GEOMETRIC_REPRESENTATION_CONTEXT(3)
GLOBAL_UNCERTAINTY_ASSIGNED_CONTEXT((#3186))
GLOBAL_UNIT_ASSIGNED_CONTEXT((#3190,#3192,#3193))
REPRESENTATION_CONTEXT('','3D')
);
#3190=(
LENGTH_UNIT()
NAMED_UNIT(*)
SI_UNIT(.CENTI.,.METRE.)
);
#3191=(
LENGTH_UNIT()
NAMED_UNIT(*)
SI_UNIT($,.METRE.)
);
#3192=(
NAMED_UNIT(*)
PLANE_ANGLE_UNIT()
SI_UNIT($,.RADIAN.)
);
#3193=(
NAMED_UNIT(*)
SI_UNIT($,.STERADIAN.)
SOLID_ANGLE_UNIT()
);
#3194=SHAPE_DEFINITION_REPRESENTATION(#3196,#3199);
#3195=SHAPE_DEFINITION_REPRESENTATION(#3197,#3200);
#3196=PRODUCT_DEFINITION_SHAPE('',$,#3202);
#3197=PRODUCT_DEFINITION_SHAPE('',$,#3203);
#3198=PRODUCT_DEFINITION_SHAPE($,$,#14);
#3199=SHAPE_REPRESENTATION('',(#1904,#2090),#3187);
#3200=SHAPE_REPRESENTATION('',(#1905),#3188);
#3201=PRODUCT_DEFINITION_CONTEXT('part definition',#3209,'design');
#3202=PRODUCT_DEFINITION('2026-09-02-19-36-35-414','A2 TRUSS w/PINS',#3204,
#3201);
#3203=PRODUCT_DEFINITION('2026-09-02-23-09-14-431','TRUSS',#3205,#3201);
#3204=PRODUCT_DEFINITION_FORMATION('',$,#3211);
#3205=PRODUCT_DEFINITION_FORMATION('',$,#3212);
#3206=PRODUCT_RELATED_PRODUCT_CATEGORY('A2 TRUSS w/PINS',
'A2 TRUSS w/PINS',(#3211));
#3207=PRODUCT_RELATED_PRODUCT_CATEGORY('TRUSS','TRUSS',(#3212));
#3208=APPLICATION_PROTOCOL_DEFINITION('international standard',
'automotive_design',2009,#3209);
#3209=APPLICATION_CONTEXT(
'Core Data for Automotive Mechanical Design Process');
#3210=PRODUCT_CONTEXT('part definition',#3209,'mechanical');
#3211=PRODUCT('2026-09-02-19-36-35-414','A2 TRUSS w/PINS',$,(#3210));
#3212=PRODUCT('2026-09-02-23-09-14-431','TRUSS',$,(#3210));
#3213=PRESENTATION_STYLE_ASSIGNMENT((#3215));
#3214=PRESENTATION_STYLE_ASSIGNMENT((#3216));
#3215=SURFACE_STYLE_USAGE(.BOTH.,#3217);
#3216=SURFACE_STYLE_USAGE(.BOTH.,#3218);
#3217=SURFACE_SIDE_STYLE('',(#3219));
#3218=SURFACE_SIDE_STYLE('',(#3220));
#3219=SURFACE_STYLE_FILL_AREA(#3221);
#3220=SURFACE_STYLE_FILL_AREA(#3222);
#3221=FILL_AREA_STYLE('Steel - Satin',(#3223));
#3222=FILL_AREA_STYLE('Opaque(160,160,160)',(#3224));
#3223=FILL_AREA_STYLE_COLOUR('Steel - Satin',#3225);
#3224=FILL_AREA_STYLE_COLOUR('Opaque(160,160,160)',#3226);
#3225=COLOUR_RGB('Steel - Satin',0.627450980392157,0.627450980392157,0.627450980392157);
#3226=COLOUR_RGB('Opaque(160,160,160)',0.627450980392157,0.627450980392157,
0.627450980392157);
ENDSEC;
END-ISO-10303-21;
