ISO-10303-21;
HEADER;
/* Generated by software containing ST-Developer
 * from STEP Tools, Inc. (www.steptools.com) 
 */

FILE_DESCRIPTION(
/* description */ (''),
/* implementation_level */ '2;1');

FILE_NAME(
/* name */ 'A2 TRUSS w_PINS.step',
/* time_stamp */ '2026-09-02T19:37:28-04:00',
/* author */ (''),
/* organization */ (''),
/* preprocessor_version */ 'ST-DEVELOPER v20.1',
/* originating_system */ 'Autodesk Translation Framework v15.8.0.0',
/* authorisation */ '');

FILE_SCHEMA (('AUTOMOTIVE_DESIGN { 1 0 10303 214 3 1 1 }'));
ENDSEC;

DATA;
#10=MECHANICAL_DESIGN_GEOMETRIC_PRESENTATION_REPRESENTATION('',(#31,#32,
#33,#34,#35),#3632);
#11=ITEM_DEFINED_TRANSFORMATION($,$,#2154,#2376);
#12=ITEM_DEFINED_TRANSFORMATION($,$,#2339,#2377);
#13=(
REPRESENTATION_RELATIONSHIP($,$,#3646,#3645)
REPRESENTATION_RELATIONSHIP_WITH_TRANSFORMATION(#11)
SHAPE_REPRESENTATION_RELATIONSHIP()
);
#14=(
REPRESENTATION_RELATIONSHIP($,$,#3647,#3645)
REPRESENTATION_RELATIONSHIP_WITH_TRANSFORMATION(#12)
SHAPE_REPRESENTATION_RELATIONSHIP()
);
#15=CONTEXT_DEPENDENT_SHAPE_REPRESENTATION(#13,#3643);
#16=CONTEXT_DEPENDENT_SHAPE_REPRESENTATION(#14,#3644);
#17=NEXT_ASSEMBLY_USAGE_OCCURRENCE('TRUSS:1','TRUSS:1','TRUSS:1',#3649,
#3650,'TRUSS:1');
#18=NEXT_ASSEMBLY_USAGE_OCCURRENCE('Component5:1','Component5:1',
'Component5:1',#3649,#3651,'Component5:1');
#19=CONICAL_SURFACE('',#2340,0.699999999999996,0.785398163397422);
#20=CONICAL_SURFACE('',#2346,0.699999999999996,0.785398163397431);
#21=CONICAL_SURFACE('',#2349,0.699999999999996,0.785398163397422);
#22=CONICAL_SURFACE('',#2355,0.699999999999996,0.785398163397431);
#23=CONICAL_SURFACE('',#2358,0.699999999999996,0.785398163397422);
#24=CONICAL_SURFACE('',#2364,0.699999999999996,0.785398163397431);
#25=CONICAL_SURFACE('',#2367,0.699999999999996,0.785398163397422);
#26=CONICAL_SURFACE('',#2373,0.699999999999996,0.785398163397431);
#27=SHAPE_REPRESENTATION_RELATIONSHIP('SRR','None',#3646,#29);
#28=SHAPE_REPRESENTATION_RELATIONSHIP('SRR','None',#3647,#30);
#29=ADVANCED_BREP_SHAPE_REPRESENTATION('',(#36),#3630);
#30=ADVANCED_BREP_SHAPE_REPRESENTATION('',(#37,#38,#39,#40),#3631);
#31=STYLED_ITEM('',(#3665),#36);
#32=STYLED_ITEM('',(#3664),#37);
#33=STYLED_ITEM('',(#3664),#38);
#34=STYLED_ITEM('',(#3664),#39);
#35=STYLED_ITEM('',(#3664),#40);
#36=MANIFOLD_SOLID_BREP('Body1',#2125);
#37=MANIFOLD_SOLID_BREP('Body1',#2126);
#38=MANIFOLD_SOLID_BREP('Body2',#2127);
#39=MANIFOLD_SOLID_BREP('Body3',#2128);
#40=MANIFOLD_SOLID_BREP('Body4',#2129);
#41=FACE_BOUND('',#350,.T.);
#42=FACE_BOUND('',#351,.T.);
#43=FACE_BOUND('',#354,.T.);
#44=FACE_BOUND('',#355,.T.);
#45=FACE_BOUND('',#359,.T.);
#46=FACE_BOUND('',#365,.T.);
#47=FACE_BOUND('',#366,.T.);
#48=FACE_BOUND('',#370,.T.);
#49=FACE_BOUND('',#381,.T.);
#50=FACE_BOUND('',#382,.T.);
#51=FACE_BOUND('',#385,.T.);
#52=FACE_BOUND('',#386,.T.);
#53=FACE_BOUND('',#392,.T.);
#54=FACE_BOUND('',#398,.T.);
#55=FACE_BOUND('',#399,.T.);
#56=FACE_BOUND('',#404,.T.);
#57=FACE_BOUND('',#412,.T.);
#58=FACE_BOUND('',#413,.T.);
#59=FACE_BOUND('',#418,.T.);
#60=FACE_BOUND('',#419,.T.);
#61=FACE_BOUND('',#424,.T.);
#62=FACE_BOUND('',#428,.T.);
#63=FACE_BOUND('',#429,.T.);
#64=FACE_BOUND('',#431,.T.);
#65=FACE_BOUND('',#441,.T.);
#66=FACE_BOUND('',#442,.T.);
#67=FACE_BOUND('',#447,.T.);
#68=FACE_BOUND('',#448,.T.);
#69=FACE_BOUND('',#454,.T.);
#70=FACE_BOUND('',#465,.T.);
#71=FACE_BOUND('',#467,.T.);
#72=FACE_BOUND('',#468,.T.);
#73=CIRCLE('',#2159,0.12065);
#74=CIRCLE('',#2160,0.12065);
#75=CIRCLE('',#2163,0.12065);
#76=CIRCLE('',#2164,0.12065);
#77=CIRCLE('',#2167,0.12065);
#78=CIRCLE('',#2168,0.12065);
#79=CIRCLE('',#2170,0.729999999999997);
#80=CIRCLE('',#2171,0.729999999999997);
#81=CIRCLE('',#2173,0.12065);
#82=CIRCLE('',#2174,0.12065);
#83=CIRCLE('',#2176,0.729999999999997);
#84=CIRCLE('',#2177,0.729999999999997);
#85=CIRCLE('',#2179,0.508000000000001);
#86=CIRCLE('',#2180,0.508000000000001);
#87=CIRCLE('',#2183,0.508000000000001);
#88=CIRCLE('',#2184,0.508000000000001);
#89=CIRCLE('',#2185,0.508000000000001);
#90=CIRCLE('',#2187,0.508000000000001);
#91=CIRCLE('',#2189,0.508000000000001);
#92=CIRCLE('',#2192,0.508000000000001);
#93=CIRCLE('',#2194,0.729999999999997);
#94=CIRCLE('',#2195,0.729999999999997);
#95=CIRCLE('',#2206,0.12065);
#96=CIRCLE('',#2207,0.12065);
#97=CIRCLE('',#2210,0.12065);
#98=CIRCLE('',#2211,0.12065);
#99=CIRCLE('',#2213,0.729999999999997);
#100=CIRCLE('',#2214,0.730000000000003);
#101=CIRCLE('',#2216,0.12065);
#102=CIRCLE('',#2217,0.12065);
#103=CIRCLE('',#2219,0.729999999999997);
#104=CIRCLE('',#2220,0.730000000000003);
#105=CIRCLE('',#2222,0.12065);
#106=CIRCLE('',#2223,0.12065);
#107=CIRCLE('',#2226,0.508000000000001);
#108=CIRCLE('',#2227,0.508000000000001);
#109=CIRCLE('',#2230,0.508000000000001);
#110=CIRCLE('',#2231,0.508000000000001);
#111=CIRCLE('',#2232,0.508000000000001);
#112=CIRCLE('',#2234,0.508000000000001);
#113=CIRCLE('',#2236,0.508000000000001);
#114=CIRCLE('',#2239,0.508000000000001);
#115=CIRCLE('',#2241,0.730000000000003);
#116=CIRCLE('',#2242,0.729999999999997);
#117=CIRCLE('',#2253,0.12065);
#118=CIRCLE('',#2254,0.12065);
#119=CIRCLE('',#2256,0.730000000000003);
#120=CIRCLE('',#2257,0.729999999999997);
#121=CIRCLE('',#2259,0.12065);
#122=CIRCLE('',#2260,0.12065);
#123=CIRCLE('',#2263,0.12065);
#124=CIRCLE('',#2264,0.12065);
#125=CIRCLE('',#2266,0.730000000000003);
#126=CIRCLE('',#2267,0.729999999999997);
#127=CIRCLE('',#2269,0.12065);
#128=CIRCLE('',#2270,0.12065);
#129=CIRCLE('',#2273,0.508000000000001);
#130=CIRCLE('',#2274,0.508000000000001);
#131=CIRCLE('',#2276,0.508000000000001);
#132=CIRCLE('',#2277,0.508000000000001);
#133=CIRCLE('',#2278,0.508000000000001);
#134=CIRCLE('',#2280,0.508000000000001);
#135=CIRCLE('',#2282,0.508000000000001);
#136=CIRCLE('',#2284,0.729999999999997);
#137=CIRCLE('',#2285,0.730000000000003);
#138=CIRCLE('',#2287,0.508000000000001);
#139=CIRCLE('',#2296,0.12065);
#140=CIRCLE('',#2297,0.12065);
#141=CIRCLE('',#2299,0.730000000000003);
#142=CIRCLE('',#2300,0.730000000000003);
#143=CIRCLE('',#2302,0.12065);
#144=CIRCLE('',#2303,0.12065);
#145=CIRCLE('',#2306,0.12065);
#146=CIRCLE('',#2307,0.12065);
#147=CIRCLE('',#2309,0.730000000000003);
#148=CIRCLE('',#2310,0.730000000000003);
#149=CIRCLE('',#2312,0.12065);
#150=CIRCLE('',#2313,0.12065);
#151=CIRCLE('',#2316,0.508000000000001);
#152=CIRCLE('',#2317,0.508000000000001);
#153=CIRCLE('',#2320,0.508000000000001);
#154=CIRCLE('',#2321,0.508000000000001);
#155=CIRCLE('',#2322,0.508000000000001);
#156=CIRCLE('',#2324,0.508000000000001);
#157=CIRCLE('',#2327,0.508000000000001);
#158=CIRCLE('',#2330,0.508000000000001);
#159=CIRCLE('',#2334,0.730000000000003);
#160=CIRCLE('',#2336,0.730000000000003);
#161=CIRCLE('',#2341,0.674999999999997);
#162=CIRCLE('',#2342,0.724999999999994);
#163=CIRCLE('',#2344,0.724999999999994);
#164=CIRCLE('',#2347,0.674999999999997);
#165=CIRCLE('',#2350,0.674999999999997);
#166=CIRCLE('',#2351,0.724999999999994);
#167=CIRCLE('',#2353,0.724999999999994);
#168=CIRCLE('',#2356,0.674999999999997);
#169=CIRCLE('',#2359,0.674999999999997);
#170=CIRCLE('',#2360,0.724999999999994);
#171=CIRCLE('',#2362,0.724999999999994);
#172=CIRCLE('',#2365,0.674999999999997);
#173=CIRCLE('',#2368,0.674999999999997);
#174=CIRCLE('',#2369,0.724999999999994);
#175=CIRCLE('',#2371,0.724999999999994);
#176=CIRCLE('',#2374,0.674999999999997);
#177=CYLINDRICAL_SURFACE('',#2158,0.12065);
#178=CYLINDRICAL_SURFACE('',#2162,0.12065);
#179=CYLINDRICAL_SURFACE('',#2166,0.12065);
#180=CYLINDRICAL_SURFACE('',#2172,0.12065);
#181=CYLINDRICAL_SURFACE('',#2178,0.508000000000001);
#182=CYLINDRICAL_SURFACE('',#2186,0.508000000000001);
#183=CYLINDRICAL_SURFACE('',#2188,0.508000000000001);
#184=CYLINDRICAL_SURFACE('',#2191,0.508000000000001);
#185=CYLINDRICAL_SURFACE('',#2196,0.729999999999997);
#186=CYLINDRICAL_SURFACE('',#2197,0.729999999999997);
#187=CYLINDRICAL_SURFACE('',#2205,0.12065);
#188=CYLINDRICAL_SURFACE('',#2209,0.12065);
#189=CYLINDRICAL_SURFACE('',#2215,0.12065);
#190=CYLINDRICAL_SURFACE('',#2221,0.12065);
#191=CYLINDRICAL_SURFACE('',#2225,0.508000000000001);
#192=CYLINDRICAL_SURFACE('',#2233,0.508000000000001);
#193=CYLINDRICAL_SURFACE('',#2235,0.508000000000001);
#194=CYLINDRICAL_SURFACE('',#2238,0.508000000000001);
#195=CYLINDRICAL_SURFACE('',#2243,0.730000000000003);
#196=CYLINDRICAL_SURFACE('',#2244,0.729999999999997);
#197=CYLINDRICAL_SURFACE('',#2245,0.729999999999997);
#198=CYLINDRICAL_SURFACE('',#2252,0.12065);
#199=CYLINDRICAL_SURFACE('',#2258,0.12065);
#200=CYLINDRICAL_SURFACE('',#2262,0.12065);
#201=CYLINDRICAL_SURFACE('',#2268,0.12065);
#202=CYLINDRICAL_SURFACE('',#2272,0.508000000000001);
#203=CYLINDRICAL_SURFACE('',#2279,0.508000000000001);
#204=CYLINDRICAL_SURFACE('',#2281,0.508000000000001);
#205=CYLINDRICAL_SURFACE('',#2288,0.508000000000001);
#206=CYLINDRICAL_SURFACE('',#2290,0.729999999999997);
#207=CYLINDRICAL_SURFACE('',#2291,0.729999999999997);
#208=CYLINDRICAL_SURFACE('',#2292,0.730000000000003);
#209=CYLINDRICAL_SURFACE('',#2295,0.12065);
#210=CYLINDRICAL_SURFACE('',#2301,0.12065);
#211=CYLINDRICAL_SURFACE('',#2305,0.12065);
#212=CYLINDRICAL_SURFACE('',#2311,0.12065);
#213=CYLINDRICAL_SURFACE('',#2315,0.508000000000001);
#214=CYLINDRICAL_SURFACE('',#2323,0.508000000000001);
#215=CYLINDRICAL_SURFACE('',#2326,0.508000000000001);
#216=CYLINDRICAL_SURFACE('',#2329,0.508000000000001);
#217=CYLINDRICAL_SURFACE('',#2331,0.730000000000003);
#218=CYLINDRICAL_SURFACE('',#2332,0.730000000000003);
#219=CYLINDRICAL_SURFACE('',#2333,0.730000000000003);
#220=CYLINDRICAL_SURFACE('',#2335,0.730000000000003);
#221=CYLINDRICAL_SURFACE('',#2343,0.724999999999994);
#222=CYLINDRICAL_SURFACE('',#2352,0.724999999999994);
#223=CYLINDRICAL_SURFACE('',#2361,0.724999999999994);
#224=CYLINDRICAL_SURFACE('',#2370,0.724999999999994);
#225=FACE_OUTER_BOUND('',#341,.T.);
#226=FACE_OUTER_BOUND('',#342,.T.);
#227=FACE_OUTER_BOUND('',#343,.T.);
#228=FACE_OUTER_BOUND('',#344,.T.);
#229=FACE_OUTER_BOUND('',#345,.T.);
#230=FACE_OUTER_BOUND('',#346,.T.);
#231=FACE_OUTER_BOUND('',#347,.T.);
#232=FACE_OUTER_BOUND('',#348,.T.);
#233=FACE_OUTER_BOUND('',#349,.T.);
#234=FACE_OUTER_BOUND('',#352,.T.);
#235=FACE_OUTER_BOUND('',#353,.T.);
#236=FACE_OUTER_BOUND('',#356,.T.);
#237=FACE_OUTER_BOUND('',#357,.T.);
#238=FACE_OUTER_BOUND('',#358,.T.);
#239=FACE_OUTER_BOUND('',#360,.T.);
#240=FACE_OUTER_BOUND('',#361,.T.);
#241=FACE_OUTER_BOUND('',#362,.T.);
#242=FACE_OUTER_BOUND('',#363,.T.);
#243=FACE_OUTER_BOUND('',#364,.T.);
#244=FACE_OUTER_BOUND('',#367,.T.);
#245=FACE_OUTER_BOUND('',#368,.T.);
#246=FACE_OUTER_BOUND('',#369,.T.);
#247=FACE_OUTER_BOUND('',#371,.T.);
#248=FACE_OUTER_BOUND('',#372,.T.);
#249=FACE_OUTER_BOUND('',#373,.T.);
#250=FACE_OUTER_BOUND('',#374,.T.);
#251=FACE_OUTER_BOUND('',#375,.T.);
#252=FACE_OUTER_BOUND('',#376,.T.);
#253=FACE_OUTER_BOUND('',#377,.T.);
#254=FACE_OUTER_BOUND('',#378,.T.);
#255=FACE_OUTER_BOUND('',#379,.T.);
#256=FACE_OUTER_BOUND('',#380,.T.);
#257=FACE_OUTER_BOUND('',#383,.T.);
#258=FACE_OUTER_BOUND('',#384,.T.);
#259=FACE_OUTER_BOUND('',#387,.T.);
#260=FACE_OUTER_BOUND('',#388,.T.);
#261=FACE_OUTER_BOUND('',#389,.T.);
#262=FACE_OUTER_BOUND('',#390,.T.);
#263=FACE_OUTER_BOUND('',#391,.T.);
#264=FACE_OUTER_BOUND('',#393,.T.);
#265=FACE_OUTER_BOUND('',#394,.T.);
#266=FACE_OUTER_BOUND('',#395,.T.);
#267=FACE_OUTER_BOUND('',#396,.T.);
#268=FACE_OUTER_BOUND('',#397,.T.);
#269=FACE_OUTER_BOUND('',#400,.T.);
#270=FACE_OUTER_BOUND('',#401,.T.);
#271=FACE_OUTER_BOUND('',#402,.T.);
#272=FACE_OUTER_BOUND('',#403,.T.);
#273=FACE_OUTER_BOUND('',#405,.T.);
#274=FACE_OUTER_BOUND('',#406,.T.);
#275=FACE_OUTER_BOUND('',#407,.T.);
#276=FACE_OUTER_BOUND('',#408,.T.);
#277=FACE_OUTER_BOUND('',#409,.T.);
#278=FACE_OUTER_BOUND('',#410,.T.);
#279=FACE_OUTER_BOUND('',#411,.T.);
#280=FACE_OUTER_BOUND('',#414,.T.);
#281=FACE_OUTER_BOUND('',#415,.T.);
#282=FACE_OUTER_BOUND('',#416,.T.);
#283=FACE_OUTER_BOUND('',#417,.T.);
#284=FACE_OUTER_BOUND('',#420,.T.);
#285=FACE_OUTER_BOUND('',#421,.T.);
#286=FACE_OUTER_BOUND('',#422,.T.);
#287=FACE_OUTER_BOUND('',#423,.T.);
#288=FACE_OUTER_BOUND('',#425,.T.);
#289=FACE_OUTER_BOUND('',#426,.T.);
#290=FACE_OUTER_BOUND('',#427,.T.);
#291=FACE_OUTER_BOUND('',#430,.T.);
#292=FACE_OUTER_BOUND('',#432,.T.);
#293=FACE_OUTER_BOUND('',#433,.T.);
#294=FACE_OUTER_BOUND('',#434,.T.);
#295=FACE_OUTER_BOUND('',#435,.T.);
#296=FACE_OUTER_BOUND('',#436,.T.);
#297=FACE_OUTER_BOUND('',#437,.T.);
#298=FACE_OUTER_BOUND('',#438,.T.);
#299=FACE_OUTER_BOUND('',#439,.T.);
#300=FACE_OUTER_BOUND('',#440,.T.);
#301=FACE_OUTER_BOUND('',#443,.T.);
#302=FACE_OUTER_BOUND('',#444,.T.);
#303=FACE_OUTER_BOUND('',#445,.T.);
#304=FACE_OUTER_BOUND('',#446,.T.);
#305=FACE_OUTER_BOUND('',#449,.T.);
#306=FACE_OUTER_BOUND('',#450,.T.);
#307=FACE_OUTER_BOUND('',#451,.T.);
#308=FACE_OUTER_BOUND('',#452,.T.);
#309=FACE_OUTER_BOUND('',#453,.T.);
#310=FACE_OUTER_BOUND('',#455,.T.);
#311=FACE_OUTER_BOUND('',#456,.T.);
#312=FACE_OUTER_BOUND('',#457,.T.);
#313=FACE_OUTER_BOUND('',#458,.T.);
#314=FACE_OUTER_BOUND('',#459,.T.);
#315=FACE_OUTER_BOUND('',#460,.T.);
#316=FACE_OUTER_BOUND('',#461,.T.);
#317=FACE_OUTER_BOUND('',#462,.T.);
#318=FACE_OUTER_BOUND('',#463,.T.);
#319=FACE_OUTER_BOUND('',#464,.T.);
#320=FACE_OUTER_BOUND('',#466,.T.);
#321=FACE_OUTER_BOUND('',#469,.T.);
#322=FACE_OUTER_BOUND('',#470,.T.);
#323=FACE_OUTER_BOUND('',#471,.T.);
#324=FACE_OUTER_BOUND('',#472,.T.);
#325=FACE_OUTER_BOUND('',#473,.T.);
#326=FACE_OUTER_BOUND('',#474,.T.);
#327=FACE_OUTER_BOUND('',#475,.T.);
#328=FACE_OUTER_BOUND('',#476,.T.);
#329=FACE_OUTER_BOUND('',#477,.T.);
#330=FACE_OUTER_BOUND('',#478,.T.);
#331=FACE_OUTER_BOUND('',#479,.T.);
#332=FACE_OUTER_BOUND('',#480,.T.);
#333=FACE_OUTER_BOUND('',#481,.T.);
#334=FACE_OUTER_BOUND('',#482,.T.);
#335=FACE_OUTER_BOUND('',#483,.T.);
#336=FACE_OUTER_BOUND('',#484,.T.);
#337=FACE_OUTER_BOUND('',#485,.T.);
#338=FACE_OUTER_BOUND('',#486,.T.);
#339=FACE_OUTER_BOUND('',#487,.T.);
#340=FACE_OUTER_BOUND('',#488,.T.);
#341=EDGE_LOOP('',(#1357,#1358,#1359));
#342=EDGE_LOOP('',(#1360,#1361,#1362));
#343=EDGE_LOOP('',(#1363,#1364,#1365,#1366,#1367,#1368));
#344=EDGE_LOOP('',(#1369,#1370,#1371,#1372));
#345=EDGE_LOOP('',(#1373,#1374,#1375,#1376));
#346=EDGE_LOOP('',(#1377,#1378,#1379,#1380));
#347=EDGE_LOOP('',(#1381,#1382,#1383,#1384));
#348=EDGE_LOOP('',(#1385,#1386,#1387,#1388));
#349=EDGE_LOOP('',(#1389,#1390,#1391,#1392));
#350=EDGE_LOOP('',(#1393));
#351=EDGE_LOOP('',(#1394));
#352=EDGE_LOOP('',(#1395,#1396,#1397,#1398));
#353=EDGE_LOOP('',(#1399,#1400,#1401,#1402));
#354=EDGE_LOOP('',(#1403));
#355=EDGE_LOOP('',(#1404));
#356=EDGE_LOOP('',(#1405,#1406,#1407,#1408));
#357=EDGE_LOOP('',(#1409,#1410,#1411,#1412));
#358=EDGE_LOOP('',(#1413,#1414,#1415,#1416,#1417,#1418,#1419,#1420,#1421));
#359=EDGE_LOOP('',(#1422,#1423,#1424,#1425,#1426,#1427,#1428,#1429));
#360=EDGE_LOOP('',(#1430,#1431,#1432,#1433,#1434,#1435,#1436,#1437));
#361=EDGE_LOOP('',(#1438,#1439,#1440,#1441,#1442,#1443));
#362=EDGE_LOOP('',(#1444,#1445,#1446,#1447));
#363=EDGE_LOOP('',(#1448,#1449,#1450,#1451));
#364=EDGE_LOOP('',(#1452,#1453,#1454,#1455));
#365=EDGE_LOOP('',(#1456));
#366=EDGE_LOOP('',(#1457));
#367=EDGE_LOOP('',(#1458,#1459,#1460,#1461));
#368=EDGE_LOOP('',(#1462,#1463,#1464,#1465));
#369=EDGE_LOOP('',(#1466,#1467,#1468,#1469,#1470,#1471,#1472,#1473,#1474));
#370=EDGE_LOOP('',(#1475,#1476,#1477,#1478,#1479,#1480,#1481,#1482));
#371=EDGE_LOOP('',(#1483,#1484,#1485));
#372=EDGE_LOOP('',(#1486,#1487,#1488,#1489,#1490));
#373=EDGE_LOOP('',(#1491,#1492,#1493));
#374=EDGE_LOOP('',(#1494,#1495,#1496,#1497,#1498));
#375=EDGE_LOOP('',(#1499,#1500,#1501));
#376=EDGE_LOOP('',(#1502,#1503,#1504));
#377=EDGE_LOOP('',(#1505,#1506,#1507,#1508));
#378=EDGE_LOOP('',(#1509,#1510,#1511,#1512));
#379=EDGE_LOOP('',(#1513,#1514,#1515,#1516));
#380=EDGE_LOOP('',(#1517,#1518,#1519,#1520));
#381=EDGE_LOOP('',(#1521));
#382=EDGE_LOOP('',(#1522));
#383=EDGE_LOOP('',(#1523,#1524,#1525,#1526));
#384=EDGE_LOOP('',(#1527,#1528,#1529,#1530));
#385=EDGE_LOOP('',(#1531));
#386=EDGE_LOOP('',(#1532));
#387=EDGE_LOOP('',(#1533,#1534,#1535,#1536));
#388=EDGE_LOOP('',(#1537,#1538,#1539,#1540));
#389=EDGE_LOOP('',(#1541,#1542,#1543,#1544));
#390=EDGE_LOOP('',(#1545,#1546,#1547,#1548));
#391=EDGE_LOOP('',(#1549,#1550,#1551,#1552,#1553,#1554,#1555,#1556,#1557));
#392=EDGE_LOOP('',(#1558,#1559,#1560,#1561,#1562,#1563,#1564,#1565));
#393=EDGE_LOOP('',(#1566,#1567,#1568,#1569,#1570,#1571,#1572));
#394=EDGE_LOOP('',(#1573,#1574,#1575,#1576,#1577,#1578,#1579,#1580));
#395=EDGE_LOOP('',(#1581,#1582,#1583,#1584));
#396=EDGE_LOOP('',(#1585,#1586,#1587,#1588));
#397=EDGE_LOOP('',(#1589,#1590,#1591,#1592));
#398=EDGE_LOOP('',(#1593));
#399=EDGE_LOOP('',(#1594));
#400=EDGE_LOOP('',(#1595,#1596,#1597,#1598));
#401=EDGE_LOOP('',(#1599,#1600,#1601,#1602));
#402=EDGE_LOOP('',(#1603,#1604,#1605,#1606));
#403=EDGE_LOOP('',(#1607,#1608,#1609,#1610,#1611,#1612,#1613,#1614,#1615,
#1616));
#404=EDGE_LOOP('',(#1617,#1618,#1619,#1620,#1621,#1622,#1623,#1624));
#405=EDGE_LOOP('',(#1625,#1626,#1627));
#406=EDGE_LOOP('',(#1628,#1629,#1630));
#407=EDGE_LOOP('',(#1631,#1632,#1633,#1634));
#408=EDGE_LOOP('',(#1635,#1636,#1637));
#409=EDGE_LOOP('',(#1638,#1639,#1640));
#410=EDGE_LOOP('',(#1641,#1642,#1643,#1644));
#411=EDGE_LOOP('',(#1645,#1646,#1647,#1648));
#412=EDGE_LOOP('',(#1649));
#413=EDGE_LOOP('',(#1650));
#414=EDGE_LOOP('',(#1651,#1652,#1653,#1654));
#415=EDGE_LOOP('',(#1655,#1656,#1657,#1658));
#416=EDGE_LOOP('',(#1659,#1660,#1661,#1662));
#417=EDGE_LOOP('',(#1663,#1664,#1665,#1666));
#418=EDGE_LOOP('',(#1667));
#419=EDGE_LOOP('',(#1668));
#420=EDGE_LOOP('',(#1669,#1670,#1671,#1672));
#421=EDGE_LOOP('',(#1673,#1674,#1675,#1676));
#422=EDGE_LOOP('',(#1677,#1678,#1679,#1680,#1681,#1682,#1683,#1684));
#423=EDGE_LOOP('',(#1685,#1686,#1687,#1688,#1689,#1690,#1691,#1692,#1693,
#1694));
#424=EDGE_LOOP('',(#1695,#1696,#1697,#1698,#1699,#1700,#1701,#1702));
#425=EDGE_LOOP('',(#1703,#1704,#1705,#1706,#1707,#1708,#1709));
#426=EDGE_LOOP('',(#1710,#1711,#1712,#1713));
#427=EDGE_LOOP('',(#1714,#1715,#1716,#1717));
#428=EDGE_LOOP('',(#1718));
#429=EDGE_LOOP('',(#1719));
#430=EDGE_LOOP('',(#1720,#1721,#1722,#1723,#1724,#1725,#1726,#1727,#1728));
#431=EDGE_LOOP('',(#1729,#1730,#1731,#1732,#1733,#1734,#1735,#1736));
#432=EDGE_LOOP('',(#1737,#1738,#1739,#1740));
#433=EDGE_LOOP('',(#1741,#1742,#1743,#1744));
#434=EDGE_LOOP('',(#1745,#1746,#1747,#1748));
#435=EDGE_LOOP('',(#1749,#1750,#1751,#1752));
#436=EDGE_LOOP('',(#1753,#1754,#1755,#1756));
#437=EDGE_LOOP('',(#1757,#1758,#1759,#1760));
#438=EDGE_LOOP('',(#1761,#1762,#1763));
#439=EDGE_LOOP('',(#1764,#1765,#1766,#1767));
#440=EDGE_LOOP('',(#1768,#1769,#1770,#1771));
#441=EDGE_LOOP('',(#1772));
#442=EDGE_LOOP('',(#1773));
#443=EDGE_LOOP('',(#1774,#1775,#1776,#1777));
#444=EDGE_LOOP('',(#1778,#1779,#1780,#1781));
#445=EDGE_LOOP('',(#1782,#1783,#1784,#1785));
#446=EDGE_LOOP('',(#1786,#1787,#1788,#1789));
#447=EDGE_LOOP('',(#1790));
#448=EDGE_LOOP('',(#1791));
#449=EDGE_LOOP('',(#1792,#1793,#1794,#1795));
#450=EDGE_LOOP('',(#1796,#1797,#1798,#1799));
#451=EDGE_LOOP('',(#1800,#1801,#1802,#1803));
#452=EDGE_LOOP('',(#1804,#1805,#1806,#1807));
#453=EDGE_LOOP('',(#1808,#1809,#1810,#1811,#1812,#1813,#1814,#1815,#1816,
#1817));
#454=EDGE_LOOP('',(#1818,#1819,#1820,#1821,#1822,#1823,#1824,#1825));
#455=EDGE_LOOP('',(#1826,#1827,#1828,#1829,#1830,#1831,#1832,#1833));
#456=EDGE_LOOP('',(#1834,#1835,#1836));
#457=EDGE_LOOP('',(#1837,#1838,#1839,#1840));
#458=EDGE_LOOP('',(#1841,#1842,#1843,#1844));
#459=EDGE_LOOP('',(#1845,#1846,#1847,#1848,#1849,#1850,#1851,#1852));
#460=EDGE_LOOP('',(#1853,#1854,#1855,#1856));
#461=EDGE_LOOP('',(#1857,#1858,#1859,#1860));
#462=EDGE_LOOP('',(#1861,#1862,#1863,#1864));
#463=EDGE_LOOP('',(#1865,#1866,#1867,#1868));
#464=EDGE_LOOP('',(#1869,#1870,#1871,#1872,#1873,#1874,#1875,#1876,#1877,
#1878));
#465=EDGE_LOOP('',(#1879,#1880,#1881,#1882,#1883,#1884,#1885,#1886));
#466=EDGE_LOOP('',(#1887,#1888,#1889,#1890));
#467=EDGE_LOOP('',(#1891));
#468=EDGE_LOOP('',(#1892));
#469=EDGE_LOOP('',(#1893,#1894,#1895,#1896));
#470=EDGE_LOOP('',(#1897,#1898,#1899,#1900));
#471=EDGE_LOOP('',(#1901));
#472=EDGE_LOOP('',(#1902,#1903,#1904,#1905));
#473=EDGE_LOOP('',(#1906));
#474=EDGE_LOOP('',(#1907,#1908,#1909,#1910));
#475=EDGE_LOOP('',(#1911,#1912,#1913,#1914));
#476=EDGE_LOOP('',(#1915));
#477=EDGE_LOOP('',(#1916,#1917,#1918,#1919));
#478=EDGE_LOOP('',(#1920));
#479=EDGE_LOOP('',(#1921,#1922,#1923,#1924));
#480=EDGE_LOOP('',(#1925,#1926,#1927,#1928));
#481=EDGE_LOOP('',(#1929));
#482=EDGE_LOOP('',(#1930,#1931,#1932,#1933));
#483=EDGE_LOOP('',(#1934));
#484=EDGE_LOOP('',(#1935,#1936,#1937,#1938));
#485=EDGE_LOOP('',(#1939,#1940,#1941,#1942));
#486=EDGE_LOOP('',(#1943));
#487=EDGE_LOOP('',(#1944,#1945,#1946,#1947));
#488=EDGE_LOOP('',(#1948));
#489=LINE('',#3025,#681);
#490=LINE('',#3027,#682);
#491=LINE('',#3028,#683);
#492=LINE('',#3032,#684);
#493=LINE('',#3034,#685);
#494=LINE('',#3035,#686);
#495=LINE('',#3039,#687);
#496=LINE('',#3041,#688);
#497=LINE('',#3043,#689);
#498=LINE('',#3045,#690);
#499=LINE('',#3047,#691);
#500=LINE('',#3048,#692);
#501=LINE('',#3054,#693);
#502=LINE('',#3057,#694);
#503=LINE('',#3060,#695);
#504=LINE('',#3062,#696);
#505=LINE('',#3063,#697);
#506=LINE('',#3069,#698);
#507=LINE('',#3072,#699);
#508=LINE('',#3075,#700);
#509=LINE('',#3077,#701);
#510=LINE('',#3078,#702);
#511=LINE('',#3083,#703);
#512=LINE('',#3086,#704);
#513=LINE('',#3087,#705);
#514=LINE('',#3096,#706);
#515=LINE('',#3099,#707);
#516=LINE('',#3100,#708);
#517=LINE('',#3110,#709);
#518=LINE('',#3113,#710);
#519=LINE('',#3116,#711);
#520=LINE('',#3118,#712);
#521=LINE('',#3119,#713);
#522=LINE('',#3122,#714);
#523=LINE('',#3126,#715);
#524=LINE('',#3129,#716);
#525=LINE('',#3133,#717);
#526=LINE('',#3134,#718);
#527=LINE('',#3137,#719);
#528=LINE('',#3140,#720);
#529=LINE('',#3141,#721);
#530=LINE('',#3144,#722);
#531=LINE('',#3145,#723);
#532=LINE('',#3148,#724);
#533=LINE('',#3151,#725);
#534=LINE('',#3157,#726);
#535=LINE('',#3159,#727);
#536=LINE('',#3161,#728);
#537=LINE('',#3164,#729);
#538=LINE('',#3165,#730);
#539=LINE('',#3168,#731);
#540=LINE('',#3170,#732);
#541=LINE('',#3171,#733);
#542=LINE('',#3174,#734);
#543=LINE('',#3175,#735);
#544=LINE('',#3178,#736);
#545=LINE('',#3180,#737);
#546=LINE('',#3181,#738);
#547=LINE('',#3185,#739);
#548=LINE('',#3187,#740);
#549=LINE('',#3188,#741);
#550=LINE('',#3192,#742);
#551=LINE('',#3194,#743);
#552=LINE('',#3195,#744);
#553=LINE('',#3201,#745);
#554=LINE('',#3204,#746);
#555=LINE('',#3207,#747);
#556=LINE('',#3209,#748);
#557=LINE('',#3210,#749);
#558=LINE('',#3215,#750);
#559=LINE('',#3219,#751);
#560=LINE('',#3221,#752);
#561=LINE('',#3222,#753);
#562=LINE('',#3232,#754);
#563=LINE('',#3235,#755);
#564=LINE('',#3237,#756);
#565=LINE('',#3238,#757);
#566=LINE('',#3247,#758);
#567=LINE('',#3250,#759);
#568=LINE('',#3251,#760);
#569=LINE('',#3257,#761);
#570=LINE('',#3260,#762);
#571=LINE('',#3263,#763);
#572=LINE('',#3265,#764);
#573=LINE('',#3266,#765);
#574=LINE('',#3269,#766);
#575=LINE('',#3273,#767);
#576=LINE('',#3277,#768);
#577=LINE('',#3282,#769);
#578=LINE('',#3283,#770);
#579=LINE('',#3286,#771);
#580=LINE('',#3287,#772);
#581=LINE('',#3290,#773);
#582=LINE('',#3293,#774);
#583=LINE('',#3299,#775);
#584=LINE('',#3301,#776);
#585=LINE('',#3303,#777);
#586=LINE('',#3305,#778);
#587=LINE('',#3308,#779);
#588=LINE('',#3309,#780);
#589=LINE('',#3312,#781);
#590=LINE('',#3313,#782);
#591=LINE('',#3315,#783);
#592=LINE('',#3317,#784);
#593=LINE('',#3318,#785);
#594=LINE('',#3322,#786);
#595=LINE('',#3324,#787);
#596=LINE('',#3325,#788);
#597=LINE('',#3328,#789);
#598=LINE('',#3330,#790);
#599=LINE('',#3331,#791);
#600=LINE('',#3337,#792);
#601=LINE('',#3340,#793);
#602=LINE('',#3343,#794);
#603=LINE('',#3345,#795);
#604=LINE('',#3346,#796);
#605=LINE('',#3355,#797);
#606=LINE('',#3359,#798);
#607=LINE('',#3361,#799);
#608=LINE('',#3362,#800);
#609=LINE('',#3367,#801);
#610=LINE('',#3371,#802);
#611=LINE('',#3373,#803);
#612=LINE('',#3374,#804);
#613=LINE('',#3383,#805);
#614=LINE('',#3386,#806);
#615=LINE('',#3387,#807);
#616=LINE('',#3392,#808);
#617=LINE('',#3394,#809);
#618=LINE('',#3396,#810);
#619=LINE('',#3400,#811);
#620=LINE('',#3404,#812);
#621=LINE('',#3407,#813);
#622=LINE('',#3411,#814);
#623=LINE('',#3416,#815);
#624=LINE('',#3417,#816);
#625=LINE('',#3420,#817);
#626=LINE('',#3421,#818);
#627=LINE('',#3428,#819);
#628=LINE('',#3430,#820);
#629=LINE('',#3432,#821);
#630=LINE('',#3435,#822);
#631=LINE('',#3437,#823);
#632=LINE('',#3439,#824);
#633=LINE('',#3443,#825);
#634=LINE('',#3444,#826);
#635=LINE('',#3450,#827);
#636=LINE('',#3453,#828);
#637=LINE('',#3456,#829);
#638=LINE('',#3458,#830);
#639=LINE('',#3459,#831);
#640=LINE('',#3469,#832);
#641=LINE('',#3472,#833);
#642=LINE('',#3474,#834);
#643=LINE('',#3475,#835);
#644=LINE('',#3481,#836);
#645=LINE('',#3484,#837);
#646=LINE('',#3486,#838);
#647=LINE('',#3487,#839);
#648=LINE('',#3496,#840);
#649=LINE('',#3499,#841);
#650=LINE('',#3500,#842);
#651=LINE('',#3506,#843);
#652=LINE('',#3509,#844);
#653=LINE('',#3512,#845);
#654=LINE('',#3514,#846);
#655=LINE('',#3515,#847);
#656=LINE('',#3518,#848);
#657=LINE('',#3522,#849);
#658=LINE('',#3529,#850);
#659=LINE('',#3530,#851);
#660=LINE('',#3533,#852);
#661=LINE('',#3536,#853);
#662=LINE('',#3539,#854);
#663=LINE('',#3540,#855);
#664=LINE('',#3544,#856);
#665=LINE('',#3546,#857);
#666=LINE('',#3549,#858);
#667=LINE('',#3553,#859);
#668=LINE('',#3556,#860);
#669=LINE('',#3563,#861);
#670=LINE('',#3568,#862);
#671=LINE('',#3572,#863);
#672=LINE('',#3579,#864);
#673=LINE('',#3584,#865);
#674=LINE('',#3588,#866);
#675=LINE('',#3595,#867);
#676=LINE('',#3600,#868);
#677=LINE('',#3604,#869);
#678=LINE('',#3611,#870);
#679=LINE('',#3616,#871);
#680=LINE('',#3620,#872);
#681=VECTOR('',#2384,0.999999999999999);
#682=VECTOR('',#2385,0.999999999999999);
#683=VECTOR('',#2386,0.999999999999999);
#684=VECTOR('',#2389,0.999999999999999);
#685=VECTOR('',#2390,0.999999999999999);
#686=VECTOR('',#2391,0.999999999999999);
#687=VECTOR('',#2394,0.999999999999999);
#688=VECTOR('',#2395,0.999999999999998);
#689=VECTOR('',#2396,0.999999999999999);
#690=VECTOR('',#2397,0.999999999999998);
#691=VECTOR('',#2398,0.999999999999999);
#692=VECTOR('',#2399,0.999999999999999);
#693=VECTOR('',#2404,0.999999999999999);
#694=VECTOR('',#2407,0.999999999999999);
#695=VECTOR('',#2410,0.999999999999999);
#696=VECTOR('',#2411,0.999999999999999);
#697=VECTOR('',#2412,0.999999999999999);
#698=VECTOR('',#2417,0.999999999999999);
#699=VECTOR('',#2420,0.999999999999999);
#700=VECTOR('',#2423,0.999999999999999);
#701=VECTOR('',#2424,0.999999999999999);
#702=VECTOR('',#2425,0.999999999999999);
#703=VECTOR('',#2430,0.999999999999999);
#704=VECTOR('',#2435,0.999999999999999);
#705=VECTOR('',#2436,0.999999999999999);
#706=VECTOR('',#2445,0.999999999999999);
#707=VECTOR('',#2450,0.999999999999999);
#708=VECTOR('',#2451,0.999999999999999);
#709=VECTOR('',#2460,0.999999999999999);
#710=VECTOR('',#2463,0.999999999999999);
#711=VECTOR('',#2466,0.999999999999999);
#712=VECTOR('',#2467,0.999999999999999);
#713=VECTOR('',#2468,0.999999999999999);
#714=VECTOR('',#2471,0.999999999999999);
#715=VECTOR('',#2474,0.999999999999999);
#716=VECTOR('',#2477,1.);
#717=VECTOR('',#2484,1.);
#718=VECTOR('',#2485,1.);
#719=VECTOR('',#2488,0.999999999999999);
#720=VECTOR('',#2491,1.);
#721=VECTOR('',#2492,1.);
#722=VECTOR('',#2495,0.999999999999999);
#723=VECTOR('',#2496,0.999999999999999);
#724=VECTOR('',#2499,0.999999999999999);
#725=VECTOR('',#2504,0.999999999999999);
#726=VECTOR('',#2511,0.729999999999997);
#727=VECTOR('',#2514,0.729999999999997);
#728=VECTOR('',#2517,1.);
#729=VECTOR('',#2520,0.999999999999998);
#730=VECTOR('',#2521,0.999999999999999);
#731=VECTOR('',#2524,0.999999999999999);
#732=VECTOR('',#2525,0.999999999999999);
#733=VECTOR('',#2526,0.999999999999999);
#734=VECTOR('',#2529,0.999999999999999);
#735=VECTOR('',#2530,0.999999999999998);
#736=VECTOR('',#2533,0.999999999999999);
#737=VECTOR('',#2534,0.999999999999999);
#738=VECTOR('',#2535,0.999999999999999);
#739=VECTOR('',#2538,0.999999999999999);
#740=VECTOR('',#2539,0.999999999999999);
#741=VECTOR('',#2540,0.999999999999999);
#742=VECTOR('',#2543,0.999999999999999);
#743=VECTOR('',#2544,0.999999999999999);
#744=VECTOR('',#2545,0.999999999999999);
#745=VECTOR('',#2550,0.999999999999998);
#746=VECTOR('',#2553,0.999999999999998);
#747=VECTOR('',#2556,0.999999999999999);
#748=VECTOR('',#2557,0.999999999999998);
#749=VECTOR('',#2558,0.999999999999999);
#750=VECTOR('',#2563,0.999999999999998);
#751=VECTOR('',#2568,0.999999999999998);
#752=VECTOR('',#2569,0.999999999999998);
#753=VECTOR('',#2570,0.999999999999999);
#754=VECTOR('',#2579,0.999999999999998);
#755=VECTOR('',#2582,0.999999999999998);
#756=VECTOR('',#2585,0.999999999999999);
#757=VECTOR('',#2586,0.999999999999998);
#758=VECTOR('',#2595,0.999999999999998);
#759=VECTOR('',#2600,0.999999999999999);
#760=VECTOR('',#2601,0.999999999999999);
#761=VECTOR('',#2606,0.999999999999999);
#762=VECTOR('',#2609,0.999999999999999);
#763=VECTOR('',#2612,0.999999999999999);
#764=VECTOR('',#2613,0.999999999999999);
#765=VECTOR('',#2614,0.999999999999999);
#766=VECTOR('',#2617,0.999999999999998);
#767=VECTOR('',#2620,0.999999999999999);
#768=VECTOR('',#2627,1.);
#769=VECTOR('',#2634,1.);
#770=VECTOR('',#2635,0.999999999999999);
#771=VECTOR('',#2638,0.999999999999999);
#772=VECTOR('',#2639,0.999999999999999);
#773=VECTOR('',#2642,0.999999999999999);
#774=VECTOR('',#2647,0.999999999999999);
#775=VECTOR('',#2654,0.730000000000003);
#776=VECTOR('',#2657,0.729999999999997);
#777=VECTOR('',#2660,0.729999999999997);
#778=VECTOR('',#2663,1.);
#779=VECTOR('',#2666,0.999999999999999);
#780=VECTOR('',#2667,0.999999999999999);
#781=VECTOR('',#2670,0.999999999999999);
#782=VECTOR('',#2671,0.999999999999999);
#783=VECTOR('',#2674,0.999999999999999);
#784=VECTOR('',#2675,1.);
#785=VECTOR('',#2676,0.999999999999999);
#786=VECTOR('',#2679,0.999999999999999);
#787=VECTOR('',#2680,0.999999999999999);
#788=VECTOR('',#2681,0.999999999999999);
#789=VECTOR('',#2684,0.999999999999999);
#790=VECTOR('',#2685,0.999999999999999);
#791=VECTOR('',#2686,0.999999999999999);
#792=VECTOR('',#2691,0.999999999999999);
#793=VECTOR('',#2694,0.999999999999999);
#794=VECTOR('',#2697,0.999999999999999);
#795=VECTOR('',#2698,0.999999999999999);
#796=VECTOR('',#2699,0.999999999999998);
#797=VECTOR('',#2708,0.999999999999999);
#798=VECTOR('',#2713,0.999999999999999);
#799=VECTOR('',#2714,0.999999999999999);
#800=VECTOR('',#2715,0.999999999999999);
#801=VECTOR('',#2720,0.999999999999999);
#802=VECTOR('',#2725,0.999999999999999);
#803=VECTOR('',#2726,0.999999999999999);
#804=VECTOR('',#2727,0.999999999999998);
#805=VECTOR('',#2736,0.999999999999999);
#806=VECTOR('',#2741,0.999999999999999);
#807=VECTOR('',#2742,0.999999999999999);
#808=VECTOR('',#2747,0.999999999999999);
#809=VECTOR('',#2750,1.);
#810=VECTOR('',#2753,1.);
#811=VECTOR('',#2756,0.999999999999999);
#812=VECTOR('',#2759,0.999999999999999);
#813=VECTOR('',#2762,0.999999999999999);
#814=VECTOR('',#2767,0.999999999999999);
#815=VECTOR('',#2772,0.999999999999999);
#816=VECTOR('',#2773,0.999999999999999);
#817=VECTOR('',#2776,0.999999999999998);
#818=VECTOR('',#2777,0.999999999999999);
#819=VECTOR('',#2784,0.999999999999999);
#820=VECTOR('',#2787,0.999999999999999);
#821=VECTOR('',#2790,0.999999999999999);
#822=VECTOR('',#2795,0.729999999999997);
#823=VECTOR('',#2798,0.729999999999997);
#824=VECTOR('',#2801,0.730000000000003);
#825=VECTOR('',#2806,0.999999999999999);
#826=VECTOR('',#2807,0.999999999999999);
#827=VECTOR('',#2812,0.999999999999999);
#828=VECTOR('',#2815,0.999999999999999);
#829=VECTOR('',#2818,0.999999999999999);
#830=VECTOR('',#2819,0.999999999999999);
#831=VECTOR('',#2820,0.999999999999999);
#832=VECTOR('',#2829,0.999999999999999);
#833=VECTOR('',#2832,0.999999999999999);
#834=VECTOR('',#2835,0.999999999999999);
#835=VECTOR('',#2836,0.999999999999999);
#836=VECTOR('',#2841,0.999999999999999);
#837=VECTOR('',#2844,0.999999999999999);
#838=VECTOR('',#2847,0.999999999999999);
#839=VECTOR('',#2848,0.999999999999999);
#840=VECTOR('',#2857,0.999999999999999);
#841=VECTOR('',#2862,0.999999999999999);
#842=VECTOR('',#2863,0.999999999999999);
#843=VECTOR('',#2868,0.999999999999999);
#844=VECTOR('',#2871,0.999999999999999);
#845=VECTOR('',#2874,0.999999999999999);
#846=VECTOR('',#2875,0.999999999999999);
#847=VECTOR('',#2876,0.999999999999999);
#848=VECTOR('',#2879,0.999999999999999);
#849=VECTOR('',#2882,0.999999999999999);
#850=VECTOR('',#2893,0.999999999999999);
#851=VECTOR('',#2894,0.999999999999999);
#852=VECTOR('',#2897,0.999999999999999);
#853=VECTOR('',#2900,0.999999999999999);
#854=VECTOR('',#2903,0.999999999999999);
#855=VECTOR('',#2904,0.999999999999999);
#856=VECTOR('',#2911,0.730000000000003);
#857=VECTOR('',#2914,0.730000000000003);
#858=VECTOR('',#2917,0.730000000000003);
#859=VECTOR('',#2922,0.730000000000003);
#860=VECTOR('',#2927,0.999999999999999);
#861=VECTOR('',#2936,0.699999999999996);
#862=VECTOR('',#2943,0.724999999999994);
#863=VECTOR('',#2948,0.699999999999996);
#864=VECTOR('',#2957,0.699999999999996);
#865=VECTOR('',#2964,0.724999999999994);
#866=VECTOR('',#2969,0.699999999999996);
#867=VECTOR('',#2978,0.699999999999996);
#868=VECTOR('',#2985,0.724999999999994);
#869=VECTOR('',#2990,0.699999999999996);
#870=VECTOR('',#2999,0.699999999999996);
#871=VECTOR('',#3006,0.724999999999994);
#872=VECTOR('',#3011,0.699999999999996);
#873=VERTEX_POINT('',#3023);
#874=VERTEX_POINT('',#3024);
#875=VERTEX_POINT('',#3026);
#876=VERTEX_POINT('',#3030);
#877=VERTEX_POINT('',#3031);
#878=VERTEX_POINT('',#3033);
#879=VERTEX_POINT('',#3037);
#880=VERTEX_POINT('',#3038);
#881=VERTEX_POINT('',#3040);
#882=VERTEX_POINT('',#3042);
#883=VERTEX_POINT('',#3044);
#884=VERTEX_POINT('',#3046);
#885=VERTEX_POINT('',#3050);
#886=VERTEX_POINT('',#3051);
#887=VERTEX_POINT('',#3053);
#888=VERTEX_POINT('',#3055);
#889=VERTEX_POINT('',#3059);
#890=VERTEX_POINT('',#3061);
#891=VERTEX_POINT('',#3065);
#892=VERTEX_POINT('',#3066);
#893=VERTEX_POINT('',#3068);
#894=VERTEX_POINT('',#3070);
#895=VERTEX_POINT('',#3074);
#896=VERTEX_POINT('',#3076);
#897=VERTEX_POINT('',#3080);
#898=VERTEX_POINT('',#3082);
#899=VERTEX_POINT('',#3088);
#900=VERTEX_POINT('',#3090);
#901=VERTEX_POINT('',#3093);
#902=VERTEX_POINT('',#3095);
#903=VERTEX_POINT('',#3101);
#904=VERTEX_POINT('',#3103);
#905=VERTEX_POINT('',#3106);
#906=VERTEX_POINT('',#3107);
#907=VERTEX_POINT('',#3109);
#908=VERTEX_POINT('',#3111);
#909=VERTEX_POINT('',#3115);
#910=VERTEX_POINT('',#3117);
#911=VERTEX_POINT('',#3121);
#912=VERTEX_POINT('',#3123);
#913=VERTEX_POINT('',#3125);
#914=VERTEX_POINT('',#3127);
#915=VERTEX_POINT('',#3136);
#916=VERTEX_POINT('',#3138);
#917=VERTEX_POINT('',#3143);
#918=VERTEX_POINT('',#3147);
#919=VERTEX_POINT('',#3152);
#920=VERTEX_POINT('',#3154);
#921=VERTEX_POINT('',#3163);
#922=VERTEX_POINT('',#3167);
#923=VERTEX_POINT('',#3169);
#924=VERTEX_POINT('',#3173);
#925=VERTEX_POINT('',#3177);
#926=VERTEX_POINT('',#3179);
#927=VERTEX_POINT('',#3183);
#928=VERTEX_POINT('',#3184);
#929=VERTEX_POINT('',#3186);
#930=VERTEX_POINT('',#3190);
#931=VERTEX_POINT('',#3191);
#932=VERTEX_POINT('',#3193);
#933=VERTEX_POINT('',#3197);
#934=VERTEX_POINT('',#3198);
#935=VERTEX_POINT('',#3200);
#936=VERTEX_POINT('',#3202);
#937=VERTEX_POINT('',#3206);
#938=VERTEX_POINT('',#3208);
#939=VERTEX_POINT('',#3212);
#940=VERTEX_POINT('',#3214);
#941=VERTEX_POINT('',#3218);
#942=VERTEX_POINT('',#3220);
#943=VERTEX_POINT('',#3223);
#944=VERTEX_POINT('',#3225);
#945=VERTEX_POINT('',#3228);
#946=VERTEX_POINT('',#3229);
#947=VERTEX_POINT('',#3231);
#948=VERTEX_POINT('',#3233);
#949=VERTEX_POINT('',#3239);
#950=VERTEX_POINT('',#3241);
#951=VERTEX_POINT('',#3244);
#952=VERTEX_POINT('',#3246);
#953=VERTEX_POINT('',#3253);
#954=VERTEX_POINT('',#3254);
#955=VERTEX_POINT('',#3256);
#956=VERTEX_POINT('',#3258);
#957=VERTEX_POINT('',#3262);
#958=VERTEX_POINT('',#3264);
#959=VERTEX_POINT('',#3268);
#960=VERTEX_POINT('',#3270);
#961=VERTEX_POINT('',#3272);
#962=VERTEX_POINT('',#3280);
#963=VERTEX_POINT('',#3285);
#964=VERTEX_POINT('',#3289);
#965=VERTEX_POINT('',#3294);
#966=VERTEX_POINT('',#3296);
#967=VERTEX_POINT('',#3307);
#968=VERTEX_POINT('',#3311);
#969=VERTEX_POINT('',#3316);
#970=VERTEX_POINT('',#3320);
#971=VERTEX_POINT('',#3321);
#972=VERTEX_POINT('',#3323);
#973=VERTEX_POINT('',#3327);
#974=VERTEX_POINT('',#3329);
#975=VERTEX_POINT('',#3333);
#976=VERTEX_POINT('',#3334);
#977=VERTEX_POINT('',#3336);
#978=VERTEX_POINT('',#3338);
#979=VERTEX_POINT('',#3342);
#980=VERTEX_POINT('',#3344);
#981=VERTEX_POINT('',#3347);
#982=VERTEX_POINT('',#3349);
#983=VERTEX_POINT('',#3352);
#984=VERTEX_POINT('',#3354);
#985=VERTEX_POINT('',#3358);
#986=VERTEX_POINT('',#3360);
#987=VERTEX_POINT('',#3364);
#988=VERTEX_POINT('',#3366);
#989=VERTEX_POINT('',#3370);
#990=VERTEX_POINT('',#3372);
#991=VERTEX_POINT('',#3375);
#992=VERTEX_POINT('',#3377);
#993=VERTEX_POINT('',#3380);
#994=VERTEX_POINT('',#3382);
#995=VERTEX_POINT('',#3389);
#996=VERTEX_POINT('',#3391);
#997=VERTEX_POINT('',#3397);
#998=VERTEX_POINT('',#3399);
#999=VERTEX_POINT('',#3401);
#1000=VERTEX_POINT('',#3403);
#1001=VERTEX_POINT('',#3405);
#1002=VERTEX_POINT('',#3409);
#1003=VERTEX_POINT('',#3413);
#1004=VERTEX_POINT('',#3414);
#1005=VERTEX_POINT('',#3419);
#1006=VERTEX_POINT('',#3422);
#1007=VERTEX_POINT('',#3424);
#1008=VERTEX_POINT('',#3427);
#1009=VERTEX_POINT('',#3442);
#1010=VERTEX_POINT('',#3446);
#1011=VERTEX_POINT('',#3447);
#1012=VERTEX_POINT('',#3449);
#1013=VERTEX_POINT('',#3451);
#1014=VERTEX_POINT('',#3455);
#1015=VERTEX_POINT('',#3457);
#1016=VERTEX_POINT('',#3460);
#1017=VERTEX_POINT('',#3462);
#1018=VERTEX_POINT('',#3465);
#1019=VERTEX_POINT('',#3466);
#1020=VERTEX_POINT('',#3468);
#1021=VERTEX_POINT('',#3470);
#1022=VERTEX_POINT('',#3477);
#1023=VERTEX_POINT('',#3478);
#1024=VERTEX_POINT('',#3480);
#1025=VERTEX_POINT('',#3482);
#1026=VERTEX_POINT('',#3488);
#1027=VERTEX_POINT('',#3490);
#1028=VERTEX_POINT('',#3493);
#1029=VERTEX_POINT('',#3495);
#1030=VERTEX_POINT('',#3502);
#1031=VERTEX_POINT('',#3503);
#1032=VERTEX_POINT('',#3505);
#1033=VERTEX_POINT('',#3507);
#1034=VERTEX_POINT('',#3511);
#1035=VERTEX_POINT('',#3513);
#1036=VERTEX_POINT('',#3517);
#1037=VERTEX_POINT('',#3519);
#1038=VERTEX_POINT('',#3521);
#1039=VERTEX_POINT('',#3528);
#1040=VERTEX_POINT('',#3532);
#1041=VERTEX_POINT('',#3534);
#1042=VERTEX_POINT('',#3538);
#1043=VERTEX_POINT('',#3548);
#1044=VERTEX_POINT('',#3552);
#1045=VERTEX_POINT('',#3560);
#1046=VERTEX_POINT('',#3562);
#1047=VERTEX_POINT('',#3566);
#1048=VERTEX_POINT('',#3571);
#1049=VERTEX_POINT('',#3576);
#1050=VERTEX_POINT('',#3578);
#1051=VERTEX_POINT('',#3582);
#1052=VERTEX_POINT('',#3587);
#1053=VERTEX_POINT('',#3592);
#1054=VERTEX_POINT('',#3594);
#1055=VERTEX_POINT('',#3598);
#1056=VERTEX_POINT('',#3603);
#1057=VERTEX_POINT('',#3608);
#1058=VERTEX_POINT('',#3610);
#1059=VERTEX_POINT('',#3614);
#1060=VERTEX_POINT('',#3619);
#1061=EDGE_CURVE('',#873,#874,#489,.T.);
#1062=EDGE_CURVE('',#875,#873,#490,.T.);
#1063=EDGE_CURVE('',#874,#875,#491,.T.);
#1064=EDGE_CURVE('',#876,#877,#492,.T.);
#1065=EDGE_CURVE('',#878,#876,#493,.T.);
#1066=EDGE_CURVE('',#877,#878,#494,.T.);
#1067=EDGE_CURVE('',#879,#880,#495,.T.);
#1068=EDGE_CURVE('',#879,#881,#496,.T.);
#1069=EDGE_CURVE('',#882,#881,#497,.T.);
#1070=EDGE_CURVE('',#883,#882,#498,.T.);
#1071=EDGE_CURVE('',#884,#883,#499,.T.);
#1072=EDGE_CURVE('',#880,#884,#500,.T.);
#1073=EDGE_CURVE('',#885,#886,#73,.T.);
#1074=EDGE_CURVE('',#886,#887,#501,.T.);
#1075=EDGE_CURVE('',#887,#888,#74,.T.);
#1076=EDGE_CURVE('',#888,#885,#502,.T.);
#1077=EDGE_CURVE('',#889,#886,#503,.T.);
#1078=EDGE_CURVE('',#890,#889,#504,.T.);
#1079=EDGE_CURVE('',#887,#890,#505,.T.);
#1080=EDGE_CURVE('',#891,#892,#75,.T.);
#1081=EDGE_CURVE('',#892,#893,#506,.T.);
#1082=EDGE_CURVE('',#893,#894,#76,.T.);
#1083=EDGE_CURVE('',#894,#891,#507,.T.);
#1084=EDGE_CURVE('',#895,#892,#508,.T.);
#1085=EDGE_CURVE('',#896,#895,#509,.T.);
#1086=EDGE_CURVE('',#893,#896,#510,.T.);
#1087=EDGE_CURVE('',#889,#897,#77,.T.);
#1088=EDGE_CURVE('',#897,#898,#511,.T.);
#1089=EDGE_CURVE('',#898,#890,#78,.T.);
#1090=EDGE_CURVE('',#898,#894,#512,.T.);
#1091=EDGE_CURVE('',#891,#897,#513,.T.);
#1092=EDGE_CURVE('',#899,#899,#79,.T.);
#1093=EDGE_CURVE('',#900,#900,#80,.T.);
#1094=EDGE_CURVE('',#895,#901,#81,.T.);
#1095=EDGE_CURVE('',#901,#902,#514,.T.);
#1096=EDGE_CURVE('',#902,#896,#82,.T.);
#1097=EDGE_CURVE('',#902,#888,#515,.T.);
#1098=EDGE_CURVE('',#885,#901,#516,.T.);
#1099=EDGE_CURVE('',#903,#903,#83,.T.);
#1100=EDGE_CURVE('',#904,#904,#84,.T.);
#1101=EDGE_CURVE('',#905,#906,#85,.T.);
#1102=EDGE_CURVE('',#906,#907,#517,.T.);
#1103=EDGE_CURVE('',#907,#908,#86,.T.);
#1104=EDGE_CURVE('',#908,#905,#518,.T.);
#1105=EDGE_CURVE('',#909,#908,#519,.T.);
#1106=EDGE_CURVE('',#910,#909,#520,.T.);
#1107=EDGE_CURVE('',#910,#905,#521,.T.);
#1108=EDGE_CURVE('',#911,#907,#522,.T.);
#1109=EDGE_CURVE('',#912,#911,#87,.T.);
#1110=EDGE_CURVE('',#913,#912,#523,.T.);
#1111=EDGE_CURVE('',#914,#913,#88,.T.);
#1112=EDGE_CURVE('',#874,#914,#524,.T.);
#1113=EDGE_CURVE('',#909,#875,#89,.T.);
#1114=EDGE_CURVE('',#878,#910,#90,.T.);
#1115=EDGE_CURVE('',#873,#882,#525,.T.);
#1116=EDGE_CURVE('',#881,#877,#526,.T.);
#1117=EDGE_CURVE('',#913,#915,#527,.T.);
#1118=EDGE_CURVE('',#915,#916,#91,.T.);
#1119=EDGE_CURVE('',#916,#880,#528,.T.);
#1120=EDGE_CURVE('',#884,#914,#529,.T.);
#1121=EDGE_CURVE('',#917,#912,#530,.T.);
#1122=EDGE_CURVE('',#915,#917,#531,.T.);
#1123=EDGE_CURVE('',#911,#918,#532,.T.);
#1124=EDGE_CURVE('',#918,#917,#92,.T.);
#1125=EDGE_CURVE('',#906,#918,#533,.T.);
#1126=EDGE_CURVE('',#919,#919,#93,.T.);
#1127=EDGE_CURVE('',#920,#920,#94,.T.);
#1128=EDGE_CURVE('',#900,#919,#534,.T.);
#1129=EDGE_CURVE('',#899,#920,#535,.T.);
#1130=EDGE_CURVE('',#916,#876,#536,.T.);
#1131=EDGE_CURVE('',#881,#921,#537,.T.);
#1132=EDGE_CURVE('',#877,#921,#538,.T.);
#1133=EDGE_CURVE('',#922,#876,#539,.T.);
#1134=EDGE_CURVE('',#923,#922,#540,.T.);
#1135=EDGE_CURVE('',#880,#923,#541,.T.);
#1136=EDGE_CURVE('',#924,#873,#542,.T.);
#1137=EDGE_CURVE('',#882,#924,#543,.T.);
#1138=EDGE_CURVE('',#925,#884,#544,.T.);
#1139=EDGE_CURVE('',#926,#925,#545,.T.);
#1140=EDGE_CURVE('',#874,#926,#546,.T.);
#1141=EDGE_CURVE('',#927,#928,#547,.T.);
#1142=EDGE_CURVE('',#929,#928,#548,.T.);
#1143=EDGE_CURVE('',#929,#927,#549,.T.);
#1144=EDGE_CURVE('',#930,#931,#550,.T.);
#1145=EDGE_CURVE('',#930,#932,#551,.T.);
#1146=EDGE_CURVE('',#931,#932,#552,.T.);
#1147=EDGE_CURVE('',#933,#934,#95,.T.);
#1148=EDGE_CURVE('',#934,#935,#553,.T.);
#1149=EDGE_CURVE('',#935,#936,#96,.T.);
#1150=EDGE_CURVE('',#936,#933,#554,.T.);
#1151=EDGE_CURVE('',#937,#934,#555,.T.);
#1152=EDGE_CURVE('',#938,#937,#556,.T.);
#1153=EDGE_CURVE('',#935,#938,#557,.T.);
#1154=EDGE_CURVE('',#937,#939,#97,.T.);
#1155=EDGE_CURVE('',#939,#940,#558,.T.);
#1156=EDGE_CURVE('',#940,#938,#98,.T.);
#1157=EDGE_CURVE('',#941,#939,#559,.T.);
#1158=EDGE_CURVE('',#942,#941,#560,.T.);
#1159=EDGE_CURVE('',#940,#942,#561,.T.);
#1160=EDGE_CURVE('',#943,#943,#99,.T.);
#1161=EDGE_CURVE('',#944,#944,#100,.T.);
#1162=EDGE_CURVE('',#945,#946,#101,.T.);
#1163=EDGE_CURVE('',#946,#947,#562,.T.);
#1164=EDGE_CURVE('',#947,#948,#102,.T.);
#1165=EDGE_CURVE('',#948,#945,#563,.T.);
#1166=EDGE_CURVE('',#947,#936,#564,.T.);
#1167=EDGE_CURVE('',#933,#946,#565,.T.);
#1168=EDGE_CURVE('',#949,#949,#103,.T.);
#1169=EDGE_CURVE('',#950,#950,#104,.T.);
#1170=EDGE_CURVE('',#941,#951,#105,.T.);
#1171=EDGE_CURVE('',#951,#952,#566,.T.);
#1172=EDGE_CURVE('',#952,#942,#106,.T.);
#1173=EDGE_CURVE('',#952,#948,#567,.T.);
#1174=EDGE_CURVE('',#945,#951,#568,.T.);
#1175=EDGE_CURVE('',#953,#954,#107,.T.);
#1176=EDGE_CURVE('',#954,#955,#569,.T.);
#1177=EDGE_CURVE('',#955,#956,#108,.T.);
#1178=EDGE_CURVE('',#956,#953,#570,.T.);
#1179=EDGE_CURVE('',#957,#956,#571,.T.);
#1180=EDGE_CURVE('',#958,#957,#572,.T.);
#1181=EDGE_CURVE('',#958,#953,#573,.T.);
#1182=EDGE_CURVE('',#959,#955,#574,.T.);
#1183=EDGE_CURVE('',#960,#959,#109,.T.);
#1184=EDGE_CURVE('',#961,#960,#575,.T.);
#1185=EDGE_CURVE('',#921,#961,#110,.T.);
#1186=EDGE_CURVE('',#957,#879,#111,.T.);
#1187=EDGE_CURVE('',#931,#923,#576,.T.);
#1188=EDGE_CURVE('',#932,#958,#112,.T.);
#1189=EDGE_CURVE('',#962,#929,#113,.T.);
#1190=EDGE_CURVE('',#922,#928,#577,.T.);
#1191=EDGE_CURVE('',#961,#962,#578,.T.);
#1192=EDGE_CURVE('',#963,#960,#579,.T.);
#1193=EDGE_CURVE('',#962,#963,#580,.T.);
#1194=EDGE_CURVE('',#959,#964,#581,.T.);
#1195=EDGE_CURVE('',#964,#963,#114,.T.);
#1196=EDGE_CURVE('',#954,#964,#582,.T.);
#1197=EDGE_CURVE('',#965,#965,#115,.T.);
#1198=EDGE_CURVE('',#966,#966,#116,.T.);
#1199=EDGE_CURVE('',#944,#965,#583,.T.);
#1200=EDGE_CURVE('',#943,#966,#584,.T.);
#1201=EDGE_CURVE('',#904,#949,#585,.T.);
#1202=EDGE_CURVE('',#927,#930,#586,.T.);
#1203=EDGE_CURVE('',#928,#967,#587,.T.);
#1204=EDGE_CURVE('',#922,#967,#588,.T.);
#1205=EDGE_CURVE('',#968,#930,#589,.T.);
#1206=EDGE_CURVE('',#968,#927,#590,.T.);
#1207=EDGE_CURVE('',#925,#923,#591,.T.);
#1208=EDGE_CURVE('',#969,#925,#592,.T.);
#1209=EDGE_CURVE('',#931,#969,#593,.T.);
#1210=EDGE_CURVE('',#970,#971,#594,.T.);
#1211=EDGE_CURVE('',#972,#971,#595,.T.);
#1212=EDGE_CURVE('',#970,#972,#596,.T.);
#1213=EDGE_CURVE('',#969,#973,#597,.T.);
#1214=EDGE_CURVE('',#974,#969,#598,.T.);
#1215=EDGE_CURVE('',#973,#974,#599,.T.);
#1216=EDGE_CURVE('',#975,#976,#117,.T.);
#1217=EDGE_CURVE('',#976,#977,#600,.T.);
#1218=EDGE_CURVE('',#977,#978,#118,.T.);
#1219=EDGE_CURVE('',#978,#975,#601,.T.);
#1220=EDGE_CURVE('',#979,#976,#602,.T.);
#1221=EDGE_CURVE('',#980,#979,#603,.T.);
#1222=EDGE_CURVE('',#977,#980,#604,.T.);
#1223=EDGE_CURVE('',#981,#981,#119,.T.);
#1224=EDGE_CURVE('',#982,#982,#120,.T.);
#1225=EDGE_CURVE('',#979,#983,#121,.T.);
#1226=EDGE_CURVE('',#983,#984,#605,.T.);
#1227=EDGE_CURVE('',#984,#980,#122,.T.);
#1228=EDGE_CURVE('',#985,#983,#606,.T.);
#1229=EDGE_CURVE('',#986,#985,#607,.T.);
#1230=EDGE_CURVE('',#984,#986,#608,.T.);
#1231=EDGE_CURVE('',#985,#987,#123,.T.);
#1232=EDGE_CURVE('',#987,#988,#609,.T.);
#1233=EDGE_CURVE('',#988,#986,#124,.T.);
#1234=EDGE_CURVE('',#989,#987,#610,.T.);
#1235=EDGE_CURVE('',#990,#989,#611,.T.);
#1236=EDGE_CURVE('',#988,#990,#612,.T.);
#1237=EDGE_CURVE('',#991,#991,#125,.T.);
#1238=EDGE_CURVE('',#992,#992,#126,.T.);
#1239=EDGE_CURVE('',#989,#993,#127,.T.);
#1240=EDGE_CURVE('',#993,#994,#613,.T.);
#1241=EDGE_CURVE('',#994,#990,#128,.T.);
#1242=EDGE_CURVE('',#994,#978,#614,.T.);
#1243=EDGE_CURVE('',#975,#993,#615,.T.);
#1244=EDGE_CURVE('',#972,#995,#129,.T.);
#1245=EDGE_CURVE('',#995,#996,#616,.T.);
#1246=EDGE_CURVE('',#996,#924,#130,.T.);
#1247=EDGE_CURVE('',#926,#970,#617,.T.);
#1248=EDGE_CURVE('',#973,#971,#618,.T.);
#1249=EDGE_CURVE('',#997,#974,#131,.T.);
#1250=EDGE_CURVE('',#997,#998,#619,.T.);
#1251=EDGE_CURVE('',#999,#998,#132,.T.);
#1252=EDGE_CURVE('',#1000,#999,#620,.T.);
#1253=EDGE_CURVE('',#1001,#1000,#133,.T.);
#1254=EDGE_CURVE('',#995,#1001,#621,.T.);
#1255=EDGE_CURVE('',#883,#1002,#134,.T.);
#1256=EDGE_CURVE('',#1002,#997,#622,.T.);
#1257=EDGE_CURVE('',#1003,#1004,#135,.T.);
#1258=EDGE_CURVE('',#1004,#999,#623,.T.);
#1259=EDGE_CURVE('',#998,#1003,#624,.T.);
#1260=EDGE_CURVE('',#1004,#1005,#625,.T.);
#1261=EDGE_CURVE('',#1000,#1005,#626,.T.);
#1262=EDGE_CURVE('',#1006,#1006,#136,.T.);
#1263=EDGE_CURVE('',#1007,#1007,#137,.T.);
#1264=EDGE_CURVE('',#996,#1008,#627,.T.);
#1265=EDGE_CURVE('',#1005,#1008,#138,.T.);
#1266=EDGE_CURVE('',#1002,#1003,#628,.T.);
#1267=EDGE_CURVE('',#1008,#1001,#629,.T.);
#1268=EDGE_CURVE('',#903,#992,#630,.T.);
#1269=EDGE_CURVE('',#982,#1006,#631,.T.);
#1270=EDGE_CURVE('',#981,#1007,#632,.T.);
#1271=EDGE_CURVE('',#971,#1009,#633,.T.);
#1272=EDGE_CURVE('',#973,#1009,#634,.T.);
#1273=EDGE_CURVE('',#1010,#1011,#139,.T.);
#1274=EDGE_CURVE('',#1011,#1012,#635,.T.);
#1275=EDGE_CURVE('',#1012,#1013,#140,.T.);
#1276=EDGE_CURVE('',#1013,#1010,#636,.T.);
#1277=EDGE_CURVE('',#1014,#1011,#637,.T.);
#1278=EDGE_CURVE('',#1015,#1014,#638,.T.);
#1279=EDGE_CURVE('',#1012,#1015,#639,.T.);
#1280=EDGE_CURVE('',#1016,#1016,#141,.T.);
#1281=EDGE_CURVE('',#1017,#1017,#142,.T.);
#1282=EDGE_CURVE('',#1018,#1019,#143,.T.);
#1283=EDGE_CURVE('',#1019,#1020,#640,.T.);
#1284=EDGE_CURVE('',#1020,#1021,#144,.T.);
#1285=EDGE_CURVE('',#1021,#1018,#641,.T.);
#1286=EDGE_CURVE('',#1020,#1013,#642,.T.);
#1287=EDGE_CURVE('',#1010,#1019,#643,.T.);
#1288=EDGE_CURVE('',#1022,#1023,#145,.T.);
#1289=EDGE_CURVE('',#1023,#1024,#644,.T.);
#1290=EDGE_CURVE('',#1024,#1025,#146,.T.);
#1291=EDGE_CURVE('',#1025,#1022,#645,.T.);
#1292=EDGE_CURVE('',#1024,#1021,#646,.T.);
#1293=EDGE_CURVE('',#1018,#1023,#647,.T.);
#1294=EDGE_CURVE('',#1026,#1026,#147,.T.);
#1295=EDGE_CURVE('',#1027,#1027,#148,.T.);
#1296=EDGE_CURVE('',#1014,#1028,#149,.T.);
#1297=EDGE_CURVE('',#1028,#1029,#648,.T.);
#1298=EDGE_CURVE('',#1029,#1015,#150,.T.);
#1299=EDGE_CURVE('',#1029,#1025,#649,.T.);
#1300=EDGE_CURVE('',#1022,#1028,#650,.T.);
#1301=EDGE_CURVE('',#1030,#1031,#151,.T.);
#1302=EDGE_CURVE('',#1031,#1032,#651,.T.);
#1303=EDGE_CURVE('',#1032,#1033,#152,.T.);
#1304=EDGE_CURVE('',#1033,#1030,#652,.T.);
#1305=EDGE_CURVE('',#1034,#1033,#653,.T.);
#1306=EDGE_CURVE('',#1035,#1034,#654,.T.);
#1307=EDGE_CURVE('',#1035,#1030,#655,.T.);
#1308=EDGE_CURVE('',#1036,#1032,#656,.T.);
#1309=EDGE_CURVE('',#1037,#1036,#153,.T.);
#1310=EDGE_CURVE('',#1038,#1037,#657,.T.);
#1311=EDGE_CURVE('',#967,#1038,#154,.T.);
#1312=EDGE_CURVE('',#1034,#968,#155,.T.);
#1313=EDGE_CURVE('',#1009,#1035,#156,.T.);
#1314=EDGE_CURVE('',#1039,#926,#658,.T.);
#1315=EDGE_CURVE('',#1039,#970,#659,.T.);
#1316=EDGE_CURVE('',#1036,#1040,#660,.T.);
#1317=EDGE_CURVE('',#1040,#1041,#157,.T.);
#1318=EDGE_CURVE('',#1041,#1037,#661,.T.);
#1319=EDGE_CURVE('',#1042,#1041,#662,.T.);
#1320=EDGE_CURVE('',#1038,#1042,#663,.T.);
#1321=EDGE_CURVE('',#1042,#1039,#158,.T.);
#1322=EDGE_CURVE('',#950,#1027,#664,.T.);
#1323=EDGE_CURVE('',#991,#1026,#665,.T.);
#1324=EDGE_CURVE('',#1017,#1043,#666,.T.);
#1325=EDGE_CURVE('',#1043,#1043,#159,.T.);
#1326=EDGE_CURVE('',#1016,#1044,#667,.T.);
#1327=EDGE_CURVE('',#1044,#1044,#160,.T.);
#1328=EDGE_CURVE('',#1031,#1040,#668,.T.);
#1329=EDGE_CURVE('',#1045,#1045,#161,.T.);
#1330=EDGE_CURVE('',#1045,#1046,#669,.T.);
#1331=EDGE_CURVE('',#1046,#1046,#162,.T.);
#1332=EDGE_CURVE('',#1047,#1047,#163,.T.);
#1333=EDGE_CURVE('',#1047,#1046,#670,.T.);
#1334=EDGE_CURVE('',#1047,#1048,#671,.T.);
#1335=EDGE_CURVE('',#1048,#1048,#164,.T.);
#1336=EDGE_CURVE('',#1049,#1049,#165,.T.);
#1337=EDGE_CURVE('',#1049,#1050,#672,.T.);
#1338=EDGE_CURVE('',#1050,#1050,#166,.T.);
#1339=EDGE_CURVE('',#1051,#1051,#167,.T.);
#1340=EDGE_CURVE('',#1051,#1050,#673,.T.);
#1341=EDGE_CURVE('',#1051,#1052,#674,.T.);
#1342=EDGE_CURVE('',#1052,#1052,#168,.T.);
#1343=EDGE_CURVE('',#1053,#1053,#169,.T.);
#1344=EDGE_CURVE('',#1053,#1054,#675,.T.);
#1345=EDGE_CURVE('',#1054,#1054,#170,.T.);
#1346=EDGE_CURVE('',#1055,#1055,#171,.T.);
#1347=EDGE_CURVE('',#1055,#1054,#676,.T.);
#1348=EDGE_CURVE('',#1055,#1056,#677,.T.);
#1349=EDGE_CURVE('',#1056,#1056,#172,.T.);
#1350=EDGE_CURVE('',#1057,#1057,#173,.T.);
#1351=EDGE_CURVE('',#1057,#1058,#678,.T.);
#1352=EDGE_CURVE('',#1058,#1058,#174,.T.);
#1353=EDGE_CURVE('',#1059,#1059,#175,.T.);
#1354=EDGE_CURVE('',#1059,#1058,#679,.T.);
#1355=EDGE_CURVE('',#1059,#1060,#680,.T.);
#1356=EDGE_CURVE('',#1060,#1060,#176,.T.);
#1357=ORIENTED_EDGE('',*,*,#1061,.F.);
#1358=ORIENTED_EDGE('',*,*,#1062,.F.);
#1359=ORIENTED_EDGE('',*,*,#1063,.F.);
#1360=ORIENTED_EDGE('',*,*,#1064,.F.);
#1361=ORIENTED_EDGE('',*,*,#1065,.F.);
#1362=ORIENTED_EDGE('',*,*,#1066,.F.);
#1363=ORIENTED_EDGE('',*,*,#1067,.F.);
#1364=ORIENTED_EDGE('',*,*,#1068,.T.);
#1365=ORIENTED_EDGE('',*,*,#1069,.F.);
#1366=ORIENTED_EDGE('',*,*,#1070,.F.);
#1367=ORIENTED_EDGE('',*,*,#1071,.F.);
#1368=ORIENTED_EDGE('',*,*,#1072,.F.);
#1369=ORIENTED_EDGE('',*,*,#1073,.T.);
#1370=ORIENTED_EDGE('',*,*,#1074,.T.);
#1371=ORIENTED_EDGE('',*,*,#1075,.T.);
#1372=ORIENTED_EDGE('',*,*,#1076,.T.);
#1373=ORIENTED_EDGE('',*,*,#1074,.F.);
#1374=ORIENTED_EDGE('',*,*,#1077,.F.);
#1375=ORIENTED_EDGE('',*,*,#1078,.F.);
#1376=ORIENTED_EDGE('',*,*,#1079,.F.);
#1377=ORIENTED_EDGE('',*,*,#1080,.T.);
#1378=ORIENTED_EDGE('',*,*,#1081,.T.);
#1379=ORIENTED_EDGE('',*,*,#1082,.T.);
#1380=ORIENTED_EDGE('',*,*,#1083,.T.);
#1381=ORIENTED_EDGE('',*,*,#1081,.F.);
#1382=ORIENTED_EDGE('',*,*,#1084,.F.);
#1383=ORIENTED_EDGE('',*,*,#1085,.F.);
#1384=ORIENTED_EDGE('',*,*,#1086,.F.);
#1385=ORIENTED_EDGE('',*,*,#1087,.T.);
#1386=ORIENTED_EDGE('',*,*,#1088,.T.);
#1387=ORIENTED_EDGE('',*,*,#1089,.T.);
#1388=ORIENTED_EDGE('',*,*,#1078,.T.);
#1389=ORIENTED_EDGE('',*,*,#1083,.F.);
#1390=ORIENTED_EDGE('',*,*,#1090,.F.);
#1391=ORIENTED_EDGE('',*,*,#1088,.F.);
#1392=ORIENTED_EDGE('',*,*,#1091,.F.);
#1393=ORIENTED_EDGE('',*,*,#1092,.F.);
#1394=ORIENTED_EDGE('',*,*,#1093,.F.);
#1395=ORIENTED_EDGE('',*,*,#1094,.T.);
#1396=ORIENTED_EDGE('',*,*,#1095,.T.);
#1397=ORIENTED_EDGE('',*,*,#1096,.T.);
#1398=ORIENTED_EDGE('',*,*,#1085,.T.);
#1399=ORIENTED_EDGE('',*,*,#1076,.F.);
#1400=ORIENTED_EDGE('',*,*,#1097,.F.);
#1401=ORIENTED_EDGE('',*,*,#1095,.F.);
#1402=ORIENTED_EDGE('',*,*,#1098,.F.);
#1403=ORIENTED_EDGE('',*,*,#1099,.F.);
#1404=ORIENTED_EDGE('',*,*,#1100,.F.);
#1405=ORIENTED_EDGE('',*,*,#1101,.T.);
#1406=ORIENTED_EDGE('',*,*,#1102,.T.);
#1407=ORIENTED_EDGE('',*,*,#1103,.T.);
#1408=ORIENTED_EDGE('',*,*,#1104,.T.);
#1409=ORIENTED_EDGE('',*,*,#1104,.F.);
#1410=ORIENTED_EDGE('',*,*,#1105,.F.);
#1411=ORIENTED_EDGE('',*,*,#1106,.F.);
#1412=ORIENTED_EDGE('',*,*,#1107,.T.);
#1413=ORIENTED_EDGE('',*,*,#1103,.F.);
#1414=ORIENTED_EDGE('',*,*,#1108,.F.);
#1415=ORIENTED_EDGE('',*,*,#1109,.F.);
#1416=ORIENTED_EDGE('',*,*,#1110,.F.);
#1417=ORIENTED_EDGE('',*,*,#1111,.F.);
#1418=ORIENTED_EDGE('',*,*,#1112,.F.);
#1419=ORIENTED_EDGE('',*,*,#1063,.T.);
#1420=ORIENTED_EDGE('',*,*,#1113,.F.);
#1421=ORIENTED_EDGE('',*,*,#1105,.T.);
#1422=ORIENTED_EDGE('',*,*,#1079,.T.);
#1423=ORIENTED_EDGE('',*,*,#1089,.F.);
#1424=ORIENTED_EDGE('',*,*,#1090,.T.);
#1425=ORIENTED_EDGE('',*,*,#1082,.F.);
#1426=ORIENTED_EDGE('',*,*,#1086,.T.);
#1427=ORIENTED_EDGE('',*,*,#1096,.F.);
#1428=ORIENTED_EDGE('',*,*,#1097,.T.);
#1429=ORIENTED_EDGE('',*,*,#1075,.F.);
#1430=ORIENTED_EDGE('',*,*,#1114,.T.);
#1431=ORIENTED_EDGE('',*,*,#1106,.T.);
#1432=ORIENTED_EDGE('',*,*,#1113,.T.);
#1433=ORIENTED_EDGE('',*,*,#1062,.T.);
#1434=ORIENTED_EDGE('',*,*,#1115,.T.);
#1435=ORIENTED_EDGE('',*,*,#1069,.T.);
#1436=ORIENTED_EDGE('',*,*,#1116,.T.);
#1437=ORIENTED_EDGE('',*,*,#1066,.T.);
#1438=ORIENTED_EDGE('',*,*,#1111,.T.);
#1439=ORIENTED_EDGE('',*,*,#1117,.T.);
#1440=ORIENTED_EDGE('',*,*,#1118,.T.);
#1441=ORIENTED_EDGE('',*,*,#1119,.T.);
#1442=ORIENTED_EDGE('',*,*,#1072,.T.);
#1443=ORIENTED_EDGE('',*,*,#1120,.T.);
#1444=ORIENTED_EDGE('',*,*,#1117,.F.);
#1445=ORIENTED_EDGE('',*,*,#1110,.T.);
#1446=ORIENTED_EDGE('',*,*,#1121,.F.);
#1447=ORIENTED_EDGE('',*,*,#1122,.F.);
#1448=ORIENTED_EDGE('',*,*,#1109,.T.);
#1449=ORIENTED_EDGE('',*,*,#1123,.T.);
#1450=ORIENTED_EDGE('',*,*,#1124,.T.);
#1451=ORIENTED_EDGE('',*,*,#1121,.T.);
#1452=ORIENTED_EDGE('',*,*,#1102,.F.);
#1453=ORIENTED_EDGE('',*,*,#1125,.T.);
#1454=ORIENTED_EDGE('',*,*,#1123,.F.);
#1455=ORIENTED_EDGE('',*,*,#1108,.T.);
#1456=ORIENTED_EDGE('',*,*,#1126,.T.);
#1457=ORIENTED_EDGE('',*,*,#1127,.T.);
#1458=ORIENTED_EDGE('',*,*,#1093,.T.);
#1459=ORIENTED_EDGE('',*,*,#1128,.T.);
#1460=ORIENTED_EDGE('',*,*,#1126,.F.);
#1461=ORIENTED_EDGE('',*,*,#1128,.F.);
#1462=ORIENTED_EDGE('',*,*,#1092,.T.);
#1463=ORIENTED_EDGE('',*,*,#1129,.T.);
#1464=ORIENTED_EDGE('',*,*,#1127,.F.);
#1465=ORIENTED_EDGE('',*,*,#1129,.F.);
#1466=ORIENTED_EDGE('',*,*,#1101,.F.);
#1467=ORIENTED_EDGE('',*,*,#1107,.F.);
#1468=ORIENTED_EDGE('',*,*,#1114,.F.);
#1469=ORIENTED_EDGE('',*,*,#1065,.T.);
#1470=ORIENTED_EDGE('',*,*,#1130,.F.);
#1471=ORIENTED_EDGE('',*,*,#1118,.F.);
#1472=ORIENTED_EDGE('',*,*,#1122,.T.);
#1473=ORIENTED_EDGE('',*,*,#1124,.F.);
#1474=ORIENTED_EDGE('',*,*,#1125,.F.);
#1475=ORIENTED_EDGE('',*,*,#1077,.T.);
#1476=ORIENTED_EDGE('',*,*,#1073,.F.);
#1477=ORIENTED_EDGE('',*,*,#1098,.T.);
#1478=ORIENTED_EDGE('',*,*,#1094,.F.);
#1479=ORIENTED_EDGE('',*,*,#1084,.T.);
#1480=ORIENTED_EDGE('',*,*,#1080,.F.);
#1481=ORIENTED_EDGE('',*,*,#1091,.T.);
#1482=ORIENTED_EDGE('',*,*,#1087,.F.);
#1483=ORIENTED_EDGE('',*,*,#1116,.F.);
#1484=ORIENTED_EDGE('',*,*,#1131,.T.);
#1485=ORIENTED_EDGE('',*,*,#1132,.F.);
#1486=ORIENTED_EDGE('',*,*,#1119,.F.);
#1487=ORIENTED_EDGE('',*,*,#1130,.T.);
#1488=ORIENTED_EDGE('',*,*,#1133,.F.);
#1489=ORIENTED_EDGE('',*,*,#1134,.F.);
#1490=ORIENTED_EDGE('',*,*,#1135,.F.);
#1491=ORIENTED_EDGE('',*,*,#1115,.F.);
#1492=ORIENTED_EDGE('',*,*,#1136,.F.);
#1493=ORIENTED_EDGE('',*,*,#1137,.F.);
#1494=ORIENTED_EDGE('',*,*,#1112,.T.);
#1495=ORIENTED_EDGE('',*,*,#1120,.F.);
#1496=ORIENTED_EDGE('',*,*,#1138,.F.);
#1497=ORIENTED_EDGE('',*,*,#1139,.F.);
#1498=ORIENTED_EDGE('',*,*,#1140,.F.);
#1499=ORIENTED_EDGE('',*,*,#1141,.T.);
#1500=ORIENTED_EDGE('',*,*,#1142,.F.);
#1501=ORIENTED_EDGE('',*,*,#1143,.T.);
#1502=ORIENTED_EDGE('',*,*,#1144,.F.);
#1503=ORIENTED_EDGE('',*,*,#1145,.T.);
#1504=ORIENTED_EDGE('',*,*,#1146,.F.);
#1505=ORIENTED_EDGE('',*,*,#1147,.T.);
#1506=ORIENTED_EDGE('',*,*,#1148,.T.);
#1507=ORIENTED_EDGE('',*,*,#1149,.T.);
#1508=ORIENTED_EDGE('',*,*,#1150,.T.);
#1509=ORIENTED_EDGE('',*,*,#1148,.F.);
#1510=ORIENTED_EDGE('',*,*,#1151,.F.);
#1511=ORIENTED_EDGE('',*,*,#1152,.F.);
#1512=ORIENTED_EDGE('',*,*,#1153,.F.);
#1513=ORIENTED_EDGE('',*,*,#1154,.T.);
#1514=ORIENTED_EDGE('',*,*,#1155,.T.);
#1515=ORIENTED_EDGE('',*,*,#1156,.T.);
#1516=ORIENTED_EDGE('',*,*,#1152,.T.);
#1517=ORIENTED_EDGE('',*,*,#1155,.F.);
#1518=ORIENTED_EDGE('',*,*,#1157,.F.);
#1519=ORIENTED_EDGE('',*,*,#1158,.F.);
#1520=ORIENTED_EDGE('',*,*,#1159,.F.);
#1521=ORIENTED_EDGE('',*,*,#1160,.F.);
#1522=ORIENTED_EDGE('',*,*,#1161,.F.);
#1523=ORIENTED_EDGE('',*,*,#1162,.T.);
#1524=ORIENTED_EDGE('',*,*,#1163,.T.);
#1525=ORIENTED_EDGE('',*,*,#1164,.T.);
#1526=ORIENTED_EDGE('',*,*,#1165,.T.);
#1527=ORIENTED_EDGE('',*,*,#1150,.F.);
#1528=ORIENTED_EDGE('',*,*,#1166,.F.);
#1529=ORIENTED_EDGE('',*,*,#1163,.F.);
#1530=ORIENTED_EDGE('',*,*,#1167,.F.);
#1531=ORIENTED_EDGE('',*,*,#1168,.F.);
#1532=ORIENTED_EDGE('',*,*,#1169,.F.);
#1533=ORIENTED_EDGE('',*,*,#1170,.T.);
#1534=ORIENTED_EDGE('',*,*,#1171,.T.);
#1535=ORIENTED_EDGE('',*,*,#1172,.T.);
#1536=ORIENTED_EDGE('',*,*,#1158,.T.);
#1537=ORIENTED_EDGE('',*,*,#1165,.F.);
#1538=ORIENTED_EDGE('',*,*,#1173,.F.);
#1539=ORIENTED_EDGE('',*,*,#1171,.F.);
#1540=ORIENTED_EDGE('',*,*,#1174,.F.);
#1541=ORIENTED_EDGE('',*,*,#1175,.T.);
#1542=ORIENTED_EDGE('',*,*,#1176,.T.);
#1543=ORIENTED_EDGE('',*,*,#1177,.T.);
#1544=ORIENTED_EDGE('',*,*,#1178,.T.);
#1545=ORIENTED_EDGE('',*,*,#1178,.F.);
#1546=ORIENTED_EDGE('',*,*,#1179,.F.);
#1547=ORIENTED_EDGE('',*,*,#1180,.F.);
#1548=ORIENTED_EDGE('',*,*,#1181,.T.);
#1549=ORIENTED_EDGE('',*,*,#1177,.F.);
#1550=ORIENTED_EDGE('',*,*,#1182,.F.);
#1551=ORIENTED_EDGE('',*,*,#1183,.F.);
#1552=ORIENTED_EDGE('',*,*,#1184,.F.);
#1553=ORIENTED_EDGE('',*,*,#1185,.F.);
#1554=ORIENTED_EDGE('',*,*,#1131,.F.);
#1555=ORIENTED_EDGE('',*,*,#1068,.F.);
#1556=ORIENTED_EDGE('',*,*,#1186,.F.);
#1557=ORIENTED_EDGE('',*,*,#1179,.T.);
#1558=ORIENTED_EDGE('',*,*,#1151,.T.);
#1559=ORIENTED_EDGE('',*,*,#1147,.F.);
#1560=ORIENTED_EDGE('',*,*,#1167,.T.);
#1561=ORIENTED_EDGE('',*,*,#1162,.F.);
#1562=ORIENTED_EDGE('',*,*,#1174,.T.);
#1563=ORIENTED_EDGE('',*,*,#1170,.F.);
#1564=ORIENTED_EDGE('',*,*,#1157,.T.);
#1565=ORIENTED_EDGE('',*,*,#1154,.F.);
#1566=ORIENTED_EDGE('',*,*,#1186,.T.);
#1567=ORIENTED_EDGE('',*,*,#1067,.T.);
#1568=ORIENTED_EDGE('',*,*,#1135,.T.);
#1569=ORIENTED_EDGE('',*,*,#1187,.F.);
#1570=ORIENTED_EDGE('',*,*,#1146,.T.);
#1571=ORIENTED_EDGE('',*,*,#1188,.T.);
#1572=ORIENTED_EDGE('',*,*,#1180,.T.);
#1573=ORIENTED_EDGE('',*,*,#1189,.T.);
#1574=ORIENTED_EDGE('',*,*,#1142,.T.);
#1575=ORIENTED_EDGE('',*,*,#1190,.F.);
#1576=ORIENTED_EDGE('',*,*,#1133,.T.);
#1577=ORIENTED_EDGE('',*,*,#1064,.T.);
#1578=ORIENTED_EDGE('',*,*,#1132,.T.);
#1579=ORIENTED_EDGE('',*,*,#1185,.T.);
#1580=ORIENTED_EDGE('',*,*,#1191,.T.);
#1581=ORIENTED_EDGE('',*,*,#1191,.F.);
#1582=ORIENTED_EDGE('',*,*,#1184,.T.);
#1583=ORIENTED_EDGE('',*,*,#1192,.F.);
#1584=ORIENTED_EDGE('',*,*,#1193,.F.);
#1585=ORIENTED_EDGE('',*,*,#1183,.T.);
#1586=ORIENTED_EDGE('',*,*,#1194,.T.);
#1587=ORIENTED_EDGE('',*,*,#1195,.T.);
#1588=ORIENTED_EDGE('',*,*,#1192,.T.);
#1589=ORIENTED_EDGE('',*,*,#1176,.F.);
#1590=ORIENTED_EDGE('',*,*,#1196,.T.);
#1591=ORIENTED_EDGE('',*,*,#1194,.F.);
#1592=ORIENTED_EDGE('',*,*,#1182,.T.);
#1593=ORIENTED_EDGE('',*,*,#1197,.T.);
#1594=ORIENTED_EDGE('',*,*,#1198,.T.);
#1595=ORIENTED_EDGE('',*,*,#1161,.T.);
#1596=ORIENTED_EDGE('',*,*,#1199,.T.);
#1597=ORIENTED_EDGE('',*,*,#1197,.F.);
#1598=ORIENTED_EDGE('',*,*,#1199,.F.);
#1599=ORIENTED_EDGE('',*,*,#1160,.T.);
#1600=ORIENTED_EDGE('',*,*,#1200,.T.);
#1601=ORIENTED_EDGE('',*,*,#1198,.F.);
#1602=ORIENTED_EDGE('',*,*,#1200,.F.);
#1603=ORIENTED_EDGE('',*,*,#1100,.T.);
#1604=ORIENTED_EDGE('',*,*,#1201,.T.);
#1605=ORIENTED_EDGE('',*,*,#1168,.T.);
#1606=ORIENTED_EDGE('',*,*,#1201,.F.);
#1607=ORIENTED_EDGE('',*,*,#1175,.F.);
#1608=ORIENTED_EDGE('',*,*,#1181,.F.);
#1609=ORIENTED_EDGE('',*,*,#1188,.F.);
#1610=ORIENTED_EDGE('',*,*,#1145,.F.);
#1611=ORIENTED_EDGE('',*,*,#1202,.F.);
#1612=ORIENTED_EDGE('',*,*,#1143,.F.);
#1613=ORIENTED_EDGE('',*,*,#1189,.F.);
#1614=ORIENTED_EDGE('',*,*,#1193,.T.);
#1615=ORIENTED_EDGE('',*,*,#1195,.F.);
#1616=ORIENTED_EDGE('',*,*,#1196,.F.);
#1617=ORIENTED_EDGE('',*,*,#1153,.T.);
#1618=ORIENTED_EDGE('',*,*,#1156,.F.);
#1619=ORIENTED_EDGE('',*,*,#1159,.T.);
#1620=ORIENTED_EDGE('',*,*,#1172,.F.);
#1621=ORIENTED_EDGE('',*,*,#1173,.T.);
#1622=ORIENTED_EDGE('',*,*,#1164,.F.);
#1623=ORIENTED_EDGE('',*,*,#1166,.T.);
#1624=ORIENTED_EDGE('',*,*,#1149,.F.);
#1625=ORIENTED_EDGE('',*,*,#1190,.T.);
#1626=ORIENTED_EDGE('',*,*,#1203,.T.);
#1627=ORIENTED_EDGE('',*,*,#1204,.F.);
#1628=ORIENTED_EDGE('',*,*,#1202,.T.);
#1629=ORIENTED_EDGE('',*,*,#1205,.F.);
#1630=ORIENTED_EDGE('',*,*,#1206,.T.);
#1631=ORIENTED_EDGE('',*,*,#1187,.T.);
#1632=ORIENTED_EDGE('',*,*,#1207,.F.);
#1633=ORIENTED_EDGE('',*,*,#1208,.F.);
#1634=ORIENTED_EDGE('',*,*,#1209,.F.);
#1635=ORIENTED_EDGE('',*,*,#1210,.T.);
#1636=ORIENTED_EDGE('',*,*,#1211,.F.);
#1637=ORIENTED_EDGE('',*,*,#1212,.F.);
#1638=ORIENTED_EDGE('',*,*,#1213,.F.);
#1639=ORIENTED_EDGE('',*,*,#1214,.F.);
#1640=ORIENTED_EDGE('',*,*,#1215,.F.);
#1641=ORIENTED_EDGE('',*,*,#1216,.T.);
#1642=ORIENTED_EDGE('',*,*,#1217,.T.);
#1643=ORIENTED_EDGE('',*,*,#1218,.T.);
#1644=ORIENTED_EDGE('',*,*,#1219,.T.);
#1645=ORIENTED_EDGE('',*,*,#1217,.F.);
#1646=ORIENTED_EDGE('',*,*,#1220,.F.);
#1647=ORIENTED_EDGE('',*,*,#1221,.F.);
#1648=ORIENTED_EDGE('',*,*,#1222,.F.);
#1649=ORIENTED_EDGE('',*,*,#1223,.F.);
#1650=ORIENTED_EDGE('',*,*,#1224,.F.);
#1651=ORIENTED_EDGE('',*,*,#1225,.T.);
#1652=ORIENTED_EDGE('',*,*,#1226,.T.);
#1653=ORIENTED_EDGE('',*,*,#1227,.T.);
#1654=ORIENTED_EDGE('',*,*,#1221,.T.);
#1655=ORIENTED_EDGE('',*,*,#1226,.F.);
#1656=ORIENTED_EDGE('',*,*,#1228,.F.);
#1657=ORIENTED_EDGE('',*,*,#1229,.F.);
#1658=ORIENTED_EDGE('',*,*,#1230,.F.);
#1659=ORIENTED_EDGE('',*,*,#1231,.T.);
#1660=ORIENTED_EDGE('',*,*,#1232,.T.);
#1661=ORIENTED_EDGE('',*,*,#1233,.T.);
#1662=ORIENTED_EDGE('',*,*,#1229,.T.);
#1663=ORIENTED_EDGE('',*,*,#1232,.F.);
#1664=ORIENTED_EDGE('',*,*,#1234,.F.);
#1665=ORIENTED_EDGE('',*,*,#1235,.F.);
#1666=ORIENTED_EDGE('',*,*,#1236,.F.);
#1667=ORIENTED_EDGE('',*,*,#1237,.F.);
#1668=ORIENTED_EDGE('',*,*,#1238,.F.);
#1669=ORIENTED_EDGE('',*,*,#1239,.T.);
#1670=ORIENTED_EDGE('',*,*,#1240,.T.);
#1671=ORIENTED_EDGE('',*,*,#1241,.T.);
#1672=ORIENTED_EDGE('',*,*,#1235,.T.);
#1673=ORIENTED_EDGE('',*,*,#1219,.F.);
#1674=ORIENTED_EDGE('',*,*,#1242,.F.);
#1675=ORIENTED_EDGE('',*,*,#1240,.F.);
#1676=ORIENTED_EDGE('',*,*,#1243,.F.);
#1677=ORIENTED_EDGE('',*,*,#1244,.T.);
#1678=ORIENTED_EDGE('',*,*,#1245,.T.);
#1679=ORIENTED_EDGE('',*,*,#1246,.T.);
#1680=ORIENTED_EDGE('',*,*,#1136,.T.);
#1681=ORIENTED_EDGE('',*,*,#1061,.T.);
#1682=ORIENTED_EDGE('',*,*,#1140,.T.);
#1683=ORIENTED_EDGE('',*,*,#1247,.T.);
#1684=ORIENTED_EDGE('',*,*,#1212,.T.);
#1685=ORIENTED_EDGE('',*,*,#1244,.F.);
#1686=ORIENTED_EDGE('',*,*,#1211,.T.);
#1687=ORIENTED_EDGE('',*,*,#1248,.F.);
#1688=ORIENTED_EDGE('',*,*,#1215,.T.);
#1689=ORIENTED_EDGE('',*,*,#1249,.F.);
#1690=ORIENTED_EDGE('',*,*,#1250,.T.);
#1691=ORIENTED_EDGE('',*,*,#1251,.F.);
#1692=ORIENTED_EDGE('',*,*,#1252,.F.);
#1693=ORIENTED_EDGE('',*,*,#1253,.F.);
#1694=ORIENTED_EDGE('',*,*,#1254,.F.);
#1695=ORIENTED_EDGE('',*,*,#1228,.T.);
#1696=ORIENTED_EDGE('',*,*,#1225,.F.);
#1697=ORIENTED_EDGE('',*,*,#1220,.T.);
#1698=ORIENTED_EDGE('',*,*,#1216,.F.);
#1699=ORIENTED_EDGE('',*,*,#1243,.T.);
#1700=ORIENTED_EDGE('',*,*,#1239,.F.);
#1701=ORIENTED_EDGE('',*,*,#1234,.T.);
#1702=ORIENTED_EDGE('',*,*,#1231,.F.);
#1703=ORIENTED_EDGE('',*,*,#1255,.T.);
#1704=ORIENTED_EDGE('',*,*,#1256,.T.);
#1705=ORIENTED_EDGE('',*,*,#1249,.T.);
#1706=ORIENTED_EDGE('',*,*,#1214,.T.);
#1707=ORIENTED_EDGE('',*,*,#1208,.T.);
#1708=ORIENTED_EDGE('',*,*,#1138,.T.);
#1709=ORIENTED_EDGE('',*,*,#1071,.T.);
#1710=ORIENTED_EDGE('',*,*,#1257,.T.);
#1711=ORIENTED_EDGE('',*,*,#1258,.T.);
#1712=ORIENTED_EDGE('',*,*,#1251,.T.);
#1713=ORIENTED_EDGE('',*,*,#1259,.T.);
#1714=ORIENTED_EDGE('',*,*,#1258,.F.);
#1715=ORIENTED_EDGE('',*,*,#1260,.T.);
#1716=ORIENTED_EDGE('',*,*,#1261,.F.);
#1717=ORIENTED_EDGE('',*,*,#1252,.T.);
#1718=ORIENTED_EDGE('',*,*,#1262,.T.);
#1719=ORIENTED_EDGE('',*,*,#1263,.T.);
#1720=ORIENTED_EDGE('',*,*,#1246,.F.);
#1721=ORIENTED_EDGE('',*,*,#1264,.T.);
#1722=ORIENTED_EDGE('',*,*,#1265,.F.);
#1723=ORIENTED_EDGE('',*,*,#1260,.F.);
#1724=ORIENTED_EDGE('',*,*,#1257,.F.);
#1725=ORIENTED_EDGE('',*,*,#1266,.F.);
#1726=ORIENTED_EDGE('',*,*,#1255,.F.);
#1727=ORIENTED_EDGE('',*,*,#1070,.T.);
#1728=ORIENTED_EDGE('',*,*,#1137,.T.);
#1729=ORIENTED_EDGE('',*,*,#1230,.T.);
#1730=ORIENTED_EDGE('',*,*,#1233,.F.);
#1731=ORIENTED_EDGE('',*,*,#1236,.T.);
#1732=ORIENTED_EDGE('',*,*,#1241,.F.);
#1733=ORIENTED_EDGE('',*,*,#1242,.T.);
#1734=ORIENTED_EDGE('',*,*,#1218,.F.);
#1735=ORIENTED_EDGE('',*,*,#1222,.T.);
#1736=ORIENTED_EDGE('',*,*,#1227,.F.);
#1737=ORIENTED_EDGE('',*,*,#1253,.T.);
#1738=ORIENTED_EDGE('',*,*,#1261,.T.);
#1739=ORIENTED_EDGE('',*,*,#1265,.T.);
#1740=ORIENTED_EDGE('',*,*,#1267,.T.);
#1741=ORIENTED_EDGE('',*,*,#1245,.F.);
#1742=ORIENTED_EDGE('',*,*,#1254,.T.);
#1743=ORIENTED_EDGE('',*,*,#1267,.F.);
#1744=ORIENTED_EDGE('',*,*,#1264,.F.);
#1745=ORIENTED_EDGE('',*,*,#1099,.T.);
#1746=ORIENTED_EDGE('',*,*,#1268,.T.);
#1747=ORIENTED_EDGE('',*,*,#1238,.T.);
#1748=ORIENTED_EDGE('',*,*,#1268,.F.);
#1749=ORIENTED_EDGE('',*,*,#1224,.T.);
#1750=ORIENTED_EDGE('',*,*,#1269,.T.);
#1751=ORIENTED_EDGE('',*,*,#1262,.F.);
#1752=ORIENTED_EDGE('',*,*,#1269,.F.);
#1753=ORIENTED_EDGE('',*,*,#1223,.T.);
#1754=ORIENTED_EDGE('',*,*,#1270,.T.);
#1755=ORIENTED_EDGE('',*,*,#1263,.F.);
#1756=ORIENTED_EDGE('',*,*,#1270,.F.);
#1757=ORIENTED_EDGE('',*,*,#1256,.F.);
#1758=ORIENTED_EDGE('',*,*,#1266,.T.);
#1759=ORIENTED_EDGE('',*,*,#1259,.F.);
#1760=ORIENTED_EDGE('',*,*,#1250,.F.);
#1761=ORIENTED_EDGE('',*,*,#1248,.T.);
#1762=ORIENTED_EDGE('',*,*,#1271,.T.);
#1763=ORIENTED_EDGE('',*,*,#1272,.F.);
#1764=ORIENTED_EDGE('',*,*,#1273,.T.);
#1765=ORIENTED_EDGE('',*,*,#1274,.T.);
#1766=ORIENTED_EDGE('',*,*,#1275,.T.);
#1767=ORIENTED_EDGE('',*,*,#1276,.T.);
#1768=ORIENTED_EDGE('',*,*,#1274,.F.);
#1769=ORIENTED_EDGE('',*,*,#1277,.F.);
#1770=ORIENTED_EDGE('',*,*,#1278,.F.);
#1771=ORIENTED_EDGE('',*,*,#1279,.F.);
#1772=ORIENTED_EDGE('',*,*,#1280,.F.);
#1773=ORIENTED_EDGE('',*,*,#1281,.F.);
#1774=ORIENTED_EDGE('',*,*,#1282,.T.);
#1775=ORIENTED_EDGE('',*,*,#1283,.T.);
#1776=ORIENTED_EDGE('',*,*,#1284,.T.);
#1777=ORIENTED_EDGE('',*,*,#1285,.T.);
#1778=ORIENTED_EDGE('',*,*,#1276,.F.);
#1779=ORIENTED_EDGE('',*,*,#1286,.F.);
#1780=ORIENTED_EDGE('',*,*,#1283,.F.);
#1781=ORIENTED_EDGE('',*,*,#1287,.F.);
#1782=ORIENTED_EDGE('',*,*,#1288,.T.);
#1783=ORIENTED_EDGE('',*,*,#1289,.T.);
#1784=ORIENTED_EDGE('',*,*,#1290,.T.);
#1785=ORIENTED_EDGE('',*,*,#1291,.T.);
#1786=ORIENTED_EDGE('',*,*,#1285,.F.);
#1787=ORIENTED_EDGE('',*,*,#1292,.F.);
#1788=ORIENTED_EDGE('',*,*,#1289,.F.);
#1789=ORIENTED_EDGE('',*,*,#1293,.F.);
#1790=ORIENTED_EDGE('',*,*,#1294,.F.);
#1791=ORIENTED_EDGE('',*,*,#1295,.F.);
#1792=ORIENTED_EDGE('',*,*,#1296,.T.);
#1793=ORIENTED_EDGE('',*,*,#1297,.T.);
#1794=ORIENTED_EDGE('',*,*,#1298,.T.);
#1795=ORIENTED_EDGE('',*,*,#1278,.T.);
#1796=ORIENTED_EDGE('',*,*,#1291,.F.);
#1797=ORIENTED_EDGE('',*,*,#1299,.F.);
#1798=ORIENTED_EDGE('',*,*,#1297,.F.);
#1799=ORIENTED_EDGE('',*,*,#1300,.F.);
#1800=ORIENTED_EDGE('',*,*,#1301,.T.);
#1801=ORIENTED_EDGE('',*,*,#1302,.T.);
#1802=ORIENTED_EDGE('',*,*,#1303,.T.);
#1803=ORIENTED_EDGE('',*,*,#1304,.T.);
#1804=ORIENTED_EDGE('',*,*,#1304,.F.);
#1805=ORIENTED_EDGE('',*,*,#1305,.F.);
#1806=ORIENTED_EDGE('',*,*,#1306,.F.);
#1807=ORIENTED_EDGE('',*,*,#1307,.T.);
#1808=ORIENTED_EDGE('',*,*,#1303,.F.);
#1809=ORIENTED_EDGE('',*,*,#1308,.F.);
#1810=ORIENTED_EDGE('',*,*,#1309,.F.);
#1811=ORIENTED_EDGE('',*,*,#1310,.F.);
#1812=ORIENTED_EDGE('',*,*,#1311,.F.);
#1813=ORIENTED_EDGE('',*,*,#1203,.F.);
#1814=ORIENTED_EDGE('',*,*,#1141,.F.);
#1815=ORIENTED_EDGE('',*,*,#1206,.F.);
#1816=ORIENTED_EDGE('',*,*,#1312,.F.);
#1817=ORIENTED_EDGE('',*,*,#1305,.T.);
#1818=ORIENTED_EDGE('',*,*,#1287,.T.);
#1819=ORIENTED_EDGE('',*,*,#1282,.F.);
#1820=ORIENTED_EDGE('',*,*,#1293,.T.);
#1821=ORIENTED_EDGE('',*,*,#1288,.F.);
#1822=ORIENTED_EDGE('',*,*,#1300,.T.);
#1823=ORIENTED_EDGE('',*,*,#1296,.F.);
#1824=ORIENTED_EDGE('',*,*,#1277,.T.);
#1825=ORIENTED_EDGE('',*,*,#1273,.F.);
#1826=ORIENTED_EDGE('',*,*,#1312,.T.);
#1827=ORIENTED_EDGE('',*,*,#1205,.T.);
#1828=ORIENTED_EDGE('',*,*,#1144,.T.);
#1829=ORIENTED_EDGE('',*,*,#1209,.T.);
#1830=ORIENTED_EDGE('',*,*,#1213,.T.);
#1831=ORIENTED_EDGE('',*,*,#1272,.T.);
#1832=ORIENTED_EDGE('',*,*,#1313,.T.);
#1833=ORIENTED_EDGE('',*,*,#1306,.T.);
#1834=ORIENTED_EDGE('',*,*,#1247,.F.);
#1835=ORIENTED_EDGE('',*,*,#1314,.F.);
#1836=ORIENTED_EDGE('',*,*,#1315,.T.);
#1837=ORIENTED_EDGE('',*,*,#1309,.T.);
#1838=ORIENTED_EDGE('',*,*,#1316,.T.);
#1839=ORIENTED_EDGE('',*,*,#1317,.T.);
#1840=ORIENTED_EDGE('',*,*,#1318,.T.);
#1841=ORIENTED_EDGE('',*,*,#1318,.F.);
#1842=ORIENTED_EDGE('',*,*,#1319,.F.);
#1843=ORIENTED_EDGE('',*,*,#1320,.F.);
#1844=ORIENTED_EDGE('',*,*,#1310,.T.);
#1845=ORIENTED_EDGE('',*,*,#1321,.T.);
#1846=ORIENTED_EDGE('',*,*,#1314,.T.);
#1847=ORIENTED_EDGE('',*,*,#1139,.T.);
#1848=ORIENTED_EDGE('',*,*,#1207,.T.);
#1849=ORIENTED_EDGE('',*,*,#1134,.T.);
#1850=ORIENTED_EDGE('',*,*,#1204,.T.);
#1851=ORIENTED_EDGE('',*,*,#1311,.T.);
#1852=ORIENTED_EDGE('',*,*,#1320,.T.);
#1853=ORIENTED_EDGE('',*,*,#1169,.T.);
#1854=ORIENTED_EDGE('',*,*,#1322,.T.);
#1855=ORIENTED_EDGE('',*,*,#1295,.T.);
#1856=ORIENTED_EDGE('',*,*,#1322,.F.);
#1857=ORIENTED_EDGE('',*,*,#1237,.T.);
#1858=ORIENTED_EDGE('',*,*,#1323,.T.);
#1859=ORIENTED_EDGE('',*,*,#1294,.T.);
#1860=ORIENTED_EDGE('',*,*,#1323,.F.);
#1861=ORIENTED_EDGE('',*,*,#1281,.T.);
#1862=ORIENTED_EDGE('',*,*,#1324,.T.);
#1863=ORIENTED_EDGE('',*,*,#1325,.F.);
#1864=ORIENTED_EDGE('',*,*,#1324,.F.);
#1865=ORIENTED_EDGE('',*,*,#1280,.T.);
#1866=ORIENTED_EDGE('',*,*,#1326,.T.);
#1867=ORIENTED_EDGE('',*,*,#1327,.F.);
#1868=ORIENTED_EDGE('',*,*,#1326,.F.);
#1869=ORIENTED_EDGE('',*,*,#1301,.F.);
#1870=ORIENTED_EDGE('',*,*,#1307,.F.);
#1871=ORIENTED_EDGE('',*,*,#1313,.F.);
#1872=ORIENTED_EDGE('',*,*,#1271,.F.);
#1873=ORIENTED_EDGE('',*,*,#1210,.F.);
#1874=ORIENTED_EDGE('',*,*,#1315,.F.);
#1875=ORIENTED_EDGE('',*,*,#1321,.F.);
#1876=ORIENTED_EDGE('',*,*,#1319,.T.);
#1877=ORIENTED_EDGE('',*,*,#1317,.F.);
#1878=ORIENTED_EDGE('',*,*,#1328,.F.);
#1879=ORIENTED_EDGE('',*,*,#1286,.T.);
#1880=ORIENTED_EDGE('',*,*,#1275,.F.);
#1881=ORIENTED_EDGE('',*,*,#1279,.T.);
#1882=ORIENTED_EDGE('',*,*,#1298,.F.);
#1883=ORIENTED_EDGE('',*,*,#1299,.T.);
#1884=ORIENTED_EDGE('',*,*,#1290,.F.);
#1885=ORIENTED_EDGE('',*,*,#1292,.T.);
#1886=ORIENTED_EDGE('',*,*,#1284,.F.);
#1887=ORIENTED_EDGE('',*,*,#1302,.F.);
#1888=ORIENTED_EDGE('',*,*,#1328,.T.);
#1889=ORIENTED_EDGE('',*,*,#1316,.F.);
#1890=ORIENTED_EDGE('',*,*,#1308,.T.);
#1891=ORIENTED_EDGE('',*,*,#1327,.T.);
#1892=ORIENTED_EDGE('',*,*,#1325,.T.);
#1893=ORIENTED_EDGE('',*,*,#1329,.T.);
#1894=ORIENTED_EDGE('',*,*,#1330,.T.);
#1895=ORIENTED_EDGE('',*,*,#1331,.T.);
#1896=ORIENTED_EDGE('',*,*,#1330,.F.);
#1897=ORIENTED_EDGE('',*,*,#1332,.F.);
#1898=ORIENTED_EDGE('',*,*,#1333,.T.);
#1899=ORIENTED_EDGE('',*,*,#1331,.F.);
#1900=ORIENTED_EDGE('',*,*,#1333,.F.);
#1901=ORIENTED_EDGE('',*,*,#1329,.F.);
#1902=ORIENTED_EDGE('',*,*,#1332,.T.);
#1903=ORIENTED_EDGE('',*,*,#1334,.T.);
#1904=ORIENTED_EDGE('',*,*,#1335,.T.);
#1905=ORIENTED_EDGE('',*,*,#1334,.F.);
#1906=ORIENTED_EDGE('',*,*,#1335,.F.);
#1907=ORIENTED_EDGE('',*,*,#1336,.T.);
#1908=ORIENTED_EDGE('',*,*,#1337,.T.);
#1909=ORIENTED_EDGE('',*,*,#1338,.T.);
#1910=ORIENTED_EDGE('',*,*,#1337,.F.);
#1911=ORIENTED_EDGE('',*,*,#1339,.F.);
#1912=ORIENTED_EDGE('',*,*,#1340,.T.);
#1913=ORIENTED_EDGE('',*,*,#1338,.F.);
#1914=ORIENTED_EDGE('',*,*,#1340,.F.);
#1915=ORIENTED_EDGE('',*,*,#1336,.F.);
#1916=ORIENTED_EDGE('',*,*,#1339,.T.);
#1917=ORIENTED_EDGE('',*,*,#1341,.T.);
#1918=ORIENTED_EDGE('',*,*,#1342,.T.);
#1919=ORIENTED_EDGE('',*,*,#1341,.F.);
#1920=ORIENTED_EDGE('',*,*,#1342,.F.);
#1921=ORIENTED_EDGE('',*,*,#1343,.T.);
#1922=ORIENTED_EDGE('',*,*,#1344,.T.);
#1923=ORIENTED_EDGE('',*,*,#1345,.T.);
#1924=ORIENTED_EDGE('',*,*,#1344,.F.);
#1925=ORIENTED_EDGE('',*,*,#1346,.F.);
#1926=ORIENTED_EDGE('',*,*,#1347,.T.);
#1927=ORIENTED_EDGE('',*,*,#1345,.F.);
#1928=ORIENTED_EDGE('',*,*,#1347,.F.);
#1929=ORIENTED_EDGE('',*,*,#1343,.F.);
#1930=ORIENTED_EDGE('',*,*,#1346,.T.);
#1931=ORIENTED_EDGE('',*,*,#1348,.T.);
#1932=ORIENTED_EDGE('',*,*,#1349,.T.);
#1933=ORIENTED_EDGE('',*,*,#1348,.F.);
#1934=ORIENTED_EDGE('',*,*,#1349,.F.);
#1935=ORIENTED_EDGE('',*,*,#1350,.T.);
#1936=ORIENTED_EDGE('',*,*,#1351,.T.);
#1937=ORIENTED_EDGE('',*,*,#1352,.T.);
#1938=ORIENTED_EDGE('',*,*,#1351,.F.);
#1939=ORIENTED_EDGE('',*,*,#1353,.F.);
#1940=ORIENTED_EDGE('',*,*,#1354,.T.);
#1941=ORIENTED_EDGE('',*,*,#1352,.F.);
#1942=ORIENTED_EDGE('',*,*,#1354,.F.);
#1943=ORIENTED_EDGE('',*,*,#1350,.F.);
#1944=ORIENTED_EDGE('',*,*,#1353,.T.);
#1945=ORIENTED_EDGE('',*,*,#1355,.T.);
#1946=ORIENTED_EDGE('',*,*,#1356,.T.);
#1947=ORIENTED_EDGE('',*,*,#1355,.F.);
#1948=ORIENTED_EDGE('',*,*,#1356,.F.);
#1949=PLANE('',#2155);
#1950=PLANE('',#2156);
#1951=PLANE('',#2157);
#1952=PLANE('',#2161);
#1953=PLANE('',#2165);
#1954=PLANE('',#2169);
#1955=PLANE('',#2175);
#1956=PLANE('',#2181);
#1957=PLANE('',#2182);
#1958=PLANE('',#2190);
#1959=PLANE('',#2193);
#1960=PLANE('',#2198);
#1961=PLANE('',#2199);
#1962=PLANE('',#2200);
#1963=PLANE('',#2201);
#1964=PLANE('',#2202);
#1965=PLANE('',#2203);
#1966=PLANE('',#2204);
#1967=PLANE('',#2208);
#1968=PLANE('',#2212);
#1969=PLANE('',#2218);
#1970=PLANE('',#2224);
#1971=PLANE('',#2228);
#1972=PLANE('',#2229);
#1973=PLANE('',#2237);
#1974=PLANE('',#2240);
#1975=PLANE('',#2246);
#1976=PLANE('',#2247);
#1977=PLANE('',#2248);
#1978=PLANE('',#2249);
#1979=PLANE('',#2250);
#1980=PLANE('',#2251);
#1981=PLANE('',#2255);
#1982=PLANE('',#2261);
#1983=PLANE('',#2265);
#1984=PLANE('',#2271);
#1985=PLANE('',#2275);
#1986=PLANE('',#2283);
#1987=PLANE('',#2286);
#1988=PLANE('',#2289);
#1989=PLANE('',#2293);
#1990=PLANE('',#2294);
#1991=PLANE('',#2298);
#1992=PLANE('',#2304);
#1993=PLANE('',#2308);
#1994=PLANE('',#2314);
#1995=PLANE('',#2318);
#1996=PLANE('',#2319);
#1997=PLANE('',#2325);
#1998=PLANE('',#2328);
#1999=PLANE('',#2337);
#2000=PLANE('',#2338);
#2001=PLANE('',#2345);
#2002=PLANE('',#2348);
#2003=PLANE('',#2354);
#2004=PLANE('',#2357);
#2005=PLANE('',#2363);
#2006=PLANE('',#2366);
#2007=PLANE('',#2372);
#2008=PLANE('',#2375);
#2009=ADVANCED_FACE('',(#225),#1949,.T.);
#2010=ADVANCED_FACE('',(#226),#1950,.T.);
#2011=ADVANCED_FACE('',(#227),#1951,.T.);
#2012=ADVANCED_FACE('',(#228),#177,.F.);
#2013=ADVANCED_FACE('',(#229),#1952,.F.);
#2014=ADVANCED_FACE('',(#230),#178,.F.);
#2015=ADVANCED_FACE('',(#231),#1953,.F.);
#2016=ADVANCED_FACE('',(#232),#179,.F.);
#2017=ADVANCED_FACE('',(#233,#41,#42),#1954,.F.);
#2018=ADVANCED_FACE('',(#234),#180,.F.);
#2019=ADVANCED_FACE('',(#235,#43,#44),#1955,.F.);
#2020=ADVANCED_FACE('',(#236),#181,.T.);
#2021=ADVANCED_FACE('',(#237),#1956,.T.);
#2022=ADVANCED_FACE('',(#238,#45),#1957,.T.);
#2023=ADVANCED_FACE('',(#239),#182,.T.);
#2024=ADVANCED_FACE('',(#240),#183,.T.);
#2025=ADVANCED_FACE('',(#241),#1958,.T.);
#2026=ADVANCED_FACE('',(#242),#184,.T.);
#2027=ADVANCED_FACE('',(#243,#46,#47),#1959,.F.);
#2028=ADVANCED_FACE('',(#244),#185,.F.);
#2029=ADVANCED_FACE('',(#245),#186,.F.);
#2030=ADVANCED_FACE('',(#246,#48),#1960,.T.);
#2031=ADVANCED_FACE('',(#247),#1961,.F.);
#2032=ADVANCED_FACE('',(#248),#1962,.F.);
#2033=ADVANCED_FACE('',(#249),#1963,.F.);
#2034=ADVANCED_FACE('',(#250),#1964,.F.);
#2035=ADVANCED_FACE('',(#251),#1965,.F.);
#2036=ADVANCED_FACE('',(#252),#1966,.F.);
#2037=ADVANCED_FACE('',(#253),#187,.F.);
#2038=ADVANCED_FACE('',(#254),#1967,.F.);
#2039=ADVANCED_FACE('',(#255),#188,.F.);
#2040=ADVANCED_FACE('',(#256,#49,#50),#1968,.F.);
#2041=ADVANCED_FACE('',(#257),#189,.F.);
#2042=ADVANCED_FACE('',(#258,#51,#52),#1969,.F.);
#2043=ADVANCED_FACE('',(#259),#190,.F.);
#2044=ADVANCED_FACE('',(#260),#1970,.F.);
#2045=ADVANCED_FACE('',(#261),#191,.T.);
#2046=ADVANCED_FACE('',(#262),#1971,.T.);
#2047=ADVANCED_FACE('',(#263,#53),#1972,.T.);
#2048=ADVANCED_FACE('',(#264),#192,.T.);
#2049=ADVANCED_FACE('',(#265),#193,.T.);
#2050=ADVANCED_FACE('',(#266),#1973,.T.);
#2051=ADVANCED_FACE('',(#267),#194,.T.);
#2052=ADVANCED_FACE('',(#268,#54,#55),#1974,.T.);
#2053=ADVANCED_FACE('',(#269),#195,.F.);
#2054=ADVANCED_FACE('',(#270),#196,.F.);
#2055=ADVANCED_FACE('',(#271),#197,.F.);
#2056=ADVANCED_FACE('',(#272,#56),#1975,.T.);
#2057=ADVANCED_FACE('',(#273),#1976,.T.);
#2058=ADVANCED_FACE('',(#274),#1977,.T.);
#2059=ADVANCED_FACE('',(#275),#1978,.T.);
#2060=ADVANCED_FACE('',(#276),#1979,.F.);
#2061=ADVANCED_FACE('',(#277),#1980,.F.);
#2062=ADVANCED_FACE('',(#278),#198,.F.);
#2063=ADVANCED_FACE('',(#279,#57,#58),#1981,.F.);
#2064=ADVANCED_FACE('',(#280),#199,.F.);
#2065=ADVANCED_FACE('',(#281),#1982,.F.);
#2066=ADVANCED_FACE('',(#282),#200,.F.);
#2067=ADVANCED_FACE('',(#283,#59,#60),#1983,.F.);
#2068=ADVANCED_FACE('',(#284),#201,.F.);
#2069=ADVANCED_FACE('',(#285),#1984,.F.);
#2070=ADVANCED_FACE('',(#286),#202,.T.);
#2071=ADVANCED_FACE('',(#287,#61),#1985,.T.);
#2072=ADVANCED_FACE('',(#288),#203,.T.);
#2073=ADVANCED_FACE('',(#289),#204,.T.);
#2074=ADVANCED_FACE('',(#290,#62,#63),#1986,.T.);
#2075=ADVANCED_FACE('',(#291,#64),#1987,.T.);
#2076=ADVANCED_FACE('',(#292),#205,.T.);
#2077=ADVANCED_FACE('',(#293),#1988,.T.);
#2078=ADVANCED_FACE('',(#294),#206,.F.);
#2079=ADVANCED_FACE('',(#295),#207,.F.);
#2080=ADVANCED_FACE('',(#296),#208,.F.);
#2081=ADVANCED_FACE('',(#297),#1989,.T.);
#2082=ADVANCED_FACE('',(#298),#1990,.T.);
#2083=ADVANCED_FACE('',(#299),#209,.F.);
#2084=ADVANCED_FACE('',(#300,#65,#66),#1991,.F.);
#2085=ADVANCED_FACE('',(#301),#210,.F.);
#2086=ADVANCED_FACE('',(#302),#1992,.F.);
#2087=ADVANCED_FACE('',(#303),#211,.F.);
#2088=ADVANCED_FACE('',(#304,#67,#68),#1993,.F.);
#2089=ADVANCED_FACE('',(#305),#212,.F.);
#2090=ADVANCED_FACE('',(#306),#1994,.F.);
#2091=ADVANCED_FACE('',(#307),#213,.T.);
#2092=ADVANCED_FACE('',(#308),#1995,.T.);
#2093=ADVANCED_FACE('',(#309,#69),#1996,.T.);
#2094=ADVANCED_FACE('',(#310),#214,.T.);
#2095=ADVANCED_FACE('',(#311),#1997,.T.);
#2096=ADVANCED_FACE('',(#312),#215,.T.);
#2097=ADVANCED_FACE('',(#313),#1998,.T.);
#2098=ADVANCED_FACE('',(#314),#216,.T.);
#2099=ADVANCED_FACE('',(#315),#217,.F.);
#2100=ADVANCED_FACE('',(#316),#218,.F.);
#2101=ADVANCED_FACE('',(#317),#219,.F.);
#2102=ADVANCED_FACE('',(#318),#220,.F.);
#2103=ADVANCED_FACE('',(#319,#70),#1999,.T.);
#2104=ADVANCED_FACE('',(#320,#71,#72),#2000,.F.);
#2105=ADVANCED_FACE('',(#321),#19,.T.);
#2106=ADVANCED_FACE('',(#322),#221,.T.);
#2107=ADVANCED_FACE('',(#323),#2001,.T.);
#2108=ADVANCED_FACE('',(#324),#20,.T.);
#2109=ADVANCED_FACE('',(#325),#2002,.T.);
#2110=ADVANCED_FACE('',(#326),#21,.T.);
#2111=ADVANCED_FACE('',(#327),#222,.T.);
#2112=ADVANCED_FACE('',(#328),#2003,.T.);
#2113=ADVANCED_FACE('',(#329),#22,.T.);
#2114=ADVANCED_FACE('',(#330),#2004,.T.);
#2115=ADVANCED_FACE('',(#331),#23,.T.);
#2116=ADVANCED_FACE('',(#332),#223,.T.);
#2117=ADVANCED_FACE('',(#333),#2005,.T.);
#2118=ADVANCED_FACE('',(#334),#24,.T.);
#2119=ADVANCED_FACE('',(#335),#2006,.T.);
#2120=ADVANCED_FACE('',(#336),#25,.T.);
#2121=ADVANCED_FACE('',(#337),#224,.T.);
#2122=ADVANCED_FACE('',(#338),#2007,.T.);
#2123=ADVANCED_FACE('',(#339),#26,.T.);
#2124=ADVANCED_FACE('',(#340),#2008,.T.);
#2125=CLOSED_SHELL('',(#2009,#2010,#2011,#2012,#2013,#2014,#2015,#2016,
#2017,#2018,#2019,#2020,#2021,#2022,#2023,#2024,#2025,#2026,#2027,#2028,
#2029,#2030,#2031,#2032,#2033,#2034,#2035,#2036,#2037,#2038,#2039,#2040,
#2041,#2042,#2043,#2044,#2045,#2046,#2047,#2048,#2049,#2050,#2051,#2052,
#2053,#2054,#2055,#2056,#2057,#2058,#2059,#2060,#2061,#2062,#2063,#2064,
#2065,#2066,#2067,#2068,#2069,#2070,#2071,#2072,#2073,#2074,#2075,#2076,
#2077,#2078,#2079,#2080,#2081,#2082,#2083,#2084,#2085,#2086,#2087,#2088,
#2089,#2090,#2091,#2092,#2093,#2094,#2095,#2096,#2097,#2098,#2099,#2100,
#2101,#2102,#2103,#2104));
#2126=CLOSED_SHELL('',(#2105,#2106,#2107,#2108,#2109));
#2127=CLOSED_SHELL('',(#2110,#2111,#2112,#2113,#2114));
#2128=CLOSED_SHELL('',(#2115,#2116,#2117,#2118,#2119));
#2129=CLOSED_SHELL('',(#2120,#2121,#2122,#2123,#2124));
#2130=DERIVED_UNIT_ELEMENT(#2134,1.);
#2131=DERIVED_UNIT_ELEMENT(#3634,-3.);
#2132=DERIVED_UNIT_ELEMENT(#2134,1.);
#2133=DERIVED_UNIT_ELEMENT(#3634,-3.);
#2134=(
MASS_UNIT()
NAMED_UNIT(*)
SI_UNIT(.KILO.,.GRAM.)
);
#2135=DERIVED_UNIT((#2130,#2131));
#2136=DERIVED_UNIT((#2132,#2133));
#2137=MEASURE_REPRESENTATION_ITEM('density measure',
POSITIVE_RATIO_MEASURE(7850.),#2135);
#2138=MEASURE_REPRESENTATION_ITEM('density measure',
POSITIVE_RATIO_MEASURE(7850.),#2136);
#2139=PROPERTY_DEFINITION_REPRESENTATION(#2149,#2143);
#2140=PROPERTY_DEFINITION_REPRESENTATION(#2150,#2144);
#2141=PROPERTY_DEFINITION_REPRESENTATION(#2151,#2145);
#2142=PROPERTY_DEFINITION_REPRESENTATION(#2152,#2146);
#2143=REPRESENTATION('material name',(#2147),#3630);
#2144=REPRESENTATION('density',(#2137),#3630);
#2145=REPRESENTATION('material name',(#2148),#3631);
#2146=REPRESENTATION('density',(#2138),#3631);
#2147=DESCRIPTIVE_REPRESENTATION_ITEM('Steel','Steel');
#2148=DESCRIPTIVE_REPRESENTATION_ITEM('Steel','Steel');
#2149=PROPERTY_DEFINITION('material property','material name',#3650);
#2150=PROPERTY_DEFINITION('material property','density of part',#3650);
#2151=PROPERTY_DEFINITION('material property','material name',#3651);
#2152=PROPERTY_DEFINITION('material property','density of part',#3651);
#2153=AXIS2_PLACEMENT_3D('',#3020,#2378,#2379);
#2154=AXIS2_PLACEMENT_3D('',#3021,#2380,#2381);
#2155=AXIS2_PLACEMENT_3D('',#3022,#2382,#2383);
#2156=AXIS2_PLACEMENT_3D('',#3029,#2387,#2388);
#2157=AXIS2_PLACEMENT_3D('',#3036,#2392,#2393);
#2158=AXIS2_PLACEMENT_3D('',#3049,#2400,#2401);
#2159=AXIS2_PLACEMENT_3D('',#3052,#2402,#2403);
#2160=AXIS2_PLACEMENT_3D('',#3056,#2405,#2406);
#2161=AXIS2_PLACEMENT_3D('',#3058,#2408,#2409);
#2162=AXIS2_PLACEMENT_3D('',#3064,#2413,#2414);
#2163=AXIS2_PLACEMENT_3D('',#3067,#2415,#2416);
#2164=AXIS2_PLACEMENT_3D('',#3071,#2418,#2419);
#2165=AXIS2_PLACEMENT_3D('',#3073,#2421,#2422);
#2166=AXIS2_PLACEMENT_3D('',#3079,#2426,#2427);
#2167=AXIS2_PLACEMENT_3D('',#3081,#2428,#2429);
#2168=AXIS2_PLACEMENT_3D('',#3084,#2431,#2432);
#2169=AXIS2_PLACEMENT_3D('',#3085,#2433,#2434);
#2170=AXIS2_PLACEMENT_3D('',#3089,#2437,#2438);
#2171=AXIS2_PLACEMENT_3D('',#3091,#2439,#2440);
#2172=AXIS2_PLACEMENT_3D('',#3092,#2441,#2442);
#2173=AXIS2_PLACEMENT_3D('',#3094,#2443,#2444);
#2174=AXIS2_PLACEMENT_3D('',#3097,#2446,#2447);
#2175=AXIS2_PLACEMENT_3D('',#3098,#2448,#2449);
#2176=AXIS2_PLACEMENT_3D('',#3102,#2452,#2453);
#2177=AXIS2_PLACEMENT_3D('',#3104,#2454,#2455);
#2178=AXIS2_PLACEMENT_3D('',#3105,#2456,#2457);
#2179=AXIS2_PLACEMENT_3D('',#3108,#2458,#2459);
#2180=AXIS2_PLACEMENT_3D('',#3112,#2461,#2462);
#2181=AXIS2_PLACEMENT_3D('',#3114,#2464,#2465);
#2182=AXIS2_PLACEMENT_3D('',#3120,#2469,#2470);
#2183=AXIS2_PLACEMENT_3D('',#3124,#2472,#2473);
#2184=AXIS2_PLACEMENT_3D('',#3128,#2475,#2476);
#2185=AXIS2_PLACEMENT_3D('',#3130,#2478,#2479);
#2186=AXIS2_PLACEMENT_3D('',#3131,#2480,#2481);
#2187=AXIS2_PLACEMENT_3D('',#3132,#2482,#2483);
#2188=AXIS2_PLACEMENT_3D('',#3135,#2486,#2487);
#2189=AXIS2_PLACEMENT_3D('',#3139,#2489,#2490);
#2190=AXIS2_PLACEMENT_3D('',#3142,#2493,#2494);
#2191=AXIS2_PLACEMENT_3D('',#3146,#2497,#2498);
#2192=AXIS2_PLACEMENT_3D('',#3149,#2500,#2501);
#2193=AXIS2_PLACEMENT_3D('',#3150,#2502,#2503);
#2194=AXIS2_PLACEMENT_3D('',#3153,#2505,#2506);
#2195=AXIS2_PLACEMENT_3D('',#3155,#2507,#2508);
#2196=AXIS2_PLACEMENT_3D('',#3156,#2509,#2510);
#2197=AXIS2_PLACEMENT_3D('',#3158,#2512,#2513);
#2198=AXIS2_PLACEMENT_3D('',#3160,#2515,#2516);
#2199=AXIS2_PLACEMENT_3D('',#3162,#2518,#2519);
#2200=AXIS2_PLACEMENT_3D('',#3166,#2522,#2523);
#2201=AXIS2_PLACEMENT_3D('',#3172,#2527,#2528);
#2202=AXIS2_PLACEMENT_3D('',#3176,#2531,#2532);
#2203=AXIS2_PLACEMENT_3D('',#3182,#2536,#2537);
#2204=AXIS2_PLACEMENT_3D('',#3189,#2541,#2542);
#2205=AXIS2_PLACEMENT_3D('',#3196,#2546,#2547);
#2206=AXIS2_PLACEMENT_3D('',#3199,#2548,#2549);
#2207=AXIS2_PLACEMENT_3D('',#3203,#2551,#2552);
#2208=AXIS2_PLACEMENT_3D('',#3205,#2554,#2555);
#2209=AXIS2_PLACEMENT_3D('',#3211,#2559,#2560);
#2210=AXIS2_PLACEMENT_3D('',#3213,#2561,#2562);
#2211=AXIS2_PLACEMENT_3D('',#3216,#2564,#2565);
#2212=AXIS2_PLACEMENT_3D('',#3217,#2566,#2567);
#2213=AXIS2_PLACEMENT_3D('',#3224,#2571,#2572);
#2214=AXIS2_PLACEMENT_3D('',#3226,#2573,#2574);
#2215=AXIS2_PLACEMENT_3D('',#3227,#2575,#2576);
#2216=AXIS2_PLACEMENT_3D('',#3230,#2577,#2578);
#2217=AXIS2_PLACEMENT_3D('',#3234,#2580,#2581);
#2218=AXIS2_PLACEMENT_3D('',#3236,#2583,#2584);
#2219=AXIS2_PLACEMENT_3D('',#3240,#2587,#2588);
#2220=AXIS2_PLACEMENT_3D('',#3242,#2589,#2590);
#2221=AXIS2_PLACEMENT_3D('',#3243,#2591,#2592);
#2222=AXIS2_PLACEMENT_3D('',#3245,#2593,#2594);
#2223=AXIS2_PLACEMENT_3D('',#3248,#2596,#2597);
#2224=AXIS2_PLACEMENT_3D('',#3249,#2598,#2599);
#2225=AXIS2_PLACEMENT_3D('',#3252,#2602,#2603);
#2226=AXIS2_PLACEMENT_3D('',#3255,#2604,#2605);
#2227=AXIS2_PLACEMENT_3D('',#3259,#2607,#2608);
#2228=AXIS2_PLACEMENT_3D('',#3261,#2610,#2611);
#2229=AXIS2_PLACEMENT_3D('',#3267,#2615,#2616);
#2230=AXIS2_PLACEMENT_3D('',#3271,#2618,#2619);
#2231=AXIS2_PLACEMENT_3D('',#3274,#2621,#2622);
#2232=AXIS2_PLACEMENT_3D('',#3275,#2623,#2624);
#2233=AXIS2_PLACEMENT_3D('',#3276,#2625,#2626);
#2234=AXIS2_PLACEMENT_3D('',#3278,#2628,#2629);
#2235=AXIS2_PLACEMENT_3D('',#3279,#2630,#2631);
#2236=AXIS2_PLACEMENT_3D('',#3281,#2632,#2633);
#2237=AXIS2_PLACEMENT_3D('',#3284,#2636,#2637);
#2238=AXIS2_PLACEMENT_3D('',#3288,#2640,#2641);
#2239=AXIS2_PLACEMENT_3D('',#3291,#2643,#2644);
#2240=AXIS2_PLACEMENT_3D('',#3292,#2645,#2646);
#2241=AXIS2_PLACEMENT_3D('',#3295,#2648,#2649);
#2242=AXIS2_PLACEMENT_3D('',#3297,#2650,#2651);
#2243=AXIS2_PLACEMENT_3D('',#3298,#2652,#2653);
#2244=AXIS2_PLACEMENT_3D('',#3300,#2655,#2656);
#2245=AXIS2_PLACEMENT_3D('',#3302,#2658,#2659);
#2246=AXIS2_PLACEMENT_3D('',#3304,#2661,#2662);
#2247=AXIS2_PLACEMENT_3D('',#3306,#2664,#2665);
#2248=AXIS2_PLACEMENT_3D('',#3310,#2668,#2669);
#2249=AXIS2_PLACEMENT_3D('',#3314,#2672,#2673);
#2250=AXIS2_PLACEMENT_3D('',#3319,#2677,#2678);
#2251=AXIS2_PLACEMENT_3D('',#3326,#2682,#2683);
#2252=AXIS2_PLACEMENT_3D('',#3332,#2687,#2688);
#2253=AXIS2_PLACEMENT_3D('',#3335,#2689,#2690);
#2254=AXIS2_PLACEMENT_3D('',#3339,#2692,#2693);
#2255=AXIS2_PLACEMENT_3D('',#3341,#2695,#2696);
#2256=AXIS2_PLACEMENT_3D('',#3348,#2700,#2701);
#2257=AXIS2_PLACEMENT_3D('',#3350,#2702,#2703);
#2258=AXIS2_PLACEMENT_3D('',#3351,#2704,#2705);
#2259=AXIS2_PLACEMENT_3D('',#3353,#2706,#2707);
#2260=AXIS2_PLACEMENT_3D('',#3356,#2709,#2710);
#2261=AXIS2_PLACEMENT_3D('',#3357,#2711,#2712);
#2262=AXIS2_PLACEMENT_3D('',#3363,#2716,#2717);
#2263=AXIS2_PLACEMENT_3D('',#3365,#2718,#2719);
#2264=AXIS2_PLACEMENT_3D('',#3368,#2721,#2722);
#2265=AXIS2_PLACEMENT_3D('',#3369,#2723,#2724);
#2266=AXIS2_PLACEMENT_3D('',#3376,#2728,#2729);
#2267=AXIS2_PLACEMENT_3D('',#3378,#2730,#2731);
#2268=AXIS2_PLACEMENT_3D('',#3379,#2732,#2733);
#2269=AXIS2_PLACEMENT_3D('',#3381,#2734,#2735);
#2270=AXIS2_PLACEMENT_3D('',#3384,#2737,#2738);
#2271=AXIS2_PLACEMENT_3D('',#3385,#2739,#2740);
#2272=AXIS2_PLACEMENT_3D('',#3388,#2743,#2744);
#2273=AXIS2_PLACEMENT_3D('',#3390,#2745,#2746);
#2274=AXIS2_PLACEMENT_3D('',#3393,#2748,#2749);
#2275=AXIS2_PLACEMENT_3D('',#3395,#2751,#2752);
#2276=AXIS2_PLACEMENT_3D('',#3398,#2754,#2755);
#2277=AXIS2_PLACEMENT_3D('',#3402,#2757,#2758);
#2278=AXIS2_PLACEMENT_3D('',#3406,#2760,#2761);
#2279=AXIS2_PLACEMENT_3D('',#3408,#2763,#2764);
#2280=AXIS2_PLACEMENT_3D('',#3410,#2765,#2766);
#2281=AXIS2_PLACEMENT_3D('',#3412,#2768,#2769);
#2282=AXIS2_PLACEMENT_3D('',#3415,#2770,#2771);
#2283=AXIS2_PLACEMENT_3D('',#3418,#2774,#2775);
#2284=AXIS2_PLACEMENT_3D('',#3423,#2778,#2779);
#2285=AXIS2_PLACEMENT_3D('',#3425,#2780,#2781);
#2286=AXIS2_PLACEMENT_3D('',#3426,#2782,#2783);
#2287=AXIS2_PLACEMENT_3D('',#3429,#2785,#2786);
#2288=AXIS2_PLACEMENT_3D('',#3431,#2788,#2789);
#2289=AXIS2_PLACEMENT_3D('',#3433,#2791,#2792);
#2290=AXIS2_PLACEMENT_3D('',#3434,#2793,#2794);
#2291=AXIS2_PLACEMENT_3D('',#3436,#2796,#2797);
#2292=AXIS2_PLACEMENT_3D('',#3438,#2799,#2800);
#2293=AXIS2_PLACEMENT_3D('',#3440,#2802,#2803);
#2294=AXIS2_PLACEMENT_3D('',#3441,#2804,#2805);
#2295=AXIS2_PLACEMENT_3D('',#3445,#2808,#2809);
#2296=AXIS2_PLACEMENT_3D('',#3448,#2810,#2811);
#2297=AXIS2_PLACEMENT_3D('',#3452,#2813,#2814);
#2298=AXIS2_PLACEMENT_3D('',#3454,#2816,#2817);
#2299=AXIS2_PLACEMENT_3D('',#3461,#2821,#2822);
#2300=AXIS2_PLACEMENT_3D('',#3463,#2823,#2824);
#2301=AXIS2_PLACEMENT_3D('',#3464,#2825,#2826);
#2302=AXIS2_PLACEMENT_3D('',#3467,#2827,#2828);
#2303=AXIS2_PLACEMENT_3D('',#3471,#2830,#2831);
#2304=AXIS2_PLACEMENT_3D('',#3473,#2833,#2834);
#2305=AXIS2_PLACEMENT_3D('',#3476,#2837,#2838);
#2306=AXIS2_PLACEMENT_3D('',#3479,#2839,#2840);
#2307=AXIS2_PLACEMENT_3D('',#3483,#2842,#2843);
#2308=AXIS2_PLACEMENT_3D('',#3485,#2845,#2846);
#2309=AXIS2_PLACEMENT_3D('',#3489,#2849,#2850);
#2310=AXIS2_PLACEMENT_3D('',#3491,#2851,#2852);
#2311=AXIS2_PLACEMENT_3D('',#3492,#2853,#2854);
#2312=AXIS2_PLACEMENT_3D('',#3494,#2855,#2856);
#2313=AXIS2_PLACEMENT_3D('',#3497,#2858,#2859);
#2314=AXIS2_PLACEMENT_3D('',#3498,#2860,#2861);
#2315=AXIS2_PLACEMENT_3D('',#3501,#2864,#2865);
#2316=AXIS2_PLACEMENT_3D('',#3504,#2866,#2867);
#2317=AXIS2_PLACEMENT_3D('',#3508,#2869,#2870);
#2318=AXIS2_PLACEMENT_3D('',#3510,#2872,#2873);
#2319=AXIS2_PLACEMENT_3D('',#3516,#2877,#2878);
#2320=AXIS2_PLACEMENT_3D('',#3520,#2880,#2881);
#2321=AXIS2_PLACEMENT_3D('',#3523,#2883,#2884);
#2322=AXIS2_PLACEMENT_3D('',#3524,#2885,#2886);
#2323=AXIS2_PLACEMENT_3D('',#3525,#2887,#2888);
#2324=AXIS2_PLACEMENT_3D('',#3526,#2889,#2890);
#2325=AXIS2_PLACEMENT_3D('',#3527,#2891,#2892);
#2326=AXIS2_PLACEMENT_3D('',#3531,#2895,#2896);
#2327=AXIS2_PLACEMENT_3D('',#3535,#2898,#2899);
#2328=AXIS2_PLACEMENT_3D('',#3537,#2901,#2902);
#2329=AXIS2_PLACEMENT_3D('',#3541,#2905,#2906);
#2330=AXIS2_PLACEMENT_3D('',#3542,#2907,#2908);
#2331=AXIS2_PLACEMENT_3D('',#3543,#2909,#2910);
#2332=AXIS2_PLACEMENT_3D('',#3545,#2912,#2913);
#2333=AXIS2_PLACEMENT_3D('',#3547,#2915,#2916);
#2334=AXIS2_PLACEMENT_3D('',#3550,#2918,#2919);
#2335=AXIS2_PLACEMENT_3D('',#3551,#2920,#2921);
#2336=AXIS2_PLACEMENT_3D('',#3554,#2923,#2924);
#2337=AXIS2_PLACEMENT_3D('',#3555,#2925,#2926);
#2338=AXIS2_PLACEMENT_3D('',#3557,#2928,#2929);
#2339=AXIS2_PLACEMENT_3D('',#3558,#2930,#2931);
#2340=AXIS2_PLACEMENT_3D('',#3559,#2932,#2933);
#2341=AXIS2_PLACEMENT_3D('',#3561,#2934,#2935);
#2342=AXIS2_PLACEMENT_3D('',#3564,#2937,#2938);
#2343=AXIS2_PLACEMENT_3D('',#3565,#2939,#2940);
#2344=AXIS2_PLACEMENT_3D('',#3567,#2941,#2942);
#2345=AXIS2_PLACEMENT_3D('',#3569,#2944,#2945);
#2346=AXIS2_PLACEMENT_3D('',#3570,#2946,#2947);
#2347=AXIS2_PLACEMENT_3D('',#3573,#2949,#2950);
#2348=AXIS2_PLACEMENT_3D('',#3574,#2951,#2952);
#2349=AXIS2_PLACEMENT_3D('',#3575,#2953,#2954);
#2350=AXIS2_PLACEMENT_3D('',#3577,#2955,#2956);
#2351=AXIS2_PLACEMENT_3D('',#3580,#2958,#2959);
#2352=AXIS2_PLACEMENT_3D('',#3581,#2960,#2961);
#2353=AXIS2_PLACEMENT_3D('',#3583,#2962,#2963);
#2354=AXIS2_PLACEMENT_3D('',#3585,#2965,#2966);
#2355=AXIS2_PLACEMENT_3D('',#3586,#2967,#2968);
#2356=AXIS2_PLACEMENT_3D('',#3589,#2970,#2971);
#2357=AXIS2_PLACEMENT_3D('',#3590,#2972,#2973);
#2358=AXIS2_PLACEMENT_3D('',#3591,#2974,#2975);
#2359=AXIS2_PLACEMENT_3D('',#3593,#2976,#2977);
#2360=AXIS2_PLACEMENT_3D('',#3596,#2979,#2980);
#2361=AXIS2_PLACEMENT_3D('',#3597,#2981,#2982);
#2362=AXIS2_PLACEMENT_3D('',#3599,#2983,#2984);
#2363=AXIS2_PLACEMENT_3D('',#3601,#2986,#2987);
#2364=AXIS2_PLACEMENT_3D('',#3602,#2988,#2989);
#2365=AXIS2_PLACEMENT_3D('',#3605,#2991,#2992);
#2366=AXIS2_PLACEMENT_3D('',#3606,#2993,#2994);
#2367=AXIS2_PLACEMENT_3D('',#3607,#2995,#2996);
#2368=AXIS2_PLACEMENT_3D('',#3609,#2997,#2998);
#2369=AXIS2_PLACEMENT_3D('',#3612,#3000,#3001);
#2370=AXIS2_PLACEMENT_3D('',#3613,#3002,#3003);
#2371=AXIS2_PLACEMENT_3D('',#3615,#3004,#3005);
#2372=AXIS2_PLACEMENT_3D('',#3617,#3007,#3008);
#2373=AXIS2_PLACEMENT_3D('',#3618,#3009,#3010);
#2374=AXIS2_PLACEMENT_3D('',#3621,#3012,#3013);
#2375=AXIS2_PLACEMENT_3D('',#3622,#3014,#3015);
#2376=AXIS2_PLACEMENT_3D('',#3623,#3016,#3017);
#2377=AXIS2_PLACEMENT_3D('',#3624,#3018,#3019);
#2378=DIRECTION('axis',(0.,0.,1.));
#2379=DIRECTION('refdir',(1.,0.,0.));
#2380=DIRECTION('axis',(0.,0.,1.));
#2381=DIRECTION('refdir',(1.,0.,0.));
#2382=DIRECTION('center_axis',(0.,1.,0.));
#2383=DIRECTION('ref_axis',(1.,0.,0.));
#2384=DIRECTION('',(-0.8,0.,0.6));
#2385=DIRECTION('',(1.,0.,-1.67029321993441E-16));
#2386=DIRECTION('',(0.,0.,-1.));
#2387=DIRECTION('center_axis',(0.,1.,0.));
#2388=DIRECTION('ref_axis',(1.,0.,0.));
#2389=DIRECTION('',(-0.8,0.,-0.6));
#2390=DIRECTION('',(0.,0.,1.));
#2391=DIRECTION('',(1.,0.,-1.67029321993441E-16));
#2392=DIRECTION('center_axis',(0.,1.,0.));
#2393=DIRECTION('ref_axis',(1.,0.,0.));
#2394=DIRECTION('',(0.8,0.,0.6));
#2395=DIRECTION('',(0.599999999999999,0.,-0.8));
#2396=DIRECTION('',(1.,0.,-1.67029321993441E-16));
#2397=DIRECTION('',(-0.599999999999999,0.,-0.8));
#2398=DIRECTION('',(0.8,0.,-0.6));
#2399=DIRECTION('',(-1.,0.,1.25271991495081E-16));
#2400=DIRECTION('center_axis',(-1.,0.,0.));
#2401=DIRECTION('ref_axis',(0.,0.707106781186533,0.707106781186562));
#2402=DIRECTION('center_axis',(1.,0.,0.));
#2403=DIRECTION('ref_axis',(0.,0.707106781186533,0.707106781186562));
#2404=DIRECTION('',(-1.,0.,0.));
#2405=DIRECTION('center_axis',(-1.,0.,0.));
#2406=DIRECTION('ref_axis',(0.,0.707106781186533,0.707106781186562));
#2407=DIRECTION('',(1.,0.,0.));
#2408=DIRECTION('center_axis',(0.,0.,1.));
#2409=DIRECTION('ref_axis',(0.,1.,0.));
#2410=DIRECTION('',(0.,1.,0.));
#2411=DIRECTION('',(1.,0.,0.));
#2412=DIRECTION('',(0.,-1.,0.));
#2413=DIRECTION('center_axis',(-1.,0.,0.));
#2414=DIRECTION('ref_axis',(0.,-0.707106781186558,-0.707106781186537));
#2415=DIRECTION('center_axis',(1.,0.,0.));
#2416=DIRECTION('ref_axis',(0.,-0.707106781186558,-0.707106781186537));
#2417=DIRECTION('',(-1.,0.,0.));
#2418=DIRECTION('center_axis',(-1.,0.,0.));
#2419=DIRECTION('ref_axis',(0.,-0.707106781186558,-0.707106781186537));
#2420=DIRECTION('',(1.,0.,0.));
#2421=DIRECTION('center_axis',(0.,0.,-1.));
#2422=DIRECTION('ref_axis',(0.,-1.,0.));
#2423=DIRECTION('',(0.,-1.,0.));
#2424=DIRECTION('',(1.,0.,0.));
#2425=DIRECTION('',(0.,1.,0.));
#2426=DIRECTION('center_axis',(-1.,0.,0.));
#2427=DIRECTION('ref_axis',(0.,-0.707106781186537,0.707106781186558));
#2428=DIRECTION('center_axis',(1.,0.,0.));
#2429=DIRECTION('ref_axis',(0.,-0.707106781186537,0.707106781186558));
#2430=DIRECTION('',(-1.,0.,0.));
#2431=DIRECTION('center_axis',(-1.,0.,0.));
#2432=DIRECTION('ref_axis',(0.,-0.707106781186537,0.707106781186558));
#2433=DIRECTION('center_axis',(0.,-1.,0.));
#2434=DIRECTION('ref_axis',(0.,0.,1.));
#2435=DIRECTION('',(0.,0.,-1.));
#2436=DIRECTION('',(0.,0.,1.));
#2437=DIRECTION('center_axis',(0.,1.,0.));
#2438=DIRECTION('ref_axis',(1.,0.,0.));
#2439=DIRECTION('center_axis',(0.,1.,0.));
#2440=DIRECTION('ref_axis',(1.,0.,0.));
#2441=DIRECTION('center_axis',(-1.,0.,0.));
#2442=DIRECTION('ref_axis',(0.,0.707106781186554,-0.707106781186541));
#2443=DIRECTION('center_axis',(1.,0.,0.));
#2444=DIRECTION('ref_axis',(0.,0.707106781186554,-0.707106781186541));
#2445=DIRECTION('',(-1.,0.,0.));
#2446=DIRECTION('center_axis',(-1.,0.,0.));
#2447=DIRECTION('ref_axis',(0.,0.707106781186554,-0.707106781186541));
#2448=DIRECTION('center_axis',(0.,1.,-6.03723313516964E-17));
#2449=DIRECTION('ref_axis',(0.,-6.03723313516964E-17,-1.));
#2450=DIRECTION('',(0.,6.03723313516964E-17,1.));
#2451=DIRECTION('',(0.,-6.03723313516964E-17,-1.));
#2452=DIRECTION('center_axis',(0.,-1.,6.03723313516964E-17));
#2453=DIRECTION('ref_axis',(1.,0.,0.));
#2454=DIRECTION('center_axis',(0.,-1.,6.03723313516964E-17));
#2455=DIRECTION('ref_axis',(1.,0.,0.));
#2456=DIRECTION('center_axis',(1.,0.,-1.67029321993441E-16));
#2457=DIRECTION('ref_axis',(-1.18107566238555E-16,-0.707106781186541,-0.707106781186554));
#2458=DIRECTION('center_axis',(-1.,0.,0.));
#2459=DIRECTION('ref_axis',(0.,-0.707106781186541,-0.707106781186554));
#2460=DIRECTION('',(-1.,0.,1.67029321993441E-16));
#2461=DIRECTION('center_axis',(1.,0.,0.));
#2462=DIRECTION('ref_axis',(0.,-0.707106781186541,-0.707106781186554));
#2463=DIRECTION('',(1.,0.,-1.67029321993441E-16));
#2464=DIRECTION('center_axis',(-1.67029321993441E-16,0.,-1.));
#2465=DIRECTION('ref_axis',(1.,0.,-1.67029321993441E-16));
#2466=DIRECTION('',(0.,-1.,0.));
#2467=DIRECTION('',(-1.,0.,1.67029321993441E-16));
#2468=DIRECTION('',(0.,-1.,0.));
#2469=DIRECTION('center_axis',(-1.,0.,0.));
#2470=DIRECTION('ref_axis',(0.,0.,-1.));
#2471=DIRECTION('',(0.,0.,-1.));
#2472=DIRECTION('center_axis',(1.,0.,0.));
#2473=DIRECTION('ref_axis',(0.,-0.707106781186551,0.707106781186544));
#2474=DIRECTION('',(0.,-1.,0.));
#2475=DIRECTION('center_axis',(1.,0.,0.));
#2476=DIRECTION('ref_axis',(0.,0.707106781186551,0.707106781186544));
#2477=DIRECTION('',(0.,0.,1.));
#2478=DIRECTION('center_axis',(1.,0.,0.));
#2479=DIRECTION('ref_axis',(0.,0.707106781186541,-0.707106781186554));
#2480=DIRECTION('center_axis',(1.,0.,-1.67029321993441E-16));
#2481=DIRECTION('ref_axis',(-1.18107566238555E-16,0.707106781186541,-0.707106781186554));
#2482=DIRECTION('center_axis',(-1.,0.,0.));
#2483=DIRECTION('ref_axis',(0.,0.707106781186541,-0.707106781186554));
#2484=DIRECTION('',(1.,0.,-1.67029321993441E-16));
#2485=DIRECTION('',(1.,0.,-1.67029321993441E-16));
#2486=DIRECTION('center_axis',(-1.,0.,1.25271991495081E-16));
#2487=DIRECTION('ref_axis',(8.85806746789149E-17,0.707106781186551,0.707106781186544));
#2488=DIRECTION('',(1.,0.,-1.25271991495081E-16));
#2489=DIRECTION('center_axis',(-1.,0.,0.));
#2490=DIRECTION('ref_axis',(0.,0.707106781186551,0.707106781186544));
#2491=DIRECTION('',(-1.,0.,1.25271991495081E-16));
#2492=DIRECTION('',(-1.,0.,1.25271991495081E-16));
#2493=DIRECTION('center_axis',(1.25271991495081E-16,0.,1.));
#2494=DIRECTION('ref_axis',(-1.,0.,1.25271991495081E-16));
#2495=DIRECTION('',(-1.,0.,1.25271991495081E-16));
#2496=DIRECTION('',(0.,-1.,0.));
#2497=DIRECTION('center_axis',(-1.,0.,1.25271991495081E-16));
#2498=DIRECTION('ref_axis',(8.85806746789149E-17,-0.707106781186551,0.707106781186544));
#2499=DIRECTION('',(1.,0.,-1.25271991495081E-16));
#2500=DIRECTION('center_axis',(-1.,0.,0.));
#2501=DIRECTION('ref_axis',(0.,-0.707106781186551,0.707106781186544));
#2502=DIRECTION('center_axis',(0.,1.,0.));
#2503=DIRECTION('ref_axis',(1.,0.,0.));
#2504=DIRECTION('',(0.,0.,1.));
#2505=DIRECTION('center_axis',(0.,1.,0.));
#2506=DIRECTION('ref_axis',(1.,0.,0.));
#2507=DIRECTION('center_axis',(0.,1.,0.));
#2508=DIRECTION('ref_axis',(1.,0.,0.));
#2509=DIRECTION('center_axis',(0.,-1.,0.));
#2510=DIRECTION('ref_axis',(1.,0.,0.));
#2511=DIRECTION('',(0.,-1.,0.));
#2512=DIRECTION('center_axis',(0.,-1.,0.));
#2513=DIRECTION('ref_axis',(1.,0.,0.));
#2514=DIRECTION('',(0.,-1.,0.));
#2515=DIRECTION('center_axis',(1.,0.,0.));
#2516=DIRECTION('ref_axis',(0.,0.,1.));
#2517=DIRECTION('',(0.,0.,-1.));
#2518=DIRECTION('center_axis',(0.,1.,0.));
#2519=DIRECTION('ref_axis',(1.,0.,0.));
#2520=DIRECTION('',(0.599999999999999,0.,-0.8));
#2521=DIRECTION('',(-0.8,0.,-0.6));
#2522=DIRECTION('center_axis',(0.,1.,0.));
#2523=DIRECTION('ref_axis',(1.,0.,0.));
#2524=DIRECTION('',(-0.8,0.,-0.6));
#2525=DIRECTION('',(1.,0.,-8.0704363311739E-18));
#2526=DIRECTION('',(0.8,0.,0.6));
#2527=DIRECTION('center_axis',(0.,1.,0.));
#2528=DIRECTION('ref_axis',(1.,0.,0.));
#2529=DIRECTION('',(-0.8,0.,0.6));
#2530=DIRECTION('',(-0.599999999999999,0.,-0.8));
#2531=DIRECTION('center_axis',(0.,1.,0.));
#2532=DIRECTION('ref_axis',(1.,0.,0.));
#2533=DIRECTION('',(0.8,0.,-0.6));
#2534=DIRECTION('',(1.,0.,-8.0704363311739E-18));
#2535=DIRECTION('',(-0.8,0.,0.6));
#2536=DIRECTION('center_axis',(0.,1.,0.));
#2537=DIRECTION('ref_axis',(1.,0.,0.));
#2538=DIRECTION('',(0.,0.,-1.));
#2539=DIRECTION('',(-0.8,0.,-0.6));
#2540=DIRECTION('',(-0.600000000000001,0.,0.799999999999999));
#2541=DIRECTION('center_axis',(0.,1.,0.));
#2542=DIRECTION('ref_axis',(1.,0.,0.));
#2543=DIRECTION('',(-1.,0.,2.69014544372463E-18));
#2544=DIRECTION('',(-0.600000000000001,0.,0.799999999999999));
#2545=DIRECTION('',(0.8,0.,0.6));
#2546=DIRECTION('center_axis',(0.8,0.,0.599999999999999));
#2547=DIRECTION('ref_axis',(-0.424264068711933,-0.707106781186539,0.565685424949245));
#2548=DIRECTION('center_axis',(-0.8,0.,-0.6));
#2549=DIRECTION('ref_axis',(-0.424264068711934,-0.707106781186539,0.565685424949245));
#2550=DIRECTION('',(0.8,0.,0.599999999999999));
#2551=DIRECTION('center_axis',(0.799999999999999,0.,0.600000000000001));
#2552=DIRECTION('ref_axis',(-0.424264068711934,-0.707106781186539,0.565685424949244));
#2553=DIRECTION('',(-0.8,0.,-0.599999999999999));
#2554=DIRECTION('center_axis',(-0.599999999999999,0.,0.8));
#2555=DIRECTION('ref_axis',(0.,-1.,0.));
#2556=DIRECTION('',(0.,-1.,0.));
#2557=DIRECTION('',(-0.8,0.,-0.599999999999999));
#2558=DIRECTION('',(0.,1.,0.));
#2559=DIRECTION('center_axis',(0.8,0.,0.599999999999999));
#2560=DIRECTION('ref_axis',(-0.424264068711935,0.707106781186536,0.565685424949247));
#2561=DIRECTION('center_axis',(-0.8,0.,-0.6));
#2562=DIRECTION('ref_axis',(-0.424264068711935,0.707106781186536,0.565685424949247));
#2563=DIRECTION('',(0.8,0.,0.599999999999999));
#2564=DIRECTION('center_axis',(0.799999999999999,0.,0.600000000000001));
#2565=DIRECTION('ref_axis',(-0.424264068711936,0.707106781186536,0.565685424949247));
#2566=DIRECTION('center_axis',(0.,1.,0.));
#2567=DIRECTION('ref_axis',(-0.599999999999999,0.,0.8));
#2568=DIRECTION('',(-0.599999999999999,0.,0.8));
#2569=DIRECTION('',(-0.8,0.,-0.599999999999999));
#2570=DIRECTION('',(0.600000000000001,0.,-0.799999999999999));
#2571=DIRECTION('center_axis',(0.,-1.,0.));
#2572=DIRECTION('ref_axis',(1.,0.,0.));
#2573=DIRECTION('center_axis',(0.,-1.,0.));
#2574=DIRECTION('ref_axis',(1.,0.,0.));
#2575=DIRECTION('center_axis',(0.8,0.,0.599999999999999));
#2576=DIRECTION('ref_axis',(0.424264068711924,-0.707106781186555,-0.565685424949233));
#2577=DIRECTION('center_axis',(-0.8,0.,-0.6));
#2578=DIRECTION('ref_axis',(0.424264068711924,-0.707106781186554,-0.565685424949232));
#2579=DIRECTION('',(0.8,0.,0.599999999999999));
#2580=DIRECTION('center_axis',(0.799999999999999,0.,0.600000000000001));
#2581=DIRECTION('ref_axis',(0.424264068711925,-0.707106781186555,-0.565685424949232));
#2582=DIRECTION('',(-0.8,0.,-0.599999999999999));
#2583=DIRECTION('center_axis',(0.,-1.,0.));
#2584=DIRECTION('ref_axis',(0.599999999999999,0.,-0.8));
#2585=DIRECTION('',(-0.600000000000001,0.,0.799999999999999));
#2586=DIRECTION('',(0.599999999999999,0.,-0.8));
#2587=DIRECTION('center_axis',(0.,1.,0.));
#2588=DIRECTION('ref_axis',(1.,0.,0.));
#2589=DIRECTION('center_axis',(0.,1.,0.));
#2590=DIRECTION('ref_axis',(1.,0.,0.));
#2591=DIRECTION('center_axis',(0.8,0.,0.599999999999999));
#2592=DIRECTION('ref_axis',(0.424264068711925,0.707106781186553,-0.565685424949234));
#2593=DIRECTION('center_axis',(-0.8,0.,-0.6));
#2594=DIRECTION('ref_axis',(0.424264068711925,0.707106781186553,-0.565685424949234));
#2595=DIRECTION('',(0.8,0.,0.599999999999999));
#2596=DIRECTION('center_axis',(0.799999999999999,0.,0.600000000000001));
#2597=DIRECTION('ref_axis',(0.424264068711926,0.707106781186553,-0.565685424949233));
#2598=DIRECTION('center_axis',(0.599999999999999,0.,-0.8));
#2599=DIRECTION('ref_axis',(0.,1.,0.));
#2600=DIRECTION('',(0.,-1.,0.));
#2601=DIRECTION('',(0.,1.,0.));
#2602=DIRECTION('center_axis',(0.8,0.,0.6));
#2603=DIRECTION('ref_axis',(-0.424264068711927,0.707106781186549,0.565685424949237));
#2604=DIRECTION('center_axis',(-0.799999999999999,0.,-0.600000000000001));
#2605=DIRECTION('ref_axis',(-0.424264068711928,0.707106781186549,0.565685424949236));
#2606=DIRECTION('',(-0.8,0.,-0.6));
#2607=DIRECTION('center_axis',(0.8,0.,0.6));
#2608=DIRECTION('ref_axis',(-0.424264068711927,0.707106781186549,0.565685424949237));
#2609=DIRECTION('',(0.8,0.,0.6));
#2610=DIRECTION('center_axis',(-0.6,0.,0.8));
#2611=DIRECTION('ref_axis',(0.8,0.,0.6));
#2612=DIRECTION('',(0.,1.,0.));
#2613=DIRECTION('',(-0.8,0.,-0.6));
#2614=DIRECTION('',(0.,1.,0.));
#2615=DIRECTION('center_axis',(-0.8,0.,-0.6));
#2616=DIRECTION('ref_axis',(-0.6,0.,0.8));
#2617=DIRECTION('',(-0.599999999999999,0.,0.800000000000001));
#2618=DIRECTION('center_axis',(0.8,0.,0.6));
#2619=DIRECTION('ref_axis',(0.424264068711929,0.707106781186547,-0.565685424949239));
#2620=DIRECTION('',(0.,1.,0.));
#2621=DIRECTION('center_axis',(0.8,0.,0.6));
#2622=DIRECTION('ref_axis',(0.424264068711929,-0.707106781186547,-0.565685424949239));
#2623=DIRECTION('center_axis',(0.8,0.,0.6));
#2624=DIRECTION('ref_axis',(-0.424264068711928,-0.707106781186549,0.565685424949237));
#2625=DIRECTION('center_axis',(-0.8,0.,-0.6));
#2626=DIRECTION('ref_axis',(-0.424264068711928,-0.707106781186549,0.565685424949237));
#2627=DIRECTION('',(-0.8,0.,-0.6));
#2628=DIRECTION('center_axis',(-0.799999999999999,0.,-0.600000000000001));
#2629=DIRECTION('ref_axis',(-0.424264068711928,-0.707106781186549,0.565685424949236));
#2630=DIRECTION('center_axis',(0.8,0.,0.6));
#2631=DIRECTION('ref_axis',(0.424264068711929,-0.707106781186547,-0.565685424949239));
#2632=DIRECTION('center_axis',(-0.799999999999999,0.,-0.600000000000001));
#2633=DIRECTION('ref_axis',(0.42426406871193,-0.707106781186547,-0.565685424949238));
#2634=DIRECTION('',(0.8,0.,0.6));
#2635=DIRECTION('',(0.8,0.,0.6));
#2636=DIRECTION('center_axis',(0.6,0.,-0.8));
#2637=DIRECTION('ref_axis',(-0.8,0.,-0.6));
#2638=DIRECTION('',(-0.8,0.,-0.6));
#2639=DIRECTION('',(0.,1.,0.));
#2640=DIRECTION('center_axis',(-0.8,0.,-0.6));
#2641=DIRECTION('ref_axis',(0.424264068711929,0.707106781186547,-0.565685424949239));
#2642=DIRECTION('',(0.8,0.,0.6));
#2643=DIRECTION('center_axis',(-0.799999999999999,0.,-0.600000000000001));
#2644=DIRECTION('ref_axis',(0.42426406871193,0.707106781186547,-0.565685424949238));
#2645=DIRECTION('center_axis',(0.,1.,0.));
#2646=DIRECTION('ref_axis',(1.,0.,0.));
#2647=DIRECTION('',(0.600000000000001,0.,-0.799999999999999));
#2648=DIRECTION('center_axis',(0.,-1.,0.));
#2649=DIRECTION('ref_axis',(1.,0.,0.));
#2650=DIRECTION('center_axis',(0.,-1.,0.));
#2651=DIRECTION('ref_axis',(1.,0.,0.));
#2652=DIRECTION('center_axis',(0.,1.,0.));
#2653=DIRECTION('ref_axis',(1.,0.,0.));
#2654=DIRECTION('',(0.,1.,0.));
#2655=DIRECTION('center_axis',(0.,1.,0.));
#2656=DIRECTION('ref_axis',(1.,0.,0.));
#2657=DIRECTION('',(0.,1.,0.));
#2658=DIRECTION('center_axis',(0.,1.,0.));
#2659=DIRECTION('ref_axis',(1.,0.,0.));
#2660=DIRECTION('',(0.,1.,0.));
#2661=DIRECTION('center_axis',(0.799999999999999,0.,0.600000000000001));
#2662=DIRECTION('ref_axis',(0.600000000000001,0.,-0.799999999999999));
#2663=DIRECTION('',(-0.600000000000001,0.,0.799999999999999));
#2664=DIRECTION('center_axis',(0.,1.,0.));
#2665=DIRECTION('ref_axis',(1.,0.,0.));
#2666=DIRECTION('',(0.,0.,-1.));
#2667=DIRECTION('',(1.,0.,-8.0704363311739E-18));
#2668=DIRECTION('center_axis',(0.,1.,0.));
#2669=DIRECTION('ref_axis',(1.,0.,0.));
#2670=DIRECTION('',(-1.,0.,2.69014544372463E-18));
#2671=DIRECTION('',(0.,0.,-1.));
#2672=DIRECTION('center_axis',(0.,1.,0.));
#2673=DIRECTION('ref_axis',(1.,0.,0.));
#2674=DIRECTION('',(1.,0.,-8.0704363311739E-18));
#2675=DIRECTION('',(0.8,0.,-0.6));
#2676=DIRECTION('',(-1.,0.,2.69014544372463E-18));
#2677=DIRECTION('center_axis',(0.,1.,0.));
#2678=DIRECTION('ref_axis',(1.,0.,0.));
#2679=DIRECTION('',(0.,0.,1.));
#2680=DIRECTION('',(0.600000000000001,0.,0.799999999999999));
#2681=DIRECTION('',(-0.8,0.,0.6));
#2682=DIRECTION('center_axis',(0.,1.,0.));
#2683=DIRECTION('ref_axis',(1.,0.,0.));
#2684=DIRECTION('',(-1.,0.,2.69014544372463E-18));
#2685=DIRECTION('',(0.8,0.,-0.6));
#2686=DIRECTION('',(0.600000000000001,0.,0.799999999999999));
#2687=DIRECTION('center_axis',(0.799999999999999,0.,-0.600000000000002));
#2688=DIRECTION('ref_axis',(0.424264068711939,0.707106781186533,0.565685424949249));
#2689=DIRECTION('center_axis',(-0.799999999999999,0.,0.600000000000001));
#2690=DIRECTION('ref_axis',(0.424264068711938,0.707106781186533,0.565685424949249));
#2691=DIRECTION('',(0.799999999999999,0.,-0.600000000000002));
#2692=DIRECTION('center_axis',(0.8,0.,-0.6));
#2693=DIRECTION('ref_axis',(0.424264068711937,0.707106781186533,0.56568542494925));
#2694=DIRECTION('',(-0.799999999999999,0.,0.600000000000002));
#2695=DIRECTION('center_axis',(0.,1.,0.));
#2696=DIRECTION('ref_axis',(0.600000000000001,0.,0.799999999999999));
#2697=DIRECTION('',(0.600000000000001,0.,0.799999999999999));
#2698=DIRECTION('',(-0.799999999999999,0.,0.600000000000002));
#2699=DIRECTION('',(-0.599999999999999,0.,-0.8));
#2700=DIRECTION('center_axis',(0.,-1.,0.));
#2701=DIRECTION('ref_axis',(1.,0.,0.));
#2702=DIRECTION('center_axis',(0.,-1.,0.));
#2703=DIRECTION('ref_axis',(1.,0.,0.));
#2704=DIRECTION('center_axis',(0.799999999999999,0.,-0.600000000000002));
#2705=DIRECTION('ref_axis',(-0.424264068711907,0.707106781186586,-0.565685424949206));
#2706=DIRECTION('center_axis',(-0.799999999999999,0.,0.600000000000001));
#2707=DIRECTION('ref_axis',(-0.424264068711906,0.707106781186586,-0.565685424949207));
#2708=DIRECTION('',(0.799999999999999,0.,-0.600000000000002));
#2709=DIRECTION('center_axis',(0.8,0.,-0.6));
#2710=DIRECTION('ref_axis',(-0.424264068711906,0.707106781186586,-0.565685424949207));
#2711=DIRECTION('center_axis',(-0.600000000000002,5.91645678915759E-31,
-0.799999999999999));
#2712=DIRECTION('ref_axis',(5.79755244749581E-16,1.,-4.34816433562187E-16));
#2713=DIRECTION('',(3.54987407349456E-31,1.,4.73316543132607E-31));
#2714=DIRECTION('',(-0.799999999999999,0.,0.600000000000002));
#2715=DIRECTION('',(-3.54987407349455E-31,-1.,-4.73316543132607E-31));
#2716=DIRECTION('center_axis',(0.799999999999999,0.,-0.600000000000002));
#2717=DIRECTION('ref_axis',(-0.424264068711912,-0.707106781186578,-0.565685424949213));
#2718=DIRECTION('center_axis',(-0.799999999999999,0.,0.600000000000001));
#2719=DIRECTION('ref_axis',(-0.424264068711911,-0.707106781186578,-0.565685424949213));
#2720=DIRECTION('',(0.799999999999999,0.,-0.600000000000002));
#2721=DIRECTION('center_axis',(0.8,0.,-0.6));
#2722=DIRECTION('ref_axis',(-0.42426406871191,-0.707106781186578,-0.565685424949214));
#2723=DIRECTION('center_axis',(0.,-1.,0.));
#2724=DIRECTION('ref_axis',(-0.600000000000002,0.,-0.799999999999999));
#2725=DIRECTION('',(-0.600000000000001,0.,-0.799999999999999));
#2726=DIRECTION('',(-0.799999999999999,0.,0.600000000000002));
#2727=DIRECTION('',(0.599999999999999,0.,0.8));
#2728=DIRECTION('center_axis',(0.,1.,0.));
#2729=DIRECTION('ref_axis',(1.,0.,0.));
#2730=DIRECTION('center_axis',(0.,1.,0.));
#2731=DIRECTION('ref_axis',(1.,0.,0.));
#2732=DIRECTION('center_axis',(0.799999999999999,0.,-0.600000000000002));
#2733=DIRECTION('ref_axis',(0.424264068711943,-0.707106781186526,0.565685424949255));
#2734=DIRECTION('center_axis',(-0.799999999999999,0.,0.600000000000001));
#2735=DIRECTION('ref_axis',(0.424264068711942,-0.707106781186525,0.565685424949255));
#2736=DIRECTION('',(0.799999999999999,0.,-0.600000000000002));
#2737=DIRECTION('center_axis',(0.8,0.,-0.6));
#2738=DIRECTION('ref_axis',(0.424264068711942,-0.707106781186525,0.565685424949256));
#2739=DIRECTION('center_axis',(0.600000000000002,0.,0.799999999999999));
#2740=DIRECTION('ref_axis',(0.,-1.,0.));
#2741=DIRECTION('',(0.,1.,0.));
#2742=DIRECTION('',(0.,-1.,0.));
#2743=DIRECTION('center_axis',(-0.8,0.,0.6));
#2744=DIRECTION('ref_axis',(-0.424264068711928,-0.707106781186549,-0.565685424949237));
#2745=DIRECTION('center_axis',(0.799999999999999,0.,-0.600000000000001));
#2746=DIRECTION('ref_axis',(-0.424264068711928,-0.707106781186549,-0.565685424949236));
#2747=DIRECTION('',(0.8,0.,-0.6));
#2748=DIRECTION('center_axis',(-0.8,0.,0.6));
#2749=DIRECTION('ref_axis',(-0.424264068711928,-0.707106781186549,-0.565685424949237));
#2750=DIRECTION('',(-0.8,0.,0.6));
#2751=DIRECTION('center_axis',(-0.799999999999999,0.,0.600000000000001));
#2752=DIRECTION('ref_axis',(0.600000000000001,0.,0.799999999999999));
#2753=DIRECTION('',(-0.600000000000001,0.,-0.799999999999999));
#2754=DIRECTION('center_axis',(0.799999999999999,0.,-0.600000000000001));
#2755=DIRECTION('ref_axis',(0.424264068711929,-0.707106781186548,0.565685424949237));
#2756=DIRECTION('',(0.,1.,0.));
#2757=DIRECTION('center_axis',(0.799999999999999,0.,-0.600000000000001));
#2758=DIRECTION('ref_axis',(0.424264068711929,0.707106781186548,0.565685424949237));
#2759=DIRECTION('',(0.600000000000001,0.,0.799999999999999));
#2760=DIRECTION('center_axis',(0.799999999999999,0.,-0.600000000000001));
#2761=DIRECTION('ref_axis',(-0.424264068711928,0.707106781186549,-0.565685424949236));
#2762=DIRECTION('',(0.,1.,0.));
#2763=DIRECTION('center_axis',(0.8,0.,-0.6));
#2764=DIRECTION('ref_axis',(0.424264068711928,-0.707106781186548,0.565685424949238));
#2765=DIRECTION('center_axis',(-0.8,0.,0.6));
#2766=DIRECTION('ref_axis',(0.424264068711928,-0.707106781186548,0.565685424949238));
#2767=DIRECTION('',(-0.8,0.,0.6));
#2768=DIRECTION('center_axis',(0.8,0.,-0.6));
#2769=DIRECTION('ref_axis',(0.424264068711928,0.707106781186548,0.565685424949237));
#2770=DIRECTION('center_axis',(-0.8,0.,0.6));
#2771=DIRECTION('ref_axis',(0.424264068711928,0.707106781186548,0.565685424949237));
#2772=DIRECTION('',(-0.8,0.,0.6));
#2773=DIRECTION('',(0.8,0.,-0.6));
#2774=DIRECTION('center_axis',(0.,1.,0.));
#2775=DIRECTION('ref_axis',(1.,0.,0.));
#2776=DIRECTION('',(-0.599999999999999,0.,-0.800000000000001));
#2777=DIRECTION('',(0.8,0.,-0.6));
#2778=DIRECTION('center_axis',(0.,-1.,0.));
#2779=DIRECTION('ref_axis',(1.,0.,0.));
#2780=DIRECTION('center_axis',(0.,-1.,0.));
#2781=DIRECTION('ref_axis',(1.,0.,0.));
#2782=DIRECTION('center_axis',(0.8,0.,-0.6));
#2783=DIRECTION('ref_axis',(-0.6,0.,-0.8));
#2784=DIRECTION('',(0.,1.,0.));
#2785=DIRECTION('center_axis',(-0.8,0.,0.6));
#2786=DIRECTION('ref_axis',(-0.424264068711927,0.707106781186549,-0.565685424949237));
#2787=DIRECTION('',(0.,1.,0.));
#2788=DIRECTION('center_axis',(-0.8,0.,0.6));
#2789=DIRECTION('ref_axis',(-0.424264068711927,0.707106781186549,-0.565685424949237));
#2790=DIRECTION('',(-0.8,0.,0.6));
#2791=DIRECTION('center_axis',(-0.6,0.,-0.8));
#2792=DIRECTION('ref_axis',(-0.8,0.,0.6));
#2793=DIRECTION('center_axis',(0.,1.,0.));
#2794=DIRECTION('ref_axis',(1.,0.,0.));
#2795=DIRECTION('',(0.,1.,0.));
#2796=DIRECTION('center_axis',(0.,1.,0.));
#2797=DIRECTION('ref_axis',(1.,0.,0.));
#2798=DIRECTION('',(0.,1.,0.));
#2799=DIRECTION('center_axis',(0.,1.,0.));
#2800=DIRECTION('ref_axis',(1.,0.,0.));
#2801=DIRECTION('',(0.,1.,0.));
#2802=DIRECTION('center_axis',(0.6,0.,0.8));
#2803=DIRECTION('ref_axis',(0.8,0.,-0.6));
#2804=DIRECTION('center_axis',(0.,1.,0.));
#2805=DIRECTION('ref_axis',(1.,0.,0.));
#2806=DIRECTION('',(0.,0.,1.));
#2807=DIRECTION('',(-1.,0.,2.69014544372463E-18));
#2808=DIRECTION('center_axis',(-1.,0.,0.));
#2809=DIRECTION('ref_axis',(0.,-0.707106781186547,0.707106781186547));
#2810=DIRECTION('center_axis',(1.,0.,0.));
#2811=DIRECTION('ref_axis',(0.,-0.707106781186547,0.707106781186547));
#2812=DIRECTION('',(-1.,0.,0.));
#2813=DIRECTION('center_axis',(-1.,0.,0.));
#2814=DIRECTION('ref_axis',(0.,-0.707106781186547,0.707106781186547));
#2815=DIRECTION('',(1.,0.,0.));
#2816=DIRECTION('center_axis',(0.,-1.,0.));
#2817=DIRECTION('ref_axis',(0.,0.,1.));
#2818=DIRECTION('',(0.,0.,1.));
#2819=DIRECTION('',(1.,0.,0.));
#2820=DIRECTION('',(0.,0.,-1.));
#2821=DIRECTION('center_axis',(0.,1.,0.));
#2822=DIRECTION('ref_axis',(1.,0.,0.));
#2823=DIRECTION('center_axis',(0.,1.,0.));
#2824=DIRECTION('ref_axis',(1.,0.,0.));
#2825=DIRECTION('center_axis',(-1.,0.,0.));
#2826=DIRECTION('ref_axis',(0.,0.707106781186547,0.707106781186548));
#2827=DIRECTION('center_axis',(1.,0.,0.));
#2828=DIRECTION('ref_axis',(0.,0.707106781186547,0.707106781186548));
#2829=DIRECTION('',(-1.,0.,0.));
#2830=DIRECTION('center_axis',(-1.,0.,0.));
#2831=DIRECTION('ref_axis',(0.,0.707106781186547,0.707106781186548));
#2832=DIRECTION('',(1.,0.,0.));
#2833=DIRECTION('center_axis',(0.,0.,1.));
#2834=DIRECTION('ref_axis',(0.,1.,0.));
#2835=DIRECTION('',(0.,-1.,0.));
#2836=DIRECTION('',(0.,1.,0.));
#2837=DIRECTION('center_axis',(-1.,0.,0.));
#2838=DIRECTION('ref_axis',(0.,0.707106781186549,-0.707106781186546));
#2839=DIRECTION('center_axis',(1.,0.,0.));
#2840=DIRECTION('ref_axis',(0.,0.707106781186549,-0.707106781186546));
#2841=DIRECTION('',(-1.,0.,0.));
#2842=DIRECTION('center_axis',(-1.,0.,0.));
#2843=DIRECTION('ref_axis',(0.,0.707106781186549,-0.707106781186546));
#2844=DIRECTION('',(1.,0.,0.));
#2845=DIRECTION('center_axis',(0.,1.,-6.03723313516965E-17));
#2846=DIRECTION('ref_axis',(0.,-6.03723313516965E-17,-1.));
#2847=DIRECTION('',(0.,6.03723313516965E-17,1.));
#2848=DIRECTION('',(0.,-6.03723313516965E-17,-1.));
#2849=DIRECTION('center_axis',(0.,-1.,6.03723313516965E-17));
#2850=DIRECTION('ref_axis',(1.,0.,0.));
#2851=DIRECTION('center_axis',(0.,-1.,6.03723313516965E-17));
#2852=DIRECTION('ref_axis',(1.,0.,0.));
#2853=DIRECTION('center_axis',(-1.,0.,0.));
#2854=DIRECTION('ref_axis',(0.,-0.707106781186547,-0.707106781186547));
#2855=DIRECTION('center_axis',(1.,0.,0.));
#2856=DIRECTION('ref_axis',(0.,-0.707106781186547,-0.707106781186547));
#2857=DIRECTION('',(-1.,0.,0.));
#2858=DIRECTION('center_axis',(-1.,0.,0.));
#2859=DIRECTION('ref_axis',(0.,-0.707106781186547,-0.707106781186547));
#2860=DIRECTION('center_axis',(0.,0.,-1.));
#2861=DIRECTION('ref_axis',(0.,-1.,0.));
#2862=DIRECTION('',(0.,1.,0.));
#2863=DIRECTION('',(0.,-1.,0.));
#2864=DIRECTION('center_axis',(-1.,0.,2.69014544372463E-18));
#2865=DIRECTION('ref_axis',(1.90222008563578E-18,-0.707106781186548,0.707106781186547));
#2866=DIRECTION('center_axis',(1.,0.,0.));
#2867=DIRECTION('ref_axis',(0.,-0.707106781186548,0.707106781186547));
#2868=DIRECTION('',(1.,0.,-2.69014544372463E-18));
#2869=DIRECTION('center_axis',(-1.,0.,0.));
#2870=DIRECTION('ref_axis',(0.,-0.707106781186548,0.707106781186547));
#2871=DIRECTION('',(-1.,0.,2.69014544372463E-18));
#2872=DIRECTION('center_axis',(2.69014544372463E-18,0.,1.));
#2873=DIRECTION('ref_axis',(-1.,0.,2.69014544372463E-18));
#2874=DIRECTION('',(0.,-1.,0.));
#2875=DIRECTION('',(1.,0.,-2.69014544372463E-18));
#2876=DIRECTION('',(0.,-1.,0.));
#2877=DIRECTION('center_axis',(1.,0.,0.));
#2878=DIRECTION('ref_axis',(0.,0.,1.));
#2879=DIRECTION('',(0.,0.,1.));
#2880=DIRECTION('center_axis',(-1.,0.,0.));
#2881=DIRECTION('ref_axis',(0.,-0.707106781186548,-0.707106781186547));
#2882=DIRECTION('',(0.,-1.,0.));
#2883=DIRECTION('center_axis',(-1.,0.,0.));
#2884=DIRECTION('ref_axis',(0.,0.707106781186547,-0.707106781186547));
#2885=DIRECTION('center_axis',(-1.,0.,0.));
#2886=DIRECTION('ref_axis',(0.,0.707106781186547,0.707106781186547));
#2887=DIRECTION('center_axis',(1.,0.,-2.69014544372463E-18));
#2888=DIRECTION('ref_axis',(1.90222008563578E-18,0.707106781186547,0.707106781186547));
#2889=DIRECTION('center_axis',(1.,0.,0.));
#2890=DIRECTION('ref_axis',(0.,0.707106781186547,0.707106781186547));
#2891=DIRECTION('center_axis',(0.,1.,0.));
#2892=DIRECTION('ref_axis',(1.,0.,0.));
#2893=DIRECTION('',(1.,0.,-8.0704363311739E-18));
#2894=DIRECTION('',(0.,0.,1.));
#2895=DIRECTION('center_axis',(1.,0.,-8.0704363311739E-18));
#2896=DIRECTION('ref_axis',(-5.70666025690734E-18,-0.707106781186548,-0.707106781186547));
#2897=DIRECTION('',(-1.,0.,8.0704363311739E-18));
#2898=DIRECTION('center_axis',(1.,0.,0.));
#2899=DIRECTION('ref_axis',(0.,-0.707106781186548,-0.707106781186547));
#2900=DIRECTION('',(1.,0.,-8.0704363311739E-18));
#2901=DIRECTION('center_axis',(-8.0704363311739E-18,0.,-1.));
#2902=DIRECTION('ref_axis',(1.,0.,-8.0704363311739E-18));
#2903=DIRECTION('',(0.,-1.,0.));
#2904=DIRECTION('',(-1.,0.,8.0704363311739E-18));
#2905=DIRECTION('center_axis',(-1.,0.,8.0704363311739E-18));
#2906=DIRECTION('ref_axis',(-5.70666025690735E-18,0.707106781186547,-0.707106781186547));
#2907=DIRECTION('center_axis',(1.,0.,0.));
#2908=DIRECTION('ref_axis',(0.,0.707106781186547,-0.707106781186547));
#2909=DIRECTION('center_axis',(0.,-1.,0.));
#2910=DIRECTION('ref_axis',(1.,0.,0.));
#2911=DIRECTION('',(0.,-1.,0.));
#2912=DIRECTION('center_axis',(0.,-1.,0.));
#2913=DIRECTION('ref_axis',(1.,0.,0.));
#2914=DIRECTION('',(0.,-1.,0.));
#2915=DIRECTION('center_axis',(0.,-1.,0.));
#2916=DIRECTION('ref_axis',(1.,0.,0.));
#2917=DIRECTION('',(0.,-1.,0.));
#2918=DIRECTION('center_axis',(0.,1.,0.));
#2919=DIRECTION('ref_axis',(1.,0.,0.));
#2920=DIRECTION('center_axis',(0.,-1.,0.));
#2921=DIRECTION('ref_axis',(1.,0.,0.));
#2922=DIRECTION('',(0.,-1.,0.));
#2923=DIRECTION('center_axis',(0.,1.,0.));
#2924=DIRECTION('ref_axis',(1.,0.,0.));
#2925=DIRECTION('center_axis',(-1.,0.,0.));
#2926=DIRECTION('ref_axis',(0.,0.,-1.));
#2927=DIRECTION('',(0.,0.,-1.));
#2928=DIRECTION('center_axis',(0.,1.,0.));
#2929=DIRECTION('ref_axis',(1.,0.,0.));
#2930=DIRECTION('axis',(0.,0.,1.));
#2931=DIRECTION('refdir',(1.,0.,0.));
#2932=DIRECTION('center_axis',(0.,-1.,0.));
#2933=DIRECTION('ref_axis',(-1.,0.,0.));
#2934=DIRECTION('center_axis',(0.,-1.,0.));
#2935=DIRECTION('ref_axis',(-1.,0.,0.));
#2936=DIRECTION('',(0.707106781186529,-0.707106781186566,-8.6595605623547E-17));
#2937=DIRECTION('center_axis',(0.,1.,0.));
#2938=DIRECTION('ref_axis',(-1.,0.,0.));
#2939=DIRECTION('center_axis',(0.,-1.,0.));
#2940=DIRECTION('ref_axis',(-1.,0.,0.));
#2941=DIRECTION('center_axis',(0.,-1.,0.));
#2942=DIRECTION('ref_axis',(-1.,0.,0.));
#2943=DIRECTION('',(0.,1.,0.));
#2944=DIRECTION('center_axis',(0.,1.,0.));
#2945=DIRECTION('ref_axis',(-1.,0.,0.));
#2946=DIRECTION('center_axis',(0.,1.,0.));
#2947=DIRECTION('ref_axis',(-1.,0.,0.));
#2948=DIRECTION('',(-0.707106781186535,-0.70710678118656,8.65956056235478E-17));
#2949=DIRECTION('center_axis',(0.,1.,0.));
#2950=DIRECTION('ref_axis',(-1.,0.,0.));
#2951=DIRECTION('center_axis',(0.,-1.,0.));
#2952=DIRECTION('ref_axis',(0.,0.,-1.));
#2953=DIRECTION('center_axis',(0.,-1.,0.));
#2954=DIRECTION('ref_axis',(-1.,0.,0.));
#2955=DIRECTION('center_axis',(0.,-1.,0.));
#2956=DIRECTION('ref_axis',(-1.,0.,0.));
#2957=DIRECTION('',(0.707106781186529,-0.707106781186566,-8.6595605623547E-17));
#2958=DIRECTION('center_axis',(0.,1.,0.));
#2959=DIRECTION('ref_axis',(-1.,0.,0.));
#2960=DIRECTION('center_axis',(0.,-1.,0.));
#2961=DIRECTION('ref_axis',(-1.,0.,0.));
#2962=DIRECTION('center_axis',(0.,-1.,0.));
#2963=DIRECTION('ref_axis',(-1.,0.,0.));
#2964=DIRECTION('',(0.,1.,0.));
#2965=DIRECTION('center_axis',(0.,1.,0.));
#2966=DIRECTION('ref_axis',(-1.,0.,0.));
#2967=DIRECTION('center_axis',(0.,1.,0.));
#2968=DIRECTION('ref_axis',(-1.,0.,0.));
#2969=DIRECTION('',(-0.707106781186535,-0.70710678118656,8.65956056235478E-17));
#2970=DIRECTION('center_axis',(0.,1.,0.));
#2971=DIRECTION('ref_axis',(-1.,0.,0.));
#2972=DIRECTION('center_axis',(0.,-1.,0.));
#2973=DIRECTION('ref_axis',(0.,0.,-1.));
#2974=DIRECTION('center_axis',(0.,-1.,0.));
#2975=DIRECTION('ref_axis',(-1.,0.,0.));
#2976=DIRECTION('center_axis',(0.,-1.,0.));
#2977=DIRECTION('ref_axis',(-1.,0.,0.));
#2978=DIRECTION('',(0.707106781186529,-0.707106781186566,-8.6595605623547E-17));
#2979=DIRECTION('center_axis',(0.,1.,0.));
#2980=DIRECTION('ref_axis',(-1.,0.,0.));
#2981=DIRECTION('center_axis',(0.,-1.,0.));
#2982=DIRECTION('ref_axis',(-1.,0.,0.));
#2983=DIRECTION('center_axis',(0.,-1.,0.));
#2984=DIRECTION('ref_axis',(-1.,0.,0.));
#2985=DIRECTION('',(0.,1.,0.));
#2986=DIRECTION('center_axis',(0.,1.,0.));
#2987=DIRECTION('ref_axis',(-1.,0.,0.));
#2988=DIRECTION('center_axis',(0.,1.,0.));
#2989=DIRECTION('ref_axis',(-1.,0.,0.));
#2990=DIRECTION('',(-0.707106781186535,-0.70710678118656,8.65956056235478E-17));
#2991=DIRECTION('center_axis',(0.,1.,0.));
#2992=DIRECTION('ref_axis',(-1.,0.,0.));
#2993=DIRECTION('center_axis',(0.,-1.,0.));
#2994=DIRECTION('ref_axis',(0.,0.,-1.));
#2995=DIRECTION('center_axis',(0.,-1.,0.));
#2996=DIRECTION('ref_axis',(-1.,0.,0.));
#2997=DIRECTION('center_axis',(0.,-1.,0.));
#2998=DIRECTION('ref_axis',(-1.,0.,0.));
#2999=DIRECTION('',(0.707106781186529,-0.707106781186566,-8.6595605623547E-17));
#3000=DIRECTION('center_axis',(0.,1.,0.));
#3001=DIRECTION('ref_axis',(-1.,0.,0.));
#3002=DIRECTION('center_axis',(0.,-1.,0.));
#3003=DIRECTION('ref_axis',(-1.,0.,0.));
#3004=DIRECTION('center_axis',(0.,-1.,0.));
#3005=DIRECTION('ref_axis',(-1.,0.,0.));
#3006=DIRECTION('',(0.,1.,0.));
#3007=DIRECTION('center_axis',(0.,1.,0.));
#3008=DIRECTION('ref_axis',(-1.,0.,0.));
#3009=DIRECTION('center_axis',(0.,1.,0.));
#3010=DIRECTION('ref_axis',(-1.,0.,0.));
#3011=DIRECTION('',(-0.707106781186535,-0.70710678118656,8.65956056235478E-17));
#3012=DIRECTION('center_axis',(0.,1.,0.));
#3013=DIRECTION('ref_axis',(-1.,0.,0.));
#3014=DIRECTION('center_axis',(0.,-1.,0.));
#3015=DIRECTION('ref_axis',(0.,0.,-1.));
#3016=DIRECTION('',(0.,0.,1.));
#3017=DIRECTION('',(1.,0.,0.));
#3018=DIRECTION('',(0.,0.,1.));
#3019=DIRECTION('',(1.,0.,0.));
#3020=CARTESIAN_POINT('',(0.,0.,0.));
#3021=CARTESIAN_POINT('',(0.,0.,0.));
#3022=CARTESIAN_POINT('Origin',(0.,0.,-30.));
#3023=CARTESIAN_POINT('',(-40.6773333333336,0.,-32.0319999999999));
#3024=CARTESIAN_POINT('',(-42.5399999999999,0.,-30.6350000000001));
#3025=CARTESIAN_POINT('',(-50.2032000000001,0.,-24.8876));
#3026=CARTESIAN_POINT('',(-42.5399999999999,0.,-32.0319999999999));
#3027=CARTESIAN_POINT('',(-21.27,0.,-32.0319999999999));
#3028=CARTESIAN_POINT('',(-42.5399999999999,0.,-27.46));
#3029=CARTESIAN_POINT('Origin',(0.,0.,-30.));
#3030=CARTESIAN_POINT('',(42.5399999999999,0.,-30.6350000000001));
#3031=CARTESIAN_POINT('',(40.6773333333335,0.,-32.0319999999999));
#3032=CARTESIAN_POINT('',(72.2352,0.,-8.36360000000001));
#3033=CARTESIAN_POINT('',(42.5399999999999,0.,-32.0319999999999));
#3034=CARTESIAN_POINT('',(42.5399999999999,0.,-32.54));
#3035=CARTESIAN_POINT('',(-21.27,0.,-32.0319999999999));
#3036=CARTESIAN_POINT('Origin',(0.,0.,-30.));
#3037=CARTESIAN_POINT('',(36.7487999999999,0.,-29.8984));
#3038=CARTESIAN_POINT('',(39.3226666666667,0.,-27.968));
#3039=CARTESIAN_POINT('',(47.7648000000001,0.,-21.6364));
#3040=CARTESIAN_POINT('',(38.3489999999998,0.,-32.0319999999999));
#3041=CARTESIAN_POINT('',(36.4439999999999,0.,-29.492));
#3042=CARTESIAN_POINT('',(-38.3489999999998,0.,-32.0319999999999));
#3043=CARTESIAN_POINT('',(-21.27,0.,-32.0319999999999));
#3044=CARTESIAN_POINT('',(-36.7487999999999,0.,-29.8984));
#3045=CARTESIAN_POINT('',(-36.4439999999999,0.,-29.492));
#3046=CARTESIAN_POINT('',(-39.3226666666667,0.,-27.968));
#3047=CARTESIAN_POINT('',(-69.7968,0.,-5.1124));
#3048=CARTESIAN_POINT('',(21.27,0.,-27.968));
#3049=CARTESIAN_POINT('Origin',(42.5399999999999,-0.361949999999997,-27.82195));
#3050=CARTESIAN_POINT('',(42.5399999999999,-0.241299999999997,-27.82195));
#3051=CARTESIAN_POINT('',(42.5399999999999,-0.361949999999997,-27.7013));
#3052=CARTESIAN_POINT('Origin',(42.5399999999999,-0.361949999999997,-27.82195));
#3053=CARTESIAN_POINT('',(-42.5399999999999,-0.361949999999997,-27.7013));
#3054=CARTESIAN_POINT('',(42.5399999999999,-0.361949999999997,-27.7013));
#3055=CARTESIAN_POINT('',(-42.5399999999999,-0.241299999999997,-27.82195));
#3056=CARTESIAN_POINT('Origin',(-42.5399999999999,-0.361949999999997,-27.82195));
#3057=CARTESIAN_POINT('',(42.5399999999999,-0.241299999999997,-27.82195));
#3058=CARTESIAN_POINT('Origin',(42.5399999999999,-4.8387,-27.7013));
#3059=CARTESIAN_POINT('',(42.5399999999999,-4.71805000000001,-27.7013));
#3060=CARTESIAN_POINT('',(42.5399999999999,-2.41935,-27.7013));
#3061=CARTESIAN_POINT('',(-42.5399999999999,-4.71805000000001,-27.7013));
#3062=CARTESIAN_POINT('',(42.5399999999999,-4.71805000000001,-27.7013));
#3063=CARTESIAN_POINT('',(-42.5399999999999,-2.41935,-27.7013));
#3064=CARTESIAN_POINT('Origin',(42.5399999999999,-4.71805000000001,-32.17805));
#3065=CARTESIAN_POINT('',(42.5399999999999,-4.8387,-32.17805));
#3066=CARTESIAN_POINT('',(42.5399999999999,-4.71805000000001,-32.2986999999999));
#3067=CARTESIAN_POINT('Origin',(42.5399999999999,-4.71805000000001,-32.17805));
#3068=CARTESIAN_POINT('',(-42.5399999999999,-4.71805000000001,-32.2986999999999));
#3069=CARTESIAN_POINT('',(42.5399999999999,-4.71805000000001,-32.2986999999999));
#3070=CARTESIAN_POINT('',(-42.5399999999999,-4.8387,-32.17805));
#3071=CARTESIAN_POINT('Origin',(-42.5399999999999,-4.71805000000001,-32.17805));
#3072=CARTESIAN_POINT('',(42.5399999999999,-4.8387,-32.17805));
#3073=CARTESIAN_POINT('Origin',(42.5399999999999,-0.241299999999997,-32.2986999999999));
#3074=CARTESIAN_POINT('',(42.5399999999999,-0.361949999999997,-32.2986999999999));
#3075=CARTESIAN_POINT('',(42.5399999999999,-0.120649999999999,-32.2986999999999));
#3076=CARTESIAN_POINT('',(-42.5399999999999,-0.361949999999997,-32.2986999999999));
#3077=CARTESIAN_POINT('',(42.5399999999999,-0.361949999999997,-32.2986999999999));
#3078=CARTESIAN_POINT('',(-42.5399999999999,-0.120649999999999,-32.2986999999999));
#3079=CARTESIAN_POINT('Origin',(42.5399999999999,-4.71805000000001,-27.82195));
#3080=CARTESIAN_POINT('',(42.5399999999999,-4.8387,-27.82195));
#3081=CARTESIAN_POINT('Origin',(42.5399999999999,-4.71805000000001,-27.82195));
#3082=CARTESIAN_POINT('',(-42.5399999999999,-4.8387,-27.82195));
#3083=CARTESIAN_POINT('',(42.5399999999999,-4.8387,-27.82195));
#3084=CARTESIAN_POINT('Origin',(-42.5399999999999,-4.71805000000001,-27.82195));
#3085=CARTESIAN_POINT('Origin',(42.5399999999999,-4.8387,-32.2986999999999));
#3086=CARTESIAN_POINT('',(-42.5399999999999,-4.8387,-29.87935));
#3087=CARTESIAN_POINT('',(42.5399999999999,-4.8387,-32.4193500000001));
#3088=CARTESIAN_POINT('',(-40.7300000000001,-4.8387,-30.));
#3089=CARTESIAN_POINT('Origin',(-40.,-4.8387,-30.));
#3090=CARTESIAN_POINT('',(39.2699999999999,-4.8387,-30.));
#3091=CARTESIAN_POINT('Origin',(40.,-4.8387,-30.));
#3092=CARTESIAN_POINT('Origin',(42.5399999999999,-0.361949999999997,-32.17805));
#3093=CARTESIAN_POINT('',(42.5399999999999,-0.241299999999997,-32.17805));
#3094=CARTESIAN_POINT('Origin',(42.5399999999999,-0.361949999999997,-32.17805));
#3095=CARTESIAN_POINT('',(-42.5399999999999,-0.241299999999997,-32.17805));
#3096=CARTESIAN_POINT('',(42.5399999999999,-0.241299999999997,-32.17805));
#3097=CARTESIAN_POINT('Origin',(-42.5399999999999,-0.361949999999997,-32.17805));
#3098=CARTESIAN_POINT('Origin',(42.5399999999999,-0.241299999999997,-27.7013));
#3099=CARTESIAN_POINT('',(-42.5399999999999,-0.241299999999997,-27.58065));
#3100=CARTESIAN_POINT('',(42.5399999999999,-0.241299999999997,-30.12065));
#3101=CARTESIAN_POINT('',(-40.7300000000001,-0.241299999999997,-30.));
#3102=CARTESIAN_POINT('Origin',(-40.,-0.241299999999997,-30.));
#3103=CARTESIAN_POINT('',(39.2699999999999,-0.241299999999997,-30.));
#3104=CARTESIAN_POINT('Origin',(40.,-0.241299999999997,-30.));
#3105=CARTESIAN_POINT('Origin',(-21.27,-4.572,-32.0319999999999));
#3106=CARTESIAN_POINT('',(42.5399999999999,-4.572,-32.54));
#3107=CARTESIAN_POINT('',(42.5399999999999,-5.08000000000001,-32.0319999999999));
#3108=CARTESIAN_POINT('Origin',(42.5399999999999,-4.572,-32.0319999999999));
#3109=CARTESIAN_POINT('',(-42.5399999999999,-5.08000000000001,-32.0319999999999));
#3110=CARTESIAN_POINT('',(-21.27,-5.08000000000001,-32.0319999999999));
#3111=CARTESIAN_POINT('',(-42.5399999999999,-4.572,-32.54));
#3112=CARTESIAN_POINT('Origin',(-42.5399999999999,-4.572,-32.0319999999999));
#3113=CARTESIAN_POINT('',(-21.27,-4.572,-32.54));
#3114=CARTESIAN_POINT('Origin',(-42.5399999999999,0.,-32.54));
#3115=CARTESIAN_POINT('',(-42.5399999999999,-0.508000000000001,-32.54));
#3116=CARTESIAN_POINT('',(-42.5399999999999,0.,-32.54));
#3117=CARTESIAN_POINT('',(42.5399999999999,-0.508000000000001,-32.54));
#3118=CARTESIAN_POINT('',(-21.27,-0.508000000000001,-32.54));
#3119=CARTESIAN_POINT('',(42.5399999999999,0.,-32.54));
#3120=CARTESIAN_POINT('Origin',(-42.5399999999999,0.,-27.46));
#3121=CARTESIAN_POINT('',(-42.5399999999999,-5.08000000000001,-27.968));
#3122=CARTESIAN_POINT('',(-42.5399999999999,-5.08000000000001,-27.46));
#3123=CARTESIAN_POINT('',(-42.5399999999999,-4.572,-27.46));
#3124=CARTESIAN_POINT('Origin',(-42.5399999999999,-4.572,-27.968));
#3125=CARTESIAN_POINT('',(-42.5399999999999,-0.508000000000001,-27.46));
#3126=CARTESIAN_POINT('',(-42.5399999999999,0.,-27.46));
#3127=CARTESIAN_POINT('',(-42.5399999999999,0.,-27.968));
#3128=CARTESIAN_POINT('Origin',(-42.5399999999999,-0.508000000000001,-27.968));
#3129=CARTESIAN_POINT('',(-42.5399999999999,0.,-21.23));
#3130=CARTESIAN_POINT('Origin',(-42.5399999999999,-0.508000000000001,-32.0319999999999));
#3131=CARTESIAN_POINT('Origin',(-21.27,-0.508000000000001,-32.0319999999999));
#3132=CARTESIAN_POINT('Origin',(42.5399999999999,-0.508000000000001,-32.0319999999999));
#3133=CARTESIAN_POINT('',(-21.27,0.,-32.0319999999999));
#3134=CARTESIAN_POINT('',(-21.27,0.,-32.0319999999999));
#3135=CARTESIAN_POINT('Origin',(21.27,-0.508000000000001,-27.968));
#3136=CARTESIAN_POINT('',(42.5399999999999,-0.508000000000001,-27.46));
#3137=CARTESIAN_POINT('',(21.27,-0.508000000000001,-27.46));
#3138=CARTESIAN_POINT('',(42.5399999999999,0.,-27.968));
#3139=CARTESIAN_POINT('Origin',(42.5399999999999,-0.508000000000001,-27.968));
#3140=CARTESIAN_POINT('',(21.27,0.,-27.968));
#3141=CARTESIAN_POINT('',(21.27,0.,-27.968));
#3142=CARTESIAN_POINT('Origin',(42.5399999999999,0.,-27.46));
#3143=CARTESIAN_POINT('',(42.5399999999999,-4.572,-27.46));
#3144=CARTESIAN_POINT('',(21.27,-4.572,-27.46));
#3145=CARTESIAN_POINT('',(42.5399999999999,0.,-27.46));
#3146=CARTESIAN_POINT('Origin',(21.27,-4.572,-27.968));
#3147=CARTESIAN_POINT('',(42.5399999999999,-5.08000000000001,-27.968));
#3148=CARTESIAN_POINT('',(21.27,-5.08000000000001,-27.968));
#3149=CARTESIAN_POINT('Origin',(42.5399999999999,-4.572,-27.968));
#3150=CARTESIAN_POINT('Origin',(0.,-5.08000000000001,-30.));
#3151=CARTESIAN_POINT('',(42.5399999999999,-5.08000000000001,-32.54));
#3152=CARTESIAN_POINT('',(39.2699999999999,-5.08000000000001,-30.));
#3153=CARTESIAN_POINT('Origin',(40.,-5.08000000000001,-30.));
#3154=CARTESIAN_POINT('',(-40.7300000000001,-5.08000000000001,-30.));
#3155=CARTESIAN_POINT('Origin',(-40.,-5.08000000000001,-30.));
#3156=CARTESIAN_POINT('Origin',(40.,0.,-30.));
#3157=CARTESIAN_POINT('',(39.27,0.,-30.));
#3158=CARTESIAN_POINT('Origin',(-40.,0.,-30.));
#3159=CARTESIAN_POINT('',(-40.73,0.,-30.));
#3160=CARTESIAN_POINT('Origin',(42.5399999999999,0.,-32.54));
#3161=CARTESIAN_POINT('',(42.5399999999999,0.,-23.77));
#3162=CARTESIAN_POINT('Origin',(59.9999999999999,0.,-15.));
#3163=CARTESIAN_POINT('',(39.1871999999999,0.,-33.1496));
#3164=CARTESIAN_POINT('',(36.4439999999999,0.,-29.492));
#3165=CARTESIAN_POINT('',(72.2352,0.,-8.36360000000001));
#3166=CARTESIAN_POINT('Origin',(59.9999999999999,0.,-15.));
#3167=CARTESIAN_POINT('',(80.6773333333334,0.,-2.032));
#3168=CARTESIAN_POINT('',(72.2352,0.,-8.36360000000001));
#3169=CARTESIAN_POINT('',(73.9040000000001,0.,-2.032));
#3170=CARTESIAN_POINT('',(-41.2700000000001,0.,-2.032));
#3171=CARTESIAN_POINT('',(47.7648000000001,0.,-21.6364));
#3172=CARTESIAN_POINT('Origin',(-59.9999999999999,0.,-15.));
#3173=CARTESIAN_POINT('',(-39.1871999999999,0.,-33.1496));
#3174=CARTESIAN_POINT('',(-50.2032000000001,0.,-24.8876));
#3175=CARTESIAN_POINT('',(-36.4439999999999,0.,-29.492));
#3176=CARTESIAN_POINT('Origin',(-59.9999999999999,0.,-15.));
#3177=CARTESIAN_POINT('',(-73.904,0.,-2.032));
#3178=CARTESIAN_POINT('',(-69.7968,0.,-5.1124));
#3179=CARTESIAN_POINT('',(-80.6773333333334,0.,-2.03199999999999));
#3180=CARTESIAN_POINT('',(-41.2700000000001,0.,-2.032));
#3181=CARTESIAN_POINT('',(-50.2032000000001,0.,-24.8876));
#3182=CARTESIAN_POINT('Origin',(59.9999999999999,0.,-15.));
#3183=CARTESIAN_POINT('',(82.5399999999999,0.,0.846666666666928));
#3184=CARTESIAN_POINT('',(82.5399999999999,0.,-0.635000000000078));
#3185=CARTESIAN_POINT('',(82.5399999999999,0.,2.54));
#3186=CARTESIAN_POINT('',(83.2512000000001,0.,-0.101600000000008));
#3187=CARTESIAN_POINT('',(72.2352,0.,-8.36360000000001));
#3188=CARTESIAN_POINT('',(83.5560000000001,0.,-0.508000000000007));
#3189=CARTESIAN_POINT('Origin',(59.9999999999999,0.,-15.));
#3190=CARTESIAN_POINT('',(81.6510000000001,0.,2.032));
#3191=CARTESIAN_POINT('',(79.3226666666667,0.,2.032));
#3192=CARTESIAN_POINT('',(41.2700000000001,0.,2.032));
#3193=CARTESIAN_POINT('',(80.8127999999998,0.,3.14959999999999));
#3194=CARTESIAN_POINT('',(83.5560000000001,0.,-0.508000000000007));
#3195=CARTESIAN_POINT('',(47.7648000000001,0.,-21.6364));
#3196=CARTESIAN_POINT('Origin',(36.6611699999999,0.361950000000018,-29.78156));
#3197=CARTESIAN_POINT('',(36.6611699999999,0.241300000000017,-29.78156));
#3198=CARTESIAN_POINT('',(36.5887799999999,0.361950000000018,-29.68504));
#3199=CARTESIAN_POINT('Origin',(36.6611699999999,0.361950000000018,-29.78156));
#3200=CARTESIAN_POINT('',(80.6527800000001,0.361950000000018,3.36295999999996));
#3201=CARTESIAN_POINT('',(36.5887799999999,0.361950000000018,-29.68504));
#3202=CARTESIAN_POINT('',(80.7251700000001,0.241300000000017,3.26643999999995));
#3203=CARTESIAN_POINT('Origin',(80.7251700000001,0.361950000000018,3.26643999999995));
#3204=CARTESIAN_POINT('',(36.6611699999999,0.241300000000017,-29.78156));
#3205=CARTESIAN_POINT('Origin',(36.5887799999999,4.83870000000003,-29.68504));
#3206=CARTESIAN_POINT('',(36.5887799999999,4.71805000000001,-29.68504));
#3207=CARTESIAN_POINT('',(36.5887799999999,2.41935000000001,-29.68504));
#3208=CARTESIAN_POINT('',(80.6527800000001,4.71805000000001,3.36295999999996));
#3209=CARTESIAN_POINT('',(36.5887799999999,4.71805000000001,-29.68504));
#3210=CARTESIAN_POINT('',(80.6527800000001,2.41935000000001,3.36295999999996));
#3211=CARTESIAN_POINT('Origin',(36.6611699999999,4.71805000000001,-29.78156));
#3212=CARTESIAN_POINT('',(36.6611699999999,4.83870000000003,-29.78156));
#3213=CARTESIAN_POINT('Origin',(36.6611699999999,4.71805000000001,-29.78156));
#3214=CARTESIAN_POINT('',(80.7251700000001,4.83870000000003,3.26643999999995));
#3215=CARTESIAN_POINT('',(36.6611699999999,4.83870000000003,-29.78156));
#3216=CARTESIAN_POINT('Origin',(80.7251700000001,4.71805000000001,3.26643999999995));
#3217=CARTESIAN_POINT('Origin',(39.3472199999999,4.83870000000003,-33.36296));
#3218=CARTESIAN_POINT('',(39.2748299999999,4.83870000000003,-33.2664399999999));
#3219=CARTESIAN_POINT('',(39.4196099999999,4.83870000000003,-33.4594800000001));
#3220=CARTESIAN_POINT('',(83.3388300000001,4.83870000000003,-0.218440000000046));
#3221=CARTESIAN_POINT('',(39.2748299999999,4.83870000000003,-33.2664399999999));
#3222=CARTESIAN_POINT('',(81.9596099999998,4.83870000000003,1.62052000000003));
#3223=CARTESIAN_POINT('',(39.2699999999999,4.83870000000003,-30.));
#3224=CARTESIAN_POINT('Origin',(40.,4.83870000000003,-30.));
#3225=CARTESIAN_POINT('',(79.2699999999999,4.83870000000003,-8.93992163377573E-17));
#3226=CARTESIAN_POINT('Origin',(80.,4.83870000000003,0.));
#3227=CARTESIAN_POINT('Origin',(39.2748299999999,0.361950000000018,-33.2664399999999));
#3228=CARTESIAN_POINT('',(39.3472199999999,0.361950000000018,-33.36296));
#3229=CARTESIAN_POINT('',(39.2748299999999,0.241300000000017,-33.2664399999999));
#3230=CARTESIAN_POINT('Origin',(39.2748299999999,0.361950000000018,-33.2664399999999));
#3231=CARTESIAN_POINT('',(83.3388300000001,0.241300000000017,-0.218440000000048));
#3232=CARTESIAN_POINT('',(39.2748299999999,0.241300000000017,-33.2664399999999));
#3233=CARTESIAN_POINT('',(83.4112200000001,0.361950000000018,-0.314960000000042));
#3234=CARTESIAN_POINT('Origin',(83.3388300000001,0.361950000000018,-0.218440000000051));
#3235=CARTESIAN_POINT('',(39.3472199999999,0.361950000000018,-33.36296));
#3236=CARTESIAN_POINT('Origin',(36.5887799999999,0.241300000000017,-29.68504));
#3237=CARTESIAN_POINT('',(80.5803899999998,0.241300000000017,3.45948000000003));
#3238=CARTESIAN_POINT('',(38.0403899999999,0.241300000000017,-31.6205199999999));
#3239=CARTESIAN_POINT('',(39.2699999999999,0.241300000000017,-30.));
#3240=CARTESIAN_POINT('Origin',(40.,0.241300000000017,-30.));
#3241=CARTESIAN_POINT('',(79.2699999999999,0.241300000000017,8.93992163377573E-17));
#3242=CARTESIAN_POINT('Origin',(80.,0.241300000000017,0.));
#3243=CARTESIAN_POINT('Origin',(39.2748299999999,4.71805000000001,-33.2664399999999));
#3244=CARTESIAN_POINT('',(39.3472199999999,4.71805000000001,-33.36296));
#3245=CARTESIAN_POINT('Origin',(39.2748299999999,4.71805000000001,-33.2664399999999));
#3246=CARTESIAN_POINT('',(83.4112200000001,4.71805000000001,-0.314960000000042));
#3247=CARTESIAN_POINT('',(39.3472199999999,4.71805000000001,-33.36296));
#3248=CARTESIAN_POINT('Origin',(83.3388300000001,4.71805000000001,-0.218440000000051));
#3249=CARTESIAN_POINT('Origin',(39.3472199999999,0.241300000000017,-33.36296));
#3250=CARTESIAN_POINT('',(83.4112200000001,0.120650000000008,-0.314960000000042));
#3251=CARTESIAN_POINT('',(39.3472199999999,0.120650000000008,-33.36296));
#3252=CARTESIAN_POINT('Origin',(47.7648000000001,4.572,-21.6364));
#3253=CARTESIAN_POINT('',(80.5079999999998,4.572,3.55600000000001));
#3254=CARTESIAN_POINT('',(80.8127999999998,5.08000000000001,3.14959999999999));
#3255=CARTESIAN_POINT('Origin',(80.8127999999998,4.572,3.14959999999999));
#3256=CARTESIAN_POINT('',(36.7487999999999,5.08000000000001,-29.8984));
#3257=CARTESIAN_POINT('',(47.7648000000001,5.08000000000001,-21.6364));
#3258=CARTESIAN_POINT('',(36.4439999999999,4.572,-29.492));
#3259=CARTESIAN_POINT('Origin',(36.7487999999999,4.572,-29.8984));
#3260=CARTESIAN_POINT('',(47.4600000000001,4.572,-21.23));
#3261=CARTESIAN_POINT('Origin',(36.4439999999999,0.,-29.492));
#3262=CARTESIAN_POINT('',(36.4439999999999,0.508000000000001,-29.492));
#3263=CARTESIAN_POINT('',(36.4439999999999,0.,-29.492));
#3264=CARTESIAN_POINT('',(80.5079999999998,0.508000000000001,3.55600000000001));
#3265=CARTESIAN_POINT('',(47.4600000000001,0.508000000000001,-21.23));
#3266=CARTESIAN_POINT('',(80.5079999999998,0.,3.55600000000001));
#3267=CARTESIAN_POINT('Origin',(39.4919999999999,0.,-33.5559999999999));
#3268=CARTESIAN_POINT('',(39.1871999999999,5.08000000000001,-33.1496));
#3269=CARTESIAN_POINT('',(36.4439999999999,5.08000000000001,-29.492));
#3270=CARTESIAN_POINT('',(39.4919999999999,4.572,-33.5559999999999));
#3271=CARTESIAN_POINT('Origin',(39.1871999999999,4.572,-33.1496));
#3272=CARTESIAN_POINT('',(39.4919999999999,0.508000000000001,-33.5559999999999));
#3273=CARTESIAN_POINT('',(39.4919999999999,0.,-33.5559999999999));
#3274=CARTESIAN_POINT('Origin',(39.1871999999999,0.508000000000001,-33.1496));
#3275=CARTESIAN_POINT('Origin',(36.7487999999999,0.508000000000001,-29.8984));
#3276=CARTESIAN_POINT('Origin',(47.7648000000001,0.508000000000001,-21.6364));
#3277=CARTESIAN_POINT('',(47.7648000000001,0.,-21.6364));
#3278=CARTESIAN_POINT('Origin',(80.8127999999998,0.508000000000001,3.14959999999999));
#3279=CARTESIAN_POINT('Origin',(72.2352,0.508000000000001,-8.36360000000001));
#3280=CARTESIAN_POINT('',(83.5560000000001,0.508000000000001,-0.508000000000007));
#3281=CARTESIAN_POINT('Origin',(83.2512000000001,0.508000000000001,-0.10160000000001));
#3282=CARTESIAN_POINT('',(72.2352,0.,-8.36360000000001));
#3283=CARTESIAN_POINT('',(72.54,0.508000000000001,-8.77));
#3284=CARTESIAN_POINT('Origin',(83.5560000000001,0.,-0.50800000000001));
#3285=CARTESIAN_POINT('',(83.5560000000001,4.572,-0.508000000000007));
#3286=CARTESIAN_POINT('',(72.54,4.572,-8.77));
#3287=CARTESIAN_POINT('',(83.5560000000001,0.,-0.508000000000007));
#3288=CARTESIAN_POINT('Origin',(72.2352,4.572,-8.36360000000001));
#3289=CARTESIAN_POINT('',(83.2512000000001,5.08000000000001,-0.101600000000008));
#3290=CARTESIAN_POINT('',(72.2352,5.08000000000001,-8.36360000000001));
#3291=CARTESIAN_POINT('Origin',(83.2512000000001,4.572,-0.10160000000001));
#3292=CARTESIAN_POINT('Origin',(59.9999999999999,5.08000000000001,-15.));
#3293=CARTESIAN_POINT('',(83.5560000000001,5.08000000000001,-0.508000000000007));
#3294=CARTESIAN_POINT('',(79.2699999999999,5.08000000000001,0.));
#3295=CARTESIAN_POINT('Origin',(80.,5.08000000000001,0.));
#3296=CARTESIAN_POINT('',(39.2699999999999,5.08000000000001,-30.));
#3297=CARTESIAN_POINT('Origin',(40.,5.08000000000001,-30.));
#3298=CARTESIAN_POINT('Origin',(80.,0.,0.));
#3299=CARTESIAN_POINT('',(79.27,0.,8.93992163377572E-17));
#3300=CARTESIAN_POINT('Origin',(40.,0.,-30.));
#3301=CARTESIAN_POINT('',(39.27,0.,-30.));
#3302=CARTESIAN_POINT('Origin',(40.,0.,-30.));
#3303=CARTESIAN_POINT('',(39.27,0.,-30.));
#3304=CARTESIAN_POINT('Origin',(80.5079999999998,0.,3.55600000000001));
#3305=CARTESIAN_POINT('',(66.8699999999998,0.,21.74));
#3306=CARTESIAN_POINT('Origin',(0.,0.,4.44089209850063E-16));
#3307=CARTESIAN_POINT('',(82.5399999999999,0.,-2.032));
#3308=CARTESIAN_POINT('',(82.5399999999999,0.,2.54));
#3309=CARTESIAN_POINT('',(-41.2700000000001,0.,-2.032));
#3310=CARTESIAN_POINT('Origin',(0.,0.,4.44089209850063E-16));
#3311=CARTESIAN_POINT('',(82.5399999999999,0.,2.032));
#3312=CARTESIAN_POINT('',(41.2700000000001,0.,2.032));
#3313=CARTESIAN_POINT('',(82.5399999999999,0.,2.54));
#3314=CARTESIAN_POINT('Origin',(0.,0.,4.44089209850063E-16));
#3315=CARTESIAN_POINT('',(-41.2700000000001,0.,-2.032));
#3316=CARTESIAN_POINT('',(-79.3226666666667,0.,2.032));
#3317=CARTESIAN_POINT('',(-69.7968,0.,-5.1124));
#3318=CARTESIAN_POINT('',(41.2700000000001,0.,2.032));
#3319=CARTESIAN_POINT('Origin',(-59.9999999999999,0.,-15.));
#3320=CARTESIAN_POINT('',(-82.5399999999999,0.,-0.63500000000009));
#3321=CARTESIAN_POINT('',(-82.5399999999999,0.,0.846666666666928));
#3322=CARTESIAN_POINT('',(-82.5399999999999,0.,-2.54));
#3323=CARTESIAN_POINT('',(-83.2512000000001,0.,-0.101600000000011));
#3324=CARTESIAN_POINT('',(-83.5560000000001,0.,-0.508000000000007));
#3325=CARTESIAN_POINT('',(-50.2032000000001,0.,-24.8876));
#3326=CARTESIAN_POINT('Origin',(-59.9999999999999,0.,-15.));
#3327=CARTESIAN_POINT('',(-81.6510000000001,0.,2.032));
#3328=CARTESIAN_POINT('',(41.2700000000001,0.,2.032));
#3329=CARTESIAN_POINT('',(-80.8127999999998,0.,3.14959999999999));
#3330=CARTESIAN_POINT('',(-69.7968,0.,-5.1124));
#3331=CARTESIAN_POINT('',(-83.5560000000001,0.,-0.508000000000007));
#3332=CARTESIAN_POINT('Origin',(-80.7251699999998,4.71805000000001,3.26643999999998));
#3333=CARTESIAN_POINT('',(-80.6527799999998,4.71805000000001,3.36295999999999));
#3334=CARTESIAN_POINT('',(-80.7251699999998,4.8387,3.26644000000001));
#3335=CARTESIAN_POINT('Origin',(-80.7251699999998,4.71805000000001,3.26644000000001));
#3336=CARTESIAN_POINT('',(-36.6611699999999,4.8387,-29.7815600000001));
#3337=CARTESIAN_POINT('',(-80.7251699999998,4.8387,3.26643999999998));
#3338=CARTESIAN_POINT('',(-36.5887799999999,4.71805000000001,-29.6850400000001));
#3339=CARTESIAN_POINT('Origin',(-36.6611699999999,4.71805000000001,-29.7815600000001));
#3340=CARTESIAN_POINT('',(-80.6527799999998,4.71805000000001,3.36295999999999));
#3341=CARTESIAN_POINT('Origin',(-83.4112200000001,4.8387,-0.31496000000002));
#3342=CARTESIAN_POINT('',(-83.3388300000001,4.8387,-0.218440000000022));
#3343=CARTESIAN_POINT('',(-83.4836100000001,4.8387,-0.411480000000012));
#3344=CARTESIAN_POINT('',(-39.2748300000002,4.8387,-33.2664400000002));
#3345=CARTESIAN_POINT('',(-83.3388300000001,4.8387,-0.218440000000024));
#3346=CARTESIAN_POINT('',(-37.8956099999999,4.8387,-31.42748));
#3347=CARTESIAN_POINT('',(-80.7299999999999,4.8387,-8.93992163377573E-17));
#3348=CARTESIAN_POINT('Origin',(-80.,4.8387,0.));
#3349=CARTESIAN_POINT('',(-40.7300000000001,4.8387,-30.));
#3350=CARTESIAN_POINT('Origin',(-40.,4.8387,-30.));
#3351=CARTESIAN_POINT('Origin',(-83.3388300000001,4.71805000000001,-0.218440000000024));
#3352=CARTESIAN_POINT('',(-83.4112200000001,4.71805000000001,-0.314960000000017));
#3353=CARTESIAN_POINT('Origin',(-83.3388300000001,4.71805000000001,-0.218440000000021));
#3354=CARTESIAN_POINT('',(-39.3472200000002,4.71805000000001,-33.36296));
#3355=CARTESIAN_POINT('',(-83.4112200000001,4.71805000000001,-0.31496000000002));
#3356=CARTESIAN_POINT('Origin',(-39.2748300000002,4.71805000000001,-33.2664400000002));
#3357=CARTESIAN_POINT('Origin',(-83.4112200000001,0.2413,-0.31496000000002));
#3358=CARTESIAN_POINT('',(-83.4112200000001,0.36195,-0.314960000000017));
#3359=CARTESIAN_POINT('',(-83.4112200000001,0.12065,-0.314960000000017));
#3360=CARTESIAN_POINT('',(-39.3472200000002,0.36195,-33.36296));
#3361=CARTESIAN_POINT('',(-83.4112200000001,0.36195,-0.31496000000002));
#3362=CARTESIAN_POINT('',(-39.3472200000002,0.12065,-33.36296));
#3363=CARTESIAN_POINT('Origin',(-83.3388300000001,0.36195,-0.218440000000021));
#3364=CARTESIAN_POINT('',(-83.3388300000001,0.2413,-0.218440000000017));
#3365=CARTESIAN_POINT('Origin',(-83.3388300000001,0.36195,-0.218440000000018));
#3366=CARTESIAN_POINT('',(-39.2748300000002,0.2413,-33.2664400000002));
#3367=CARTESIAN_POINT('',(-83.3388300000001,0.2413,-0.218440000000021));
#3368=CARTESIAN_POINT('Origin',(-39.2748300000002,0.36195,-33.2664400000002));
#3369=CARTESIAN_POINT('Origin',(-80.6527799999998,0.2413,3.36295999999999));
#3370=CARTESIAN_POINT('',(-80.7251700000001,0.2413,3.26644000000001));
#3371=CARTESIAN_POINT('',(-82.1043899999998,0.2413,1.42747999999999));
#3372=CARTESIAN_POINT('',(-36.6611699999999,0.2413,-29.7815600000001));
#3373=CARTESIAN_POINT('',(-80.7251699999998,0.2413,3.26643999999998));
#3374=CARTESIAN_POINT('',(-36.5163899999999,0.2413,-29.58852));
#3375=CARTESIAN_POINT('',(-80.7299999999999,0.2413,8.93992163377573E-17));
#3376=CARTESIAN_POINT('Origin',(-80.,0.2413,0.));
#3377=CARTESIAN_POINT('',(-40.7300000000001,0.2413,-30.));
#3378=CARTESIAN_POINT('Origin',(-40.,0.2413,-30.));
#3379=CARTESIAN_POINT('Origin',(-80.7251699999998,0.36195,3.26643999999998));
#3380=CARTESIAN_POINT('',(-80.6527799999998,0.36195,3.36295999999999));
#3381=CARTESIAN_POINT('Origin',(-80.7251699999998,0.36195,3.26643999999998));
#3382=CARTESIAN_POINT('',(-36.5887799999999,0.36195,-29.6850400000001));
#3383=CARTESIAN_POINT('',(-80.6527799999998,0.36195,3.36295999999999));
#3384=CARTESIAN_POINT('Origin',(-36.6611699999999,0.36195,-29.7815600000001));
#3385=CARTESIAN_POINT('Origin',(-80.6527799999998,4.8387,3.36295999999999));
#3386=CARTESIAN_POINT('',(-36.5887799999999,2.41935,-29.6850400000001));
#3387=CARTESIAN_POINT('',(-80.6527799999998,2.41935,3.36295999999999));
#3388=CARTESIAN_POINT('Origin',(-50.2032000000001,0.508000000000001,-24.8876));
#3389=CARTESIAN_POINT('',(-83.5560000000001,0.508000000000001,-0.508000000000007));
#3390=CARTESIAN_POINT('Origin',(-83.2512000000001,0.508000000000001,-0.101600000000005));
#3391=CARTESIAN_POINT('',(-39.4919999999999,0.508000000000001,-33.5559999999999));
#3392=CARTESIAN_POINT('',(-50.5080000000001,0.508000000000001,-25.294));
#3393=CARTESIAN_POINT('Origin',(-39.1871999999999,0.508000000000001,-33.1496));
#3394=CARTESIAN_POINT('',(-50.2032000000001,0.,-24.8876));
#3395=CARTESIAN_POINT('Origin',(-83.5560000000001,0.,-0.508000000000007));
#3396=CARTESIAN_POINT('',(-68.3940000000001,0.,19.708));
#3397=CARTESIAN_POINT('',(-80.5079999999998,0.508000000000001,3.55600000000001));
#3398=CARTESIAN_POINT('Origin',(-80.8127999999998,0.508000000000001,3.14960000000002));
#3399=CARTESIAN_POINT('',(-80.5079999999998,4.572,3.55600000000001));
#3400=CARTESIAN_POINT('',(-80.5079999999998,0.,3.55600000000001));
#3401=CARTESIAN_POINT('',(-80.8127999999998,5.08000000000001,3.14959999999999));
#3402=CARTESIAN_POINT('Origin',(-80.8127999999998,4.572,3.14960000000002));
#3403=CARTESIAN_POINT('',(-83.2512000000001,5.08000000000001,-0.101600000000011));
#3404=CARTESIAN_POINT('',(-83.5560000000001,5.08000000000001,-0.508000000000007));
#3405=CARTESIAN_POINT('',(-83.5560000000001,4.572,-0.508000000000007));
#3406=CARTESIAN_POINT('Origin',(-83.2512000000001,4.572,-0.101600000000005));
#3407=CARTESIAN_POINT('',(-83.5560000000001,0.,-0.508000000000007));
#3408=CARTESIAN_POINT('Origin',(-69.7968,0.508000000000001,-5.1124));
#3409=CARTESIAN_POINT('',(-36.4439999999999,0.508000000000001,-29.492));
#3410=CARTESIAN_POINT('Origin',(-36.7487999999999,0.508000000000001,-29.8984));
#3411=CARTESIAN_POINT('',(-69.492,0.508000000000001,-4.70599999999998));
#3412=CARTESIAN_POINT('Origin',(-69.7968,4.572,-5.1124));
#3413=CARTESIAN_POINT('',(-36.4439999999999,4.572,-29.492));
#3414=CARTESIAN_POINT('',(-36.7487999999999,5.08000000000001,-29.8984));
#3415=CARTESIAN_POINT('Origin',(-36.7487999999999,4.572,-29.8984));
#3416=CARTESIAN_POINT('',(-69.7968,5.08000000000001,-5.1124));
#3417=CARTESIAN_POINT('',(-69.492,4.572,-4.70599999999998));
#3418=CARTESIAN_POINT('Origin',(-59.9999999999999,5.08000000000001,-15.));
#3419=CARTESIAN_POINT('',(-39.1871999999999,5.08000000000001,-33.1496));
#3420=CARTESIAN_POINT('',(-36.4439999999999,5.08000000000001,-29.492));
#3421=CARTESIAN_POINT('',(-50.2032000000001,5.08000000000001,-24.8876));
#3422=CARTESIAN_POINT('',(-40.7300000000001,5.08000000000001,-30.));
#3423=CARTESIAN_POINT('Origin',(-40.,5.08000000000001,-30.));
#3424=CARTESIAN_POINT('',(-80.7299999999999,5.08000000000001,8.93992163377573E-17));
#3425=CARTESIAN_POINT('Origin',(-80.,5.08000000000001,0.));
#3426=CARTESIAN_POINT('Origin',(-36.4439999999999,0.,-29.492));
#3427=CARTESIAN_POINT('',(-39.4919999999999,4.572,-33.5559999999999));
#3428=CARTESIAN_POINT('',(-39.4919999999999,0.,-33.5559999999999));
#3429=CARTESIAN_POINT('Origin',(-39.1871999999999,4.572,-33.1496));
#3430=CARTESIAN_POINT('',(-36.4439999999999,0.,-29.492));
#3431=CARTESIAN_POINT('Origin',(-50.2032000000001,4.572,-24.8876));
#3432=CARTESIAN_POINT('',(-50.5080000000001,4.572,-25.294));
#3433=CARTESIAN_POINT('Origin',(-39.4919999999999,0.,-33.5559999999999));
#3434=CARTESIAN_POINT('Origin',(-40.,0.,-30.));
#3435=CARTESIAN_POINT('',(-40.73,0.,-30.));
#3436=CARTESIAN_POINT('Origin',(-40.,0.,-30.));
#3437=CARTESIAN_POINT('',(-40.73,0.,-30.));
#3438=CARTESIAN_POINT('Origin',(-80.,0.,0.));
#3439=CARTESIAN_POINT('',(-80.73,0.,8.93992163377572E-17));
#3440=CARTESIAN_POINT('Origin',(-80.5079999999998,0.,3.55600000000001));
#3441=CARTESIAN_POINT('Origin',(0.,0.,4.44089209850063E-16));
#3442=CARTESIAN_POINT('',(-82.5399999999999,0.,2.032));
#3443=CARTESIAN_POINT('',(-82.5399999999999,0.,-2.54));
#3444=CARTESIAN_POINT('',(41.2700000000001,0.,2.032));
#3445=CARTESIAN_POINT('Origin',(82.5399999999999,-4.71805000000001,2.17805));
#3446=CARTESIAN_POINT('',(82.5399999999999,-4.71805000000001,2.2987));
#3447=CARTESIAN_POINT('',(82.5399999999999,-4.8387,2.17805));
#3448=CARTESIAN_POINT('Origin',(82.5399999999999,-4.71805000000001,2.17805));
#3449=CARTESIAN_POINT('',(-82.5399999999999,-4.8387,2.17805));
#3450=CARTESIAN_POINT('',(82.5399999999999,-4.8387,2.17805));
#3451=CARTESIAN_POINT('',(-82.5399999999999,-4.71805000000001,2.2987));
#3452=CARTESIAN_POINT('Origin',(-82.5399999999999,-4.71805000000001,2.17805));
#3453=CARTESIAN_POINT('',(82.5399999999999,-4.71805000000001,2.2987));
#3454=CARTESIAN_POINT('Origin',(82.5399999999999,-4.8387,-2.2987));
#3455=CARTESIAN_POINT('',(82.5399999999999,-4.8387,-2.17805));
#3456=CARTESIAN_POINT('',(82.5399999999999,-4.8387,-2.41935));
#3457=CARTESIAN_POINT('',(-82.5399999999999,-4.8387,-2.17805));
#3458=CARTESIAN_POINT('',(82.5399999999999,-4.8387,-2.17805));
#3459=CARTESIAN_POINT('',(-82.5399999999999,-4.8387,0.12065));
#3460=CARTESIAN_POINT('',(-80.7299999999999,-4.8387,8.93992163377573E-17));
#3461=CARTESIAN_POINT('Origin',(-80.,-4.8387,0.));
#3462=CARTESIAN_POINT('',(79.2699999999999,-4.8387,8.93992163377573E-17));
#3463=CARTESIAN_POINT('Origin',(80.,-4.8387,0.));
#3464=CARTESIAN_POINT('Origin',(82.5399999999999,-0.361950000000003,2.17805));
#3465=CARTESIAN_POINT('',(82.5399999999999,-0.241300000000002,2.17805));
#3466=CARTESIAN_POINT('',(82.5399999999999,-0.361950000000003,2.2987));
#3467=CARTESIAN_POINT('Origin',(82.5399999999999,-0.361950000000003,2.17805));
#3468=CARTESIAN_POINT('',(-82.5399999999999,-0.361950000000003,2.2987));
#3469=CARTESIAN_POINT('',(82.5399999999999,-0.361950000000003,2.2987));
#3470=CARTESIAN_POINT('',(-82.5399999999999,-0.241300000000002,2.17805));
#3471=CARTESIAN_POINT('Origin',(-82.5399999999999,-0.361950000000003,2.17805));
#3472=CARTESIAN_POINT('',(82.5399999999999,-0.241300000000002,2.17805));
#3473=CARTESIAN_POINT('Origin',(82.5399999999999,-4.8387,2.2987));
#3474=CARTESIAN_POINT('',(-82.5399999999999,-2.41935,2.2987));
#3475=CARTESIAN_POINT('',(82.5399999999999,-2.41935,2.2987));
#3476=CARTESIAN_POINT('Origin',(82.5399999999999,-0.361950000000003,-2.17805));
#3477=CARTESIAN_POINT('',(82.5399999999999,-0.361950000000003,-2.2987));
#3478=CARTESIAN_POINT('',(82.5399999999999,-0.241300000000002,-2.17805));
#3479=CARTESIAN_POINT('Origin',(82.5399999999999,-0.361950000000003,-2.17805));
#3480=CARTESIAN_POINT('',(-82.5399999999999,-0.241300000000002,-2.17805));
#3481=CARTESIAN_POINT('',(82.5399999999999,-0.241300000000002,-2.17805));
#3482=CARTESIAN_POINT('',(-82.5399999999999,-0.361950000000003,-2.2987));
#3483=CARTESIAN_POINT('Origin',(-82.5399999999999,-0.361950000000003,-2.17805));
#3484=CARTESIAN_POINT('',(82.5399999999999,-0.361950000000003,-2.2987));
#3485=CARTESIAN_POINT('Origin',(82.5399999999999,-0.241300000000002,2.2987));
#3486=CARTESIAN_POINT('',(-82.5399999999999,-0.241300000000002,2.41935));
#3487=CARTESIAN_POINT('',(82.5399999999999,-0.241300000000002,-0.120649999999999));
#3488=CARTESIAN_POINT('',(-80.7299999999999,-0.241300000000002,-8.93992163377573E-17));
#3489=CARTESIAN_POINT('Origin',(-80.,-0.241300000000002,0.));
#3490=CARTESIAN_POINT('',(79.2699999999999,-0.241300000000002,-8.93992163377573E-17));
#3491=CARTESIAN_POINT('Origin',(80.,-0.241300000000002,0.));
#3492=CARTESIAN_POINT('Origin',(82.5399999999999,-4.71805000000001,-2.17805));
#3493=CARTESIAN_POINT('',(82.5399999999999,-4.71805000000001,-2.2987));
#3494=CARTESIAN_POINT('Origin',(82.5399999999999,-4.71805000000001,-2.17805));
#3495=CARTESIAN_POINT('',(-82.5399999999999,-4.71805000000001,-2.2987));
#3496=CARTESIAN_POINT('',(82.5399999999999,-4.71805000000001,-2.2987));
#3497=CARTESIAN_POINT('Origin',(-82.5399999999999,-4.71805000000001,-2.17805));
#3498=CARTESIAN_POINT('Origin',(82.5399999999999,-0.241300000000003,-2.2987));
#3499=CARTESIAN_POINT('',(-82.5399999999999,-0.120650000000001,-2.2987));
#3500=CARTESIAN_POINT('',(82.5399999999999,-0.120650000000001,-2.2987));
#3501=CARTESIAN_POINT('Origin',(41.2700000000001,-4.572,2.032));
#3502=CARTESIAN_POINT('',(-82.5399999999999,-4.572,2.54));
#3503=CARTESIAN_POINT('',(-82.5399999999999,-5.08000000000001,2.032));
#3504=CARTESIAN_POINT('Origin',(-82.5399999999999,-4.572,2.032));
#3505=CARTESIAN_POINT('',(82.5399999999999,-5.08000000000001,2.032));
#3506=CARTESIAN_POINT('',(41.2700000000001,-5.08000000000001,2.032));
#3507=CARTESIAN_POINT('',(82.5399999999999,-4.572,2.54));
#3508=CARTESIAN_POINT('Origin',(82.5399999999999,-4.572,2.032));
#3509=CARTESIAN_POINT('',(41.2700000000001,-4.572,2.54));
#3510=CARTESIAN_POINT('Origin',(82.5399999999999,0.,2.54));
#3511=CARTESIAN_POINT('',(82.5399999999999,-0.508000000000001,2.54));
#3512=CARTESIAN_POINT('',(82.5399999999999,0.,2.54));
#3513=CARTESIAN_POINT('',(-82.5399999999999,-0.508000000000001,2.54));
#3514=CARTESIAN_POINT('',(41.2700000000001,-0.508000000000001,2.54));
#3515=CARTESIAN_POINT('',(-82.5399999999999,0.,2.54));
#3516=CARTESIAN_POINT('Origin',(82.5399999999999,0.,-2.54));
#3517=CARTESIAN_POINT('',(82.5399999999999,-5.08000000000001,-2.032));
#3518=CARTESIAN_POINT('',(82.5399999999999,-5.08000000000001,2.54));
#3519=CARTESIAN_POINT('',(82.5399999999999,-4.572,-2.54));
#3520=CARTESIAN_POINT('Origin',(82.5399999999999,-4.572,-2.032));
#3521=CARTESIAN_POINT('',(82.5399999999999,-0.508000000000001,-2.54));
#3522=CARTESIAN_POINT('',(82.5399999999999,0.,-2.54));
#3523=CARTESIAN_POINT('Origin',(82.5399999999999,-0.508000000000001,-2.032));
#3524=CARTESIAN_POINT('Origin',(82.5399999999999,-0.508000000000001,2.032));
#3525=CARTESIAN_POINT('Origin',(41.2700000000001,-0.508000000000001,2.032));
#3526=CARTESIAN_POINT('Origin',(-82.5399999999999,-0.508000000000001,2.032));
#3527=CARTESIAN_POINT('Origin',(0.,0.,4.44089209850063E-16));
#3528=CARTESIAN_POINT('',(-82.5399999999999,0.,-2.032));
#3529=CARTESIAN_POINT('',(-41.2700000000001,0.,-2.032));
#3530=CARTESIAN_POINT('',(-82.5399999999999,0.,-2.54));
#3531=CARTESIAN_POINT('Origin',(-41.2700000000001,-4.572,-2.032));
#3532=CARTESIAN_POINT('',(-82.5399999999999,-5.08000000000001,-2.032));
#3533=CARTESIAN_POINT('',(-41.2700000000001,-5.08000000000001,-2.032));
#3534=CARTESIAN_POINT('',(-82.5399999999999,-4.572,-2.54));
#3535=CARTESIAN_POINT('Origin',(-82.5399999999999,-4.572,-2.032));
#3536=CARTESIAN_POINT('',(-41.2700000000001,-4.572,-2.54));
#3537=CARTESIAN_POINT('Origin',(-82.5399999999999,0.,-2.54));
#3538=CARTESIAN_POINT('',(-82.5399999999999,-0.508000000000001,-2.54));
#3539=CARTESIAN_POINT('',(-82.5399999999999,0.,-2.54));
#3540=CARTESIAN_POINT('',(-41.2700000000001,-0.508000000000001,-2.54));
#3541=CARTESIAN_POINT('Origin',(-41.2700000000001,-0.508000000000001,-2.032));
#3542=CARTESIAN_POINT('Origin',(-82.5399999999999,-0.508000000000001,-2.032));
#3543=CARTESIAN_POINT('Origin',(80.,0.,0.));
#3544=CARTESIAN_POINT('',(79.27,0.,-8.93992163377572E-17));
#3545=CARTESIAN_POINT('Origin',(-80.,0.,0.));
#3546=CARTESIAN_POINT('',(-80.73,0.,-8.93992163377572E-17));
#3547=CARTESIAN_POINT('Origin',(80.,0.,0.));
#3548=CARTESIAN_POINT('',(79.2699999999999,-5.08000000000001,8.93992163377573E-17));
#3549=CARTESIAN_POINT('',(79.27,0.,-8.93992163377572E-17));
#3550=CARTESIAN_POINT('Origin',(80.,-5.08000000000001,0.));
#3551=CARTESIAN_POINT('Origin',(-80.,0.,0.));
#3552=CARTESIAN_POINT('',(-80.7299999999999,-5.08000000000001,8.93992163377573E-17));
#3553=CARTESIAN_POINT('',(-80.73,0.,-8.93992163377572E-17));
#3554=CARTESIAN_POINT('Origin',(-80.,-5.08000000000001,0.));
#3555=CARTESIAN_POINT('Origin',(-82.5399999999999,0.,2.54));
#3556=CARTESIAN_POINT('',(-82.5399999999999,-5.08000000000001,-2.54));
#3557=CARTESIAN_POINT('Origin',(0.,-5.08000000000001,4.44089209850063E-16));
#3558=CARTESIAN_POINT('',(0.,0.,0.));
#3559=CARTESIAN_POINT('Origin',(40.,5.05500000000001,-30.));
#3560=CARTESIAN_POINT('',(40.675,5.08000000000001,-30.));
#3561=CARTESIAN_POINT('Origin',(40.,5.08000000000001,-30.));
#3562=CARTESIAN_POINT('',(40.725,5.03000000000001,-30.));
#3563=CARTESIAN_POINT('',(40.7,5.05500000000001,-30.));
#3564=CARTESIAN_POINT('Origin',(40.,5.03000000000001,-30.));
#3565=CARTESIAN_POINT('Origin',(40.,5.08000000000001,-30.));
#3566=CARTESIAN_POINT('',(40.725,-5.03000000000001,-30.));
#3567=CARTESIAN_POINT('Origin',(40.,-5.03000000000001,-30.));
#3568=CARTESIAN_POINT('',(40.725,5.08000000000001,-30.));
#3569=CARTESIAN_POINT('Origin',(40.,5.08000000000001,-30.));
#3570=CARTESIAN_POINT('Origin',(40.,-5.05500000000001,-30.));
#3571=CARTESIAN_POINT('',(40.675,-5.08000000000001,-30.));
#3572=CARTESIAN_POINT('',(40.7,-5.05500000000001,-30.));
#3573=CARTESIAN_POINT('Origin',(40.,-5.08000000000001,-30.));
#3574=CARTESIAN_POINT('Origin',(4.2632564145606E-14,-5.08000000000001,-15.));
#3575=CARTESIAN_POINT('Origin',(-40.,5.05500000000001,-30.));
#3576=CARTESIAN_POINT('',(-39.325,5.08000000000001,-30.));
#3577=CARTESIAN_POINT('Origin',(-40.,5.08000000000001,-30.));
#3578=CARTESIAN_POINT('',(-39.275,5.03000000000001,-30.));
#3579=CARTESIAN_POINT('',(-39.3,5.05500000000001,-30.));
#3580=CARTESIAN_POINT('Origin',(-40.,5.03000000000001,-30.));
#3581=CARTESIAN_POINT('Origin',(-40.,5.08000000000001,-30.));
#3582=CARTESIAN_POINT('',(-39.275,-5.03000000000001,-30.));
#3583=CARTESIAN_POINT('Origin',(-40.,-5.03000000000001,-30.));
#3584=CARTESIAN_POINT('',(-39.275,5.08000000000001,-30.));
#3585=CARTESIAN_POINT('Origin',(-40.,5.08000000000001,-30.));
#3586=CARTESIAN_POINT('Origin',(-40.,-5.05500000000001,-30.));
#3587=CARTESIAN_POINT('',(-39.325,-5.08000000000001,-30.));
#3588=CARTESIAN_POINT('',(-39.3,-5.05500000000001,-30.));
#3589=CARTESIAN_POINT('Origin',(-40.,-5.08000000000001,-30.));
#3590=CARTESIAN_POINT('Origin',(4.2632564145606E-14,-5.08000000000001,-15.));
#3591=CARTESIAN_POINT('Origin',(80.,5.05500000000001,0.));
#3592=CARTESIAN_POINT('',(80.675,5.08000000000001,8.2663658942446E-17));
#3593=CARTESIAN_POINT('Origin',(80.,5.08000000000001,0.));
#3594=CARTESIAN_POINT('',(80.725,5.03000000000001,-8.87868929381824E-17));
#3595=CARTESIAN_POINT('',(80.7,5.05500000000001,-8.57252759403142E-17));
#3596=CARTESIAN_POINT('Origin',(80.,5.03000000000001,0.));
#3597=CARTESIAN_POINT('Origin',(80.,5.08000000000001,0.));
#3598=CARTESIAN_POINT('',(80.725,-5.03000000000001,8.87868929381824E-17));
#3599=CARTESIAN_POINT('Origin',(80.,-5.03000000000001,0.));
#3600=CARTESIAN_POINT('',(80.725,5.08000000000001,8.87868929381824E-17));
#3601=CARTESIAN_POINT('Origin',(80.,5.08000000000001,0.));
#3602=CARTESIAN_POINT('Origin',(80.,-5.05500000000001,0.));
#3603=CARTESIAN_POINT('',(80.675,-5.08000000000001,-8.2663658942446E-17));
#3604=CARTESIAN_POINT('',(80.7,-5.05500000000001,-8.57252759403142E-17));
#3605=CARTESIAN_POINT('Origin',(80.,-5.08000000000001,0.));
#3606=CARTESIAN_POINT('Origin',(4.2632564145606E-14,-5.08000000000001,-15.));
#3607=CARTESIAN_POINT('Origin',(-80.,5.05500000000001,0.));
#3608=CARTESIAN_POINT('',(-79.325,5.08000000000001,8.2663658942446E-17));
#3609=CARTESIAN_POINT('Origin',(-80.,5.08000000000001,0.));
#3610=CARTESIAN_POINT('',(-79.275,5.03000000000001,-8.87868929381824E-17));
#3611=CARTESIAN_POINT('',(-79.3,5.05500000000001,-8.57252759403142E-17));
#3612=CARTESIAN_POINT('Origin',(-80.,5.03000000000001,0.));
#3613=CARTESIAN_POINT('Origin',(-80.,5.08000000000001,0.));
#3614=CARTESIAN_POINT('',(-79.275,-5.03000000000001,8.87868929381824E-17));
#3615=CARTESIAN_POINT('Origin',(-80.,-5.03000000000001,0.));
#3616=CARTESIAN_POINT('',(-79.275,5.08000000000001,8.87868929381824E-17));
#3617=CARTESIAN_POINT('Origin',(-80.,5.08000000000001,0.));
#3618=CARTESIAN_POINT('Origin',(-80.,-5.05500000000001,0.));
#3619=CARTESIAN_POINT('',(-79.325,-5.08000000000001,-8.2663658942446E-17));
#3620=CARTESIAN_POINT('',(-79.3,-5.05500000000001,-8.57252759403142E-17));
#3621=CARTESIAN_POINT('Origin',(-80.,-5.08000000000001,0.));
#3622=CARTESIAN_POINT('Origin',(4.2632564145606E-14,-5.08000000000001,-15.));
#3623=CARTESIAN_POINT('',(0.,0.,0.));
#3624=CARTESIAN_POINT('',(0.,0.,0.));
#3625=UNCERTAINTY_MEASURE_WITH_UNIT(LENGTH_MEASURE(0.001),#3633,
'DISTANCE_ACCURACY_VALUE',
'Maximum model space distance between geometric entities at asserted c
onnectivities');
#3626=UNCERTAINTY_MEASURE_WITH_UNIT(LENGTH_MEASURE(0.001),#3633,
'DISTANCE_ACCURACY_VALUE',
'Maximum model space distance between geometric entities at asserted c
onnectivities');
#3627=UNCERTAINTY_MEASURE_WITH_UNIT(LENGTH_MEASURE(0.001),#3633,
'DISTANCE_ACCURACY_VALUE',
'Maximum model space distance between geometric entities at asserted c
onnectivities');
#3628=UNCERTAINTY_MEASURE_WITH_UNIT(LENGTH_MEASURE(0.001),#3633,
'DISTANCE_ACCURACY_VALUE',
'Maximum model space distance between geometric entities at asserted c
onnectivities');
#3629=(
GEOMETRIC_REPRESENTATION_CONTEXT(3)
GLOBAL_UNCERTAINTY_ASSIGNED_CONTEXT((#3625))
GLOBAL_UNIT_ASSIGNED_CONTEXT((#3633,#3635,#3636))
REPRESENTATION_CONTEXT('','3D')
);
#3630=(
GEOMETRIC_REPRESENTATION_CONTEXT(3)
GLOBAL_UNCERTAINTY_ASSIGNED_CONTEXT((#3626))
GLOBAL_UNIT_ASSIGNED_CONTEXT((#3633,#3635,#3636))
REPRESENTATION_CONTEXT('','3D')
);
#3631=(
GEOMETRIC_REPRESENTATION_CONTEXT(3)
GLOBAL_UNCERTAINTY_ASSIGNED_CONTEXT((#3627))
GLOBAL_UNIT_ASSIGNED_CONTEXT((#3633,#3635,#3636))
REPRESENTATION_CONTEXT('','3D')
);
#3632=(
GEOMETRIC_REPRESENTATION_CONTEXT(3)
GLOBAL_UNCERTAINTY_ASSIGNED_CONTEXT((#3628))
GLOBAL_UNIT_ASSIGNED_CONTEXT((#3633,#3635,#3636))
REPRESENTATION_CONTEXT('','3D')
);
#3633=(
LENGTH_UNIT()
NAMED_UNIT(*)
SI_UNIT(.CENTI.,.METRE.)
);
#3634=(
LENGTH_UNIT()
NAMED_UNIT(*)
SI_UNIT($,.METRE.)
);
#3635=(
NAMED_UNIT(*)
PLANE_ANGLE_UNIT()
SI_UNIT($,.RADIAN.)
);
#3636=(
NAMED_UNIT(*)
SI_UNIT($,.STERADIAN.)
SOLID_ANGLE_UNIT()
);
#3637=SHAPE_DEFINITION_REPRESENTATION(#3640,#3645);
#3638=SHAPE_DEFINITION_REPRESENTATION(#3641,#3646);
#3639=SHAPE_DEFINITION_REPRESENTATION(#3642,#3647);
#3640=PRODUCT_DEFINITION_SHAPE('',$,#3649);
#3641=PRODUCT_DEFINITION_SHAPE('',$,#3650);
#3642=PRODUCT_DEFINITION_SHAPE('',$,#3651);
#3643=PRODUCT_DEFINITION_SHAPE($,$,#17);
#3644=PRODUCT_DEFINITION_SHAPE($,$,#18);
#3645=SHAPE_REPRESENTATION('',(#2153,#2376,#2377),#3629);
#3646=SHAPE_REPRESENTATION('',(#2154),#3630);
#3647=SHAPE_REPRESENTATION('',(#2339),#3631);
#3648=PRODUCT_DEFINITION_CONTEXT('part definition',#3659,'design');
#3649=PRODUCT_DEFINITION('2026-09-02-19-36-35-414','A2 TRUSS w/PINS',#3652,
#3648);
#3650=PRODUCT_DEFINITION('2026-09-02-23-09-14-431','TRUSS',#3653,#3648);
#3651=PRODUCT_DEFINITION('2026-09-02-19-34-05-878','Component5',#3654,#3648);
#3652=PRODUCT_DEFINITION_FORMATION('',$,#3661);
#3653=PRODUCT_DEFINITION_FORMATION('',$,#3662);
#3654=PRODUCT_DEFINITION_FORMATION('',$,#3663);
#3655=PRODUCT_RELATED_PRODUCT_CATEGORY('A2 TRUSS w/PINS',
'A2 TRUSS w/PINS',(#3661));
#3656=PRODUCT_RELATED_PRODUCT_CATEGORY('TRUSS','TRUSS',(#3662));
#3657=PRODUCT_RELATED_PRODUCT_CATEGORY('Component5','Component5',(#3663));
#3658=APPLICATION_PROTOCOL_DEFINITION('international standard',
'automotive_design',2009,#3659);
#3659=APPLICATION_CONTEXT(
'Core Data for Automotive Mechanical Design Process');
#3660=PRODUCT_CONTEXT('part definition',#3659,'mechanical');
#3661=PRODUCT('2026-09-02-19-36-35-414','A2 TRUSS w/PINS',$,(#3660));
#3662=PRODUCT('2026-09-02-23-09-14-431','TRUSS',$,(#3660));
#3663=PRODUCT('2026-09-02-19-34-05-878','Component5',$,(#3660));
#3664=PRESENTATION_STYLE_ASSIGNMENT((#3666));
#3665=PRESENTATION_STYLE_ASSIGNMENT((#3667));
#3666=SURFACE_STYLE_USAGE(.BOTH.,#3668);
#3667=SURFACE_STYLE_USAGE(.BOTH.,#3669);
#3668=SURFACE_SIDE_STYLE('',(#3670));
#3669=SURFACE_SIDE_STYLE('',(#3671));
#3670=SURFACE_STYLE_FILL_AREA(#3672);
#3671=SURFACE_STYLE_FILL_AREA(#3673);
#3672=FILL_AREA_STYLE('Steel - Satin',(#3674));
#3673=FILL_AREA_STYLE('Opaque(160,160,160)',(#3675));
#3674=FILL_AREA_STYLE_COLOUR('Steel - Satin',#3676);
#3675=FILL_AREA_STYLE_COLOUR('Opaque(160,160,160)',#3677);
#3676=COLOUR_RGB('Steel - Satin',0.627450980392157,0.627450980392157,0.627450980392157);
#3677=COLOUR_RGB('Opaque(160,160,160)',0.627450980392157,0.627450980392157,
0.627450980392157);
ENDSEC;
END-ISO-10303-21;
