ISO-10303-21;
HEADER;
FILE_DESCRIPTION (( 'STEP AP214' ),
    '1' );
FILE_NAME ('PA28-28245800-G100.STEP',
    '2025-02-11T03:16:13',
    ( '' ),
    ( '' ),
    'SwSTEP 2.0',
    'SolidWorks 2023',
    '' );
FILE_SCHEMA (( 'AUTOMOTIVE_DESIGN' ));
ENDSEC;

DATA;
#1 = AXIS2_PLACEMENT_3D ( 'NONE', #1898, #3709, #951 ) ;
#2 = AXIS2_PLACEMENT_3D ( 'NONE', #1091, #2653, #769 ) ;
#3 = DIRECTION ( 'NONE',  ( 1.000000000000000000, 0.000000000000000000, 0.000000000000000000 ) ) ;
#4 = CIRCLE ( 'NONE', #2227, 1.120000000000000107 ) ;
#5 = CIRCLE ( 'NONE', #3526, 0.4999999999999995559 ) ;
#6 = DIRECTION ( 'NONE',  ( -0.7071067811865321406, 0.000000000000000000, -0.7071067811865627828 ) ) ;
#7 = DIRECTION ( 'NONE',  ( 1.000000000000000000, 0.000000000000000000, 0.000000000000000000 ) ) ;
#8 = VERTEX_POINT ( 'NONE', #1552 ) ;
#9 = DIRECTION ( 'NONE',  ( 0.000000000000000000, 0.000000000000000000, -1.000000000000000000 ) ) ;
#10 = ORIENTED_EDGE ( 'NONE', *, *, #340, .T. ) ;
#11 = ORIENTED_EDGE ( 'NONE', *, *, #1777, .F. ) ;
#12 = DIRECTION ( 'NONE',  ( 1.000000000000000000, 0.000000000000000000, 0.000000000000000000 ) ) ;
#13 = DIRECTION ( 'NONE',  ( 2.168404344971010840E-16, -1.000000000000000000, 0.000000000000000000 ) ) ;
#14 = ORIENTED_EDGE ( 'NONE', *, *, #610, .T. ) ;
#15 = VERTEX_POINT ( 'NONE', #3029 ) ;
#16 = DIRECTION ( 'NONE',  ( 0.000000000000000000, 0.000000000000000000, -1.000000000000000000 ) ) ;
#17 = CARTESIAN_POINT ( 'NONE',  ( 4.700000000000000178, 0.000000000000000000, -37.00000000000000000 ) ) ;
#18 = DIRECTION ( 'NONE',  ( 0.000000000000000000, 0.000000000000000000, 1.000000000000000000 ) ) ;
#19 = EDGE_CURVE ( 'NONE', #8, #2244, #3670, .T. ) ;
#20 = EDGE_CURVE ( 'NONE', #241, #363, #2720, .T. ) ;
#21 = CYLINDRICAL_SURFACE ( 'NONE', #141, 1.500000000000001332 ) ;
#22 = CARTESIAN_POINT ( 'NONE',  ( 4.000000000000000000, 3.290000000000001368, 39.60000000000000142 ) ) ;
#23 = DIRECTION ( 'NONE',  ( 1.000000000000000000, 0.000000000000000000, 0.000000000000000000 ) ) ;
#24 = EDGE_LOOP ( 'NONE', ( #2901, #1274, #313 ) ) ;
#25 = ORIENTED_EDGE ( 'NONE', *, *, #1067, .T. ) ;
#26 = ADVANCED_FACE ( 'NONE', ( #1230 ), #3693, .T. ) ;
#27 = CARTESIAN_POINT ( 'NONE',  ( 0.6999999999999992895, 5.004870093650514384, 39.60000000000000142 ) ) ;
#28 = ORIENTED_EDGE ( 'NONE', *, *, #2530, .F. ) ;
#29 = VERTEX_POINT ( 'NONE', #3086 ) ;
#30 = CIRCLE ( 'NONE', #2001, 4.700000000000000178 ) ;
#31 = FACE_OUTER_BOUND ( 'NONE', #1928, .T. ) ;
#32 = VERTEX_POINT ( 'NONE', #2195 ) ;
#33 = ORIENTED_EDGE ( 'NONE', *, *, #1092, .F. ) ;
#34 = LINE ( 'NONE', #3702, #2859 ) ;
#35 = ADVANCED_FACE ( 'NONE', ( #677 ), #3725, .T. ) ;
#36 = DIRECTION ( 'NONE',  ( -1.000000000000000000, -0.000000000000000000, -0.000000000000000000 ) ) ;
#37 = DIRECTION ( 'NONE',  ( 1.000000000000000000, 0.000000000000000000, 0.000000000000000000 ) ) ;
#38 = DIRECTION ( 'NONE',  ( -1.000000000000000000, 0.000000000000000000, -0.000000000000000000 ) ) ;
#39 = CARTESIAN_POINT ( 'NONE',  ( 0.000000000000000000, 0.000000000000000000, 38.60000000000000142 ) ) ;
#40 = VECTOR ( 'NONE', #1535, 1000.000000000000000 ) ;
#41 = EDGE_LOOP ( 'NONE', ( #123, #1664, #1971, #619, #1593, #1596 ) ) ;
#42 = VECTOR ( 'NONE', #2636, 1000.000000000000000 ) ;
#43 = DIRECTION ( 'NONE',  ( 0.000000000000000000, 0.000000000000000000, -1.000000000000000000 ) ) ;
#44 = AXIS2_PLACEMENT_3D ( 'NONE', #2453, #710, #2214 ) ;
#45 = PLANE ( 'NONE',  #1599 ) ;
#46 = ORIENTED_EDGE ( 'NONE', *, *, #1770, .T. ) ;
#47 = AXIS2_PLACEMENT_3D ( 'NONE', #2182, #960, #685 ) ;
#48 = PLANE ( 'NONE',  #166 ) ;
#49 = VERTEX_POINT ( 'NONE', #1529 ) ;
#50 = ORIENTED_EDGE ( 'NONE', *, *, #3163, .T. ) ;
#51 = CARTESIAN_POINT ( 'NONE',  ( -4.700000000000000178, 5.755839955992559655E-16, -40.99999999999999289 ) ) ;
#52 = CARTESIAN_POINT ( 'NONE',  ( 11.14004334816453401, 0.5665189961435816990, -42.69093140040179435 ) ) ;
#53 = DIRECTION ( 'NONE',  ( 0.000000000000000000, -1.000000000000000000, 0.000000000000000000 ) ) ;
#54 = CARTESIAN_POINT ( 'NONE',  ( 0.000000000000000000, 0.000000000000000000, 36.60000000000000142 ) ) ;
#55 = CARTESIAN_POINT ( 'NONE',  ( -12.00000000000000000, 2.500000000000000444, -39.00000000000000000 ) ) ;
#56 = VECTOR ( 'NONE', #3426, 1000.000000000000000 ) ;
#57 = DIRECTION ( 'NONE',  ( 1.000000000000000000, 0.000000000000000000, -0.000000000000000000 ) ) ;
#58 = CARTESIAN_POINT ( 'NONE',  ( -10.85995665183546421, -0.4406105763984632384, -44.13978446967280433 ) ) ;
#59 = EDGE_LOOP ( 'NONE', ( #711, #2709, #3190, #3916 ) ) ;
#60 = CIRCLE ( 'NONE', #2292, 3.999999999999999112 ) ;
#61 = FACE_OUTER_BOUND ( 'NONE', #2435, .T. ) ;
#62 = EDGE_CURVE ( 'NONE', #2628, #3937, #3477, .T. ) ;
#63 = VERTEX_POINT ( 'NONE', #687 ) ;
#64 = VERTEX_POINT ( 'NONE', #1908 ) ;
#65 = ADVANCED_FACE ( 'NONE', ( #3946 ), #589, .T. ) ;
#66 = CARTESIAN_POINT ( 'NONE',  ( -2.494876383510878259, 0.000000000000000000, -40.99999999999999289 ) ) ;
#67 = ORIENTED_EDGE ( 'NONE', *, *, #1067, .F. ) ;
#68 = VERTEX_POINT ( 'NONE', #2097 ) ;
#69 = DIRECTION ( 'NONE',  ( 0.000000000000000000, 0.000000000000000000, 1.000000000000000000 ) ) ;
#70 = DIRECTION ( 'NONE',  ( 1.000000000000000000, 0.000000000000000000, 0.000000000000000000 ) ) ;
#71 = EDGE_CURVE ( 'NONE', #3841, #467, #1702, .T. ) ;
#72 = DIRECTION ( 'NONE',  ( 0.000000000000000000, 0.000000000000000000, 1.000000000000000000 ) ) ;
#73 = ORIENTED_EDGE ( 'NONE', *, *, #2607, .T. ) ;
#74 = DIRECTION ( 'NONE',  ( 0.000000000000000000, 0.000000000000000000, 1.000000000000000000 ) ) ;
#75 = PLANE ( 'NONE',  #1290 ) ;
#76 = FACE_OUTER_BOUND ( 'NONE', #726, .T. ) ;
#77 = VECTOR ( 'NONE', #3121, 1000.000000000000000 ) ;
#78 = DIRECTION ( 'NONE',  ( 1.000000000000000000, 0.000000000000000000, 0.000000000000000000 ) ) ;
#79 = ORIENTED_EDGE ( 'NONE', *, *, #3396, .F. ) ;
#80 = EDGE_CURVE ( 'NONE', #1636, #2044, #1629, .T. ) ;
#81 = CARTESIAN_POINT ( 'NONE',  ( 4.700000000000000178, 0.000000000000000000, -40.99999999999999289 ) ) ;
#82 = ORIENTED_EDGE ( 'NONE', *, *, #2308, .T. ) ;
#83 = EDGE_CURVE ( 'NONE', #3783, #212, #2722, .T. ) ;
#84 = ADVANCED_FACE ( 'NONE', ( #891 ), #322, .T. ) ;
#85 = DIRECTION ( 'NONE',  ( 0.000000000000000000, 0.000000000000000000, 1.000000000000000000 ) ) ;
#86 = ORIENTED_EDGE ( 'NONE', *, *, #1673, .T. ) ;
#87 = ORIENTED_EDGE ( 'NONE', *, *, #3079, .T. ) ;
#88 = AXIS2_PLACEMENT_3D ( 'NONE', #3959, #3059, #1221 ) ;
#89 = DIRECTION ( 'NONE',  ( -1.000000000000000000, 0.000000000000000000, 0.000000000000000000 ) ) ;
#90 = DIRECTION ( 'NONE',  ( 0.000000000000000000, 0.000000000000000000, 1.000000000000000000 ) ) ;
#91 = ORIENTED_EDGE ( 'NONE', *, *, #131, .T. ) ;
#92 = CARTESIAN_POINT ( 'NONE',  ( -12.00000000000000000, 2.500000000000000444, -39.00000000000000000 ) ) ;
#93 = DIRECTION ( 'NONE',  ( 1.169491133582922209E-15, -1.000000000000000000, 0.000000000000000000 ) ) ;
#94 = EDGE_CURVE ( 'NONE', #914, #2171, #2595, .T. ) ;
#95 = ORIENTED_EDGE ( 'NONE', *, *, #3571, .F. ) ;
#96 = DIRECTION ( 'NONE',  ( -0.000000000000000000, -0.000000000000000000, 1.000000000000000000 ) ) ;
#97 = CARTESIAN_POINT ( 'NONE',  ( -11.00000000000000000, 0.000000000000000000, 36.60000000000000142 ) ) ;
#98 = SURFACE_STYLE_FILL_AREA ( #2574 ) ;
#99 = CARTESIAN_POINT ( 'NONE',  ( -1.100000000000000755, 3.886873642484539371, 39.60000000000000142 ) ) ;
#100 = ORIENTED_EDGE ( 'NONE', *, *, #1672, .T. ) ;
#101 = CARTESIAN_POINT ( 'NONE',  ( -5.799999999999999822, 7.102951435054647665E-16, 36.60000000000000142 ) ) ;
#102 = ORIENTED_EDGE ( 'NONE', *, *, #3571, .T. ) ;
#103 = DIRECTION ( 'NONE',  ( 0.000000000000000000, 0.000000000000000000, 1.000000000000000000 ) ) ;
#104 = ORIENTED_EDGE ( 'NONE', *, *, #2436, .F. ) ;
#105 = AXIS2_PLACEMENT_3D ( 'NONE', #626, #1850, #2365 ) ;
#106 = PLANE ( 'NONE',  #2382 ) ;
#107 = LINE ( 'NONE', #3779, #2794 ) ;
#108 = CIRCLE ( 'NONE', #3179, 13.84999999999999964 ) ;
#109 = DIRECTION ( 'NONE',  ( -1.000000000000000000, 0.000000000000000000, 0.000000000000000000 ) ) ;
#110 = CIRCLE ( 'NONE', #3828, 0.5000000000000004441 ) ;
#111 = EDGE_LOOP ( 'NONE', ( #2767, #1289 ) ) ;
#112 = ADVANCED_FACE ( 'NONE', ( #1796 ), #849, .F. ) ;
#113 = EDGE_LOOP ( 'NONE', ( #1366, #1313 ) ) ;
#114 = DIRECTION ( 'NONE',  ( 1.000000000000000000, 0.000000000000000000, 0.000000000000000000 ) ) ;
#115 = ADVANCED_FACE ( 'NONE', ( #1299 ), #3023, .T. ) ;
#116 = CARTESIAN_POINT ( 'NONE',  ( 13.43290166331306601, 1.645056002523750514E-15, -38.00000000000000000 ) ) ;
#117 = CARTESIAN_POINT ( 'NONE',  ( -11.14004334816453401, -0.4406105763984632384, -42.69093140040179435 ) ) ;
#118 = CARTESIAN_POINT ( 'NONE',  ( -11.00000000000000000, 0.000000000000000000, 24.60000000000000142 ) ) ;
#119 = VERTEX_POINT ( 'NONE', #2391 ) ;
#120 = VERTEX_POINT ( 'NONE', #3304 ) ;
#121 = CARTESIAN_POINT ( 'NONE',  ( -3.000000000000000444, 0.000000000000000000, 39.60000000000000142 ) ) ;
#122 = TOROIDAL_SURFACE ( 'NONE', #1199, 3.700000000000000178, 1.000000000000000000 ) ;
#123 = ORIENTED_EDGE ( 'NONE', *, *, #2431, .T. ) ;
#124 = DIRECTION ( 'NONE',  ( -0.000000000000000000, -0.000000000000000000, 1.000000000000000000 ) ) ;
#125 = EDGE_CURVE ( 'NONE', #574, #1483, #2698, .T. ) ;
#126 = VECTOR ( 'NONE', #1158, 1000.000000000000000 ) ;
#127 = VERTEX_POINT ( 'NONE', #1511 ) ;
#128 = CARTESIAN_POINT ( 'NONE',  ( 0.9374999999999993339, 5.201323014219285668, 39.60000000000000142 ) ) ;
#129 = DIRECTION ( 'NONE',  ( -1.000000000000000000, 0.000000000000000000, 0.000000000000000000 ) ) ;
#130 = FACE_OUTER_BOUND ( 'NONE', #957, .T. ) ;
#131 = EDGE_CURVE ( 'NONE', #467, #3841, #1184, .T. ) ;
#132 = ORIENTED_EDGE ( 'NONE', *, *, #1473, .T. ) ;
#133 = ORIENTED_EDGE ( 'NONE', *, *, #1550, .F. ) ;
#134 = DIRECTION ( 'NONE',  ( -1.000000000000000000, 0.000000000000000000, 0.000000000000000000 ) ) ;
#135 = LINE ( 'NONE', #1648, #1106 ) ;
#136 = SURFACE_SIDE_STYLE ('',( #98 ) ) ;
#137 = EDGE_CURVE ( 'NONE', #2563, #64, #548, .T. ) ;
#138 = DIRECTION ( 'NONE',  ( -0.000000000000000000, -0.000000000000000000, 1.000000000000000000 ) ) ;
#139 = EDGE_CURVE ( 'NONE', #831, #1897, #299, .T. ) ;
#140 = ORIENTED_EDGE ( 'NONE', *, *, #2115, .F. ) ;
#141 = AXIS2_PLACEMENT_3D ( 'NONE', #3943, #1545, #3704 ) ;
#142 = LINE ( 'NONE', #3808, #2216 ) ;
#143 = EDGE_CURVE ( 'NONE', #3358, #1281, #359, .T. ) ;
#144 = ORIENTED_EDGE ( 'NONE', *, *, #236, .F. ) ;
#145 = CARTESIAN_POINT ( 'NONE',  ( 0.000000000000000000, 0.000000000000000000, 36.60000000000000142 ) ) ;
#146 = AXIS2_PLACEMENT_3D ( 'NONE', #933, #3391, #636 ) ;
#147 = DIRECTION ( 'NONE',  ( -0.000000000000000000, -0.000000000000000000, -1.000000000000000000 ) ) ;
#148 = ORIENTED_EDGE ( 'NONE', *, *, #3150, .F. ) ;
#149 = DIRECTION ( 'NONE',  ( -1.000000000000000000, 0.000000000000000000, -0.000000000000000000 ) ) ;
#150 = DIRECTION ( 'NONE',  ( 1.000000000000000000, 0.000000000000000000, 0.000000000000000000 ) ) ;
#151 = DIRECTION ( 'NONE',  ( 0.000000000000000000, 0.000000000000000000, 1.000000000000000000 ) ) ;
#152 = EDGE_LOOP ( 'NONE', ( #3699, #3125, #1556, #2503, #419, #2910, #972 ) ) ;
#153 = ORIENTED_EDGE ( 'NONE', *, *, #3098, .T. ) ;
#154 = DIRECTION ( 'NONE',  ( 0.000000000000000000, -1.000000000000000000, 0.000000000000000000 ) ) ;
#155 = CIRCLE ( 'NONE', #1354, 4.099999999999999645 ) ;
#156 = DIRECTION ( 'NONE',  ( 3.469446951953614189E-16, -1.000000000000000000, 0.000000000000000000 ) ) ;
#157 = CARTESIAN_POINT ( 'NONE',  ( 0.000000000000000000, 0.000000000000000000, -40.99999999999999289 ) ) ;
#158 = FACE_OUTER_BOUND ( 'NONE', #1555, .T. ) ;
#159 = ORIENTED_EDGE ( 'NONE', *, *, #1017, .T. ) ;
#160 = DIRECTION ( 'NONE',  ( 0.000000000000000000, 0.000000000000000000, 1.000000000000000000 ) ) ;
#161 = ORIENTED_EDGE ( 'NONE', *, *, #1841, .T. ) ;
#162 = AXIS2_PLACEMENT_3D ( 'NONE', #305, #2118, #2701 ) ;
#163 = LINE ( 'NONE', #2541, #2850 ) ;
#164 = DIRECTION ( 'NONE',  ( -1.000000000000000000, 0.000000000000000000, 0.000000000000000000 ) ) ;
#165 = EDGE_LOOP ( 'NONE', ( #1104, #2946, #1568, #655 ) ) ;
#166 = AXIS2_PLACEMENT_3D ( 'NONE', #2160, #103, #3456 ) ;
#167 = FACE_OUTER_BOUND ( 'NONE', #3636, .T. ) ;
#168 = DIRECTION ( 'NONE',  ( -0.000000000000000000, 1.000000000000000000, -0.000000000000000000 ) ) ;
#169 = DIRECTION ( 'NONE',  ( 1.000000000000000000, 0.000000000000000000, 0.000000000000000000 ) ) ;
#170 = ADVANCED_FACE ( 'NONE', ( #3044 ), #232, .T. ) ;
#171 = AXIS2_PLACEMENT_3D ( 'NONE', #3327, #1468, #3137 ) ;
#172 = AXIS2_PLACEMENT_3D ( 'NONE', #1045, #1694, #2327 ) ;
#173 = ORIENTED_EDGE ( 'NONE', *, *, #3688, .T. ) ;
#174 = CIRCLE ( 'NONE', #3502, 0.6499999999999991340 ) ;
#175 = ORIENTED_EDGE ( 'NONE', *, *, #3144, .T. ) ;
#176 = DIRECTION ( 'NONE',  ( -1.000000000000000000, -0.000000000000000000, -0.000000000000000000 ) ) ;
#177 = CARTESIAN_POINT ( 'NONE',  ( -0.8999999999999998002, 5.004870093650514384, 39.60000000000000142 ) ) ;
#178 = CARTESIAN_POINT ( 'NONE',  ( 0.000000000000000000, 0.000000000000000000, -45.00000000000000000 ) ) ;
#179 = CIRCLE ( 'NONE', #3951, 4.099999999999999645 ) ;
#180 = FACE_OUTER_BOUND ( 'NONE', #2226, .T. ) ;
#181 = ORIENTED_EDGE ( 'NONE', *, *, #2654, .F. ) ;
#182 = DIRECTION ( 'NONE',  ( 1.000000000000000000, 0.000000000000000000, 0.000000000000000000 ) ) ;
#183 = ORIENTED_EDGE ( 'NONE', *, *, #2343, .T. ) ;
#184 = LINE ( 'NONE', #1657, #670 ) ;
#185 = ADVANCED_FACE ( 'NONE', ( #1211 ), #1834, .T. ) ;
#186 = CARTESIAN_POINT ( 'NONE',  ( -1.749999999999999778, 3.886873642484539371, 38.60000000000000142 ) ) ;
#187 = VERTEX_POINT ( 'NONE', #2318 ) ;
#188 = PRESENTATION_LAYER_ASSIGNMENT (  '', '', ( #2808 ) ) ;
#189 = EDGE_CURVE ( 'NONE', #678, #1597, #2644, .T. ) ;
#190 = DIRECTION ( 'NONE',  ( 0.000000000000000000, 0.000000000000000000, -1.000000000000000000 ) ) ;
#191 = LINE ( 'NONE', #1118, #928 ) ;
#192 = CIRCLE ( 'NONE', #3196, 4.999999999999999112 ) ;
#193 = CARTESIAN_POINT ( 'NONE',  ( 0.000000000000000000, 0.2900000000000003131, 39.60000000000000142 ) ) ;
#194 = CIRCLE ( 'NONE', #1523, 2.494876383510878259 ) ;
#195 = ORIENTED_EDGE ( 'NONE', *, *, #364, .T. ) ;
#196 = CYLINDRICAL_SURFACE ( 'NONE', #1781, 0.5035647862710255218 ) ;
#197 = EDGE_CURVE ( 'NONE', #850, #577, #3244, .T. ) ;
#198 = DIRECTION ( 'NONE',  ( -1.000000000000000000, 0.000000000000000000, 0.000000000000000000 ) ) ;
#199 = FACE_OUTER_BOUND ( 'NONE', #3514, .T. ) ;
#200 = PLANE ( 'NONE',  #2052 ) ;
#201 = CARTESIAN_POINT ( 'NONE',  ( 0.000000000000000000, 0.000000000000000000, -38.00000000000000000 ) ) ;
#202 = ORIENTED_EDGE ( 'NONE', *, *, #888, .T. ) ;
#203 = EDGE_CURVE ( 'NONE', #478, #3411, #1241, .T. ) ;
#204 = DIRECTION ( 'NONE',  ( 0.000000000000000000, 0.000000000000000000, 1.000000000000000000 ) ) ;
#205 = VERTEX_POINT ( 'NONE', #502 ) ;
#206 = CARTESIAN_POINT ( 'NONE',  ( 0.6999999999999992895, 4.242640687119284770, 38.60000000000000142 ) ) ;
#207 = VERTEX_POINT ( 'NONE', #3209 ) ;
#208 = DIRECTION ( 'NONE',  ( 1.000000000000000000, 0.000000000000000000, 0.000000000000000000 ) ) ;
#209 = EDGE_CURVE ( 'NONE', #2306, #875, #1053, .T. ) ;
#210 = CARTESIAN_POINT ( 'NONE',  ( -9.499999999999998224, 0.000000000000000000, 36.60000000000000142 ) ) ;
#211 = CARTESIAN_POINT ( 'NONE',  ( -10.00000000000000000, 2.500000000000000888, -39.00000000000000000 ) ) ;
#212 = VERTEX_POINT ( 'NONE', #206 ) ;
#213 = EDGE_CURVE ( 'NONE', #658, #3937, #1057, .T. ) ;
#214 = DIRECTION ( 'NONE',  ( 1.000000000000000000, 0.000000000000000000, 0.000000000000000000 ) ) ;
#215 = CARTESIAN_POINT ( 'NONE',  ( -2.399999999999999023, 3.886873642484539371, 39.60000000000000142 ) ) ;
#216 = LINE ( 'NONE', #530, #752 ) ;
#217 = COLOUR_RGB ( '',1.000000000000000000, 0.7882352941176470340, 0.000000000000000000 ) ;
#218 = CIRCLE ( 'NONE', #3675, 4.099999999999999645 ) ;
#219 = DIRECTION ( 'NONE',  ( 0.000000000000000000, 0.000000000000000000, -1.000000000000000000 ) ) ;
#220 = ORIENTED_EDGE ( 'NONE', *, *, #1247, .F. ) ;
#221 = FACE_BOUND ( 'NONE', #3236, .T. ) ;
#222 = FACE_OUTER_BOUND ( 'NONE', #41, .T. ) ;
#223 = ORIENTED_EDGE ( 'NONE', *, *, #2614, .F. ) ;
#224 = LINE ( 'NONE', #1436, #284 ) ;
#225 = DIRECTION ( 'NONE',  ( 0.000000000000000000, 0.000000000000000000, -1.000000000000000000 ) ) ;
#226 = VERTEX_POINT ( 'NONE', #1114 ) ;
#227 = ORIENTED_EDGE ( 'NONE', *, *, #1440, .T. ) ;
#228 = VECTOR ( 'NONE', #1740, 1000.000000000000000 ) ;
#229 = CARTESIAN_POINT ( 'NONE',  ( -10.00000000000000000, 2.500000000000000888, -39.00000000000000000 ) ) ;
#230 = APPLICATION_PROTOCOL_DEFINITION ( 'draft international standard', 'automotive_design', 1998, #1426 ) ;
#231 = CARTESIAN_POINT ( 'NONE',  ( -10.85995665183546421, 1.154342185340587523, -45.00000000000000000 ) ) ;
#232 = TOROIDAL_SURFACE ( 'NONE', #862, 12.84999999999999964, 1.000000000000000000 ) ;
#233 = CIRCLE ( 'NONE', #3174, 3.700000000000000178 ) ;
#234 = CARTESIAN_POINT ( 'NONE',  ( 12.50000000000000000, 0.000000000000000000, 36.60000000000000142 ) ) ;
#235 = VECTOR ( 'NONE', #321, 1000.000000000000000 ) ;
#236 = EDGE_CURVE ( 'NONE', #3593, #1970, #3254, .T. ) ;
#237 = VECTOR ( 'NONE', #1517, 1000.000000000000000 ) ;
#238 = EDGE_LOOP ( 'NONE', ( #2865, #3904, #2504, #1884 ) ) ;
#239 = AXIS2_PLACEMENT_3D ( 'NONE', #821, #2046, #225 ) ;
#240 = LINE ( 'NONE', #2370, #235 ) ;
#241 = VERTEX_POINT ( 'NONE', #1741 ) ;
#242 = CARTESIAN_POINT ( 'NONE',  ( 11.14004334816453401, 1.154342185340587523, -45.00000000000000000 ) ) ;
#243 = VERTEX_POINT ( 'NONE', #834 ) ;
#244 = ORIENTED_EDGE ( 'NONE', *, *, #1775, .T. ) ;
#245 = ORIENTED_EDGE ( 'NONE', *, *, #904, .T. ) ;
#246 = DIRECTION ( 'NONE',  ( 1.000000000000000000, 0.000000000000000000, -0.000000000000000000 ) ) ;
#247 = LINE ( 'NONE', #3913, #237 ) ;
#248 = ADVANCED_FACE ( 'NONE', ( #2358 ), #2298, .F. ) ;
#249 = ORIENTED_EDGE ( 'NONE', *, *, #3760, .T. ) ;
#250 = ORIENTED_EDGE ( 'NONE', *, *, #139, .F. ) ;
#251 = CARTESIAN_POINT ( 'NONE',  ( 10.00000000000000000, 2.500000000000000888, -39.00000000000000000 ) ) ;
#252 = AXIS2_PLACEMENT_3D ( 'NONE', #2328, #493, #3549 ) ;
#253 = LINE ( 'NONE', #231, #2789 ) ;
#254 = ADVANCED_FACE ( 'NONE', ( #3289, #777 ), #1351, .T. ) ;
#255 = DIRECTION ( 'NONE',  ( 1.000000000000000000, 0.000000000000000000, 0.000000000000000000 ) ) ;
#256 = EDGE_CURVE ( 'NONE', #445, #3378, #2019, .T. ) ;
#257 = CIRCLE ( 'NONE', #2294, 13.50000000000001954 ) ;
#258 = DIRECTION ( 'NONE',  ( 0.000000000000000000, 0.000000000000000000, 1.000000000000000000 ) ) ;
#259 = ADVANCED_FACE ( 'NONE', ( #222 ), #2662, .F. ) ;
#260 = EDGE_CURVE ( 'NONE', #836, #3545, #1758, .T. ) ;
#261 = CARTESIAN_POINT ( 'NONE',  ( 2.777777777777777235, 4.447397096415489415, 38.60000000000000142 ) ) ;
#262 = CARTESIAN_POINT ( 'NONE',  ( 11.14004334816453401, 0.06295420987255921641, -42.69093140040179435 ) ) ;
#263 = ORIENTED_EDGE ( 'NONE', *, *, #3308, .T. ) ;
#264 = DIRECTION ( 'NONE',  ( -0.000000000000000000, -0.000000000000000000, -1.000000000000000000 ) ) ;
#265 = ORIENTED_EDGE ( 'NONE', *, *, #3647, .T. ) ;
#266 = DIRECTION ( 'NONE',  ( 0.000000000000000000, -1.000000000000000000, -0.000000000000000000 ) ) ;
#267 = EDGE_CURVE ( 'NONE', #3694, #1787, #923, .T. ) ;
#268 = ORIENTED_EDGE ( 'NONE', *, *, #874, .F. ) ;
#269 = ORIENTED_EDGE ( 'NONE', *, *, #1027, .F. ) ;
#270 = CARTESIAN_POINT ( 'NONE',  ( -2.999999999999999112, 4.031657386773941809, 38.60000000000000142 ) ) ;
#271 = CARTESIAN_POINT ( 'NONE',  ( 0.000000000000000000, 0.2900000000000003131, 38.60000000000000142 ) ) ;
#272 = CIRCLE ( 'NONE', #2305, 0.6499999999999991340 ) ;
#273 = FACE_OUTER_BOUND ( 'NONE', #2476, .T. ) ;
#274 = ORIENTED_EDGE ( 'NONE', *, *, #554, .F. ) ;
#275 = EDGE_LOOP ( 'NONE', ( #2440, #1300, #1100, #2895, #799 ) ) ;
#276 = DIRECTION ( 'NONE',  ( 1.000000000000000000, 0.000000000000000000, 0.000000000000000000 ) ) ;
#277 = CYLINDRICAL_SURFACE ( 'NONE', #360, 1.500000000000000000 ) ;
#278 = DIRECTION ( 'NONE',  ( 1.000000000000000000, 0.000000000000000000, 0.000000000000000000 ) ) ;
#279 = DIRECTION ( 'NONE',  ( 0.000000000000000000, 0.000000000000000000, 1.000000000000000000 ) ) ;
#280 = FACE_BOUND ( 'NONE', #602, .T. ) ;
#281 = DIRECTION ( 'NONE',  ( 0.000000000000000000, 0.000000000000000000, -1.000000000000000000 ) ) ;
#282 = AXIS2_PLACEMENT_3D ( 'NONE', #1039, #1660, #208 ) ;
#283 = VERTEX_POINT ( 'NONE', #1099 ) ;
#284 = VECTOR ( 'NONE', #3894, 1000.000000000000000 ) ;
#285 = LINE ( 'NONE', #3007, #3792 ) ;
#286 = CARTESIAN_POINT ( 'NONE',  ( 13.43290166331306601, 1.645056002523750514E-15, -37.00000000000000000 ) ) ;
#287 = VERTEX_POINT ( 'NONE', #3873 ) ;
#288 = FACE_OUTER_BOUND ( 'NONE', #2760, .T. ) ;
#289 = CARTESIAN_POINT ( 'NONE',  ( 0.000000000000000000, 0.2900000000000003131, 38.60000000000000142 ) ) ;
#290 = EDGE_LOOP ( 'NONE', ( #245, #1536, #2852, #331, #2823 ) ) ;
#291 = EDGE_LOOP ( 'NONE', ( #2064, #1450 ) ) ;
#292 = FACE_BOUND ( 'NONE', #1317, .T. ) ;
#293 = DIRECTION ( 'NONE',  ( 0.000000000000000000, 0.000000000000000000, -1.000000000000000000 ) ) ;
#294 = DIRECTION ( 'NONE',  ( 1.000000000000000000, 0.000000000000000000, 0.000000000000000000 ) ) ;
#295 = DIRECTION ( 'NONE',  ( 1.000000000000000000, 0.000000000000000000, 0.000000000000000000 ) ) ;
#296 = AXIS2_PLACEMENT_3D ( 'NONE', #3774, #1350, #1018 ) ;
#297 = DIRECTION ( 'NONE',  ( -1.000000000000000000, 0.000000000000000000, 0.000000000000000000 ) ) ;
#298 = AXIS2_PLACEMENT_3D ( 'NONE', #2057, #3835, #2883 ) ;
#299 = LINE ( 'NONE', #1191, #2787 ) ;
#300 = CIRCLE ( 'NONE', #3947, 1.500000000000001332 ) ;
#301 = VECTOR ( 'NONE', #138, 1000.000000000000000 ) ;
#302 = EDGE_LOOP ( 'NONE', ( #3738, #1582, #3162, #3910 ) ) ;
#303 = AXIS2_PLACEMENT_3D ( 'NONE', #3257, #3523, #761 ) ;
#304 = AXIS2_PLACEMENT_3D ( 'NONE', #201, #3205, #1737 ) ;
#305 = CARTESIAN_POINT ( 'NONE',  ( -1.749999999999999778, 3.886873642484539371, 39.60000000000000142 ) ) ;
#306 = ORIENTED_EDGE ( 'NONE', *, *, #507, .T. ) ;
#307 = ORIENTED_EDGE ( 'NONE', *, *, #3898, .T. ) ;
#308 = DIRECTION ( 'NONE',  ( -0.000000000000000000, -0.000000000000000000, -1.000000000000000000 ) ) ;
#309 = EDGE_CURVE ( 'NONE', #63, #2606, #1434, .T. ) ;
#310 = LINE ( 'NONE', #563, #615 ) ;
#311 = EDGE_CURVE ( 'NONE', #3295, #2628, #3577, .T. ) ;
#312 = ORIENTED_EDGE ( 'NONE', *, *, #1900, .T. ) ;
#313 = ORIENTED_EDGE ( 'NONE', *, *, #1723, .T. ) ;
#314 = CARTESIAN_POINT ( 'NONE',  ( 0.9374999999999993339, 5.201323014219285668, 39.60000000000000142 ) ) ;
#315 = CYLINDRICAL_SURFACE ( 'NONE', #105, 7.349999999999999645 ) ;
#316 = DIRECTION ( 'NONE',  ( 1.000000000000000000, 0.000000000000000000, -0.000000000000000000 ) ) ;
#317 = EDGE_CURVE ( 'NONE', #2764, #2244, #1031, .T. ) ;
#318 = LINE ( 'NONE', #587, #1024 ) ;
#319 = CIRCLE ( 'NONE', #3589, 13.50000000000001954 ) ;
#320 = VECTOR ( 'NONE', #1767, 1000.000000000000000 ) ;
#321 = DIRECTION ( 'NONE',  ( -1.000000000000000000, -0.000000000000000000, -0.000000000000000000 ) ) ;
#322 = PLANE ( 'NONE',  #673 ) ;
#323 = VERTEX_POINT ( 'NONE', #596 ) ;
#324 = CARTESIAN_POINT ( 'NONE',  ( 2.494876383510878259, 3.055342377334921616E-16, -40.99999999999999289 ) ) ;
#325 = VERTEX_POINT ( 'NONE', #894 ) ;
#326 = EDGE_CURVE ( 'NONE', #1519, #3259, #558, .T. ) ;
#327 = EDGE_LOOP ( 'NONE', ( #3823, #1978, #949, #1614, #411 ) ) ;
#328 = CARTESIAN_POINT ( 'NONE',  ( 10.00000000000000000, -2.499999999999999112, -39.00000000000000000 ) ) ;
#329 = CARTESIAN_POINT ( 'NONE',  ( -5.599999999999999645, 6.858022075225177566E-16, 38.60000000000000142 ) ) ;
#330 = EDGE_LOOP ( 'NONE', ( #2395, #1293, #3271, #1234 ) ) ;
#331 = ORIENTED_EDGE ( 'NONE', *, *, #3471, .T. ) ;
#332 = CARTESIAN_POINT ( 'NONE',  ( 0.000000000000000000, 0.000000000000000000, -40.99999999999999289 ) ) ;
#333 = AXIS2_PLACEMENT_3D ( 'NONE', #1583, #352, #2512 ) ;
#334 = DIRECTION ( 'NONE',  ( 0.000000000000000000, 0.000000000000000000, 1.000000000000000000 ) ) ;
#335 = DIRECTION ( 'NONE',  ( 0.000000000000000000, 0.000000000000000000, 1.000000000000000000 ) ) ;
#336 = DIRECTION ( 'NONE',  ( -0.000000000000000000, -0.000000000000000000, 1.000000000000000000 ) ) ;
#337 = DIRECTION ( 'NONE',  ( -0.000000000000000000, -0.000000000000000000, -1.000000000000000000 ) ) ;
#338 = CARTESIAN_POINT ( 'NONE',  ( -7.200000000000000178, 8.817456953860942303E-16, 36.60000000000000142 ) ) ;
#339 = ORIENTED_EDGE ( 'NONE', *, *, #260, .T. ) ;
#340 = EDGE_CURVE ( 'NONE', #120, #390, #285, .T. ) ;
#341 = LINE ( 'NONE', #675, #2871 ) ;
#342 = ORIENTED_EDGE ( 'NONE', *, *, #3027, .F. ) ;
#343 = EDGE_LOOP ( 'NONE', ( #896, #717, #2805, #3575 ) ) ;
#344 = VECTOR ( 'NONE', #990, 1000.000000000000000 ) ;
#345 = CIRCLE ( 'NONE', #1038, 14.00000000000000000 ) ;
#346 = CARTESIAN_POINT ( 'NONE',  ( 12.00000000000000000, 2.500000000000000444, -37.00000000000000000 ) ) ;
#347 = ORIENTED_EDGE ( 'NONE', *, *, #672, .F. ) ;
#348 = ORIENTED_EDGE ( 'NONE', *, *, #2848, .F. ) ;
#349 = CYLINDRICAL_SURFACE ( 'NONE', #3223, 1.529999999999999805 ) ;
#350 = DIRECTION ( 'NONE',  ( 0.000000000000000000, 0.000000000000000000, 1.000000000000000000 ) ) ;
#351 = CARTESIAN_POINT ( 'NONE',  ( -2.999999999999999556, 0.2900000000000003131, 39.60000000000000142 ) ) ;
#352 = DIRECTION ( 'NONE',  ( 1.000000000000000000, -0.000000000000000000, -0.000000000000000000 ) ) ;
#353 = CARTESIAN_POINT ( 'NONE',  ( 9.140043348164534009, -0.4406105763984632384, -42.69093140040179435 ) ) ;
#354 =( LENGTH_UNIT ( ) NAMED_UNIT ( * ) SI_UNIT ( .MILLI., .METRE. ) );
#355 = CARTESIAN_POINT ( 'NONE',  ( 1.749999999999999778, 3.886873642484539371, 38.60000000000000142 ) ) ;
#356 = ADVANCED_FACE ( 'NONE', ( #1494 ), #3931, .T. ) ;
#357 = VECTOR ( 'NONE', #3674, 1000.000000000000000 ) ;
#358 = VERTEX_POINT ( 'NONE', #27 ) ;
#359 = CIRCLE ( 'NONE', #3820, 0.5035647862710255218 ) ;
#360 = AXIS2_PLACEMENT_3D ( 'NONE', #3319, #1464, #2410 ) ;
#361 = CARTESIAN_POINT ( 'NONE',  ( 10.00000000000000000, 2.500000000000000888, -39.00000000000000000 ) ) ;
#362 = VECTOR ( 'NONE', #3534, 1000.000000000000000 ) ;
#363 = VERTEX_POINT ( 'NONE', #3048 ) ;
#364 = EDGE_CURVE ( 'NONE', #688, #1787, #2567, .T. ) ;
#365 = ORIENTED_EDGE ( 'NONE', *, *, #2560, .T. ) ;
#366 = AXIS2_PLACEMENT_3D ( 'NONE', #1400, #1944, #2609 ) ;
#367 = VECTOR ( 'NONE', #2295, 1000.000000000000000 ) ;
#368 = CARTESIAN_POINT ( 'NONE',  ( 0.000000000000000000, 0.000000000000000000, -41.99999999999999289 ) ) ;
#369 = VERTEX_POINT ( 'NONE', #324 ) ;
#370 = ORIENTED_EDGE ( 'NONE', *, *, #2329, .F. ) ;
#371 = DIRECTION ( 'NONE',  ( 0.000000000000000000, 0.000000000000000000, 1.000000000000000000 ) ) ;
#372 = DIRECTION ( 'NONE',  ( 1.000000000000000000, 0.000000000000000000, -0.000000000000000000 ) ) ;
#373 = ORIENTED_EDGE ( 'NONE', *, *, #2496, .T. ) ;
#374 = FACE_OUTER_BOUND ( 'NONE', #1121, .T. ) ;
#375 = ADVANCED_FACE ( 'NONE', ( #1531 ), #3654, .F. ) ;
#376 = DIRECTION ( 'NONE',  ( 0.000000000000000000, 0.000000000000000000, -1.000000000000000000 ) ) ;
#377 = CARTESIAN_POINT ( 'NONE',  ( -10.85995665183546421, 0.06295420987255921641, -44.13978446967280433 ) ) ;
#378 = CYLINDRICAL_SURFACE ( 'NONE', #865, 4.999999999999999112 ) ;
#379 = EDGE_CURVE ( 'NONE', #3694, #838, #3952, .T. ) ;
#380 = ADVANCED_FACE ( 'NONE', ( #2438 ), #3331, .F. ) ;
#381 = ORIENTED_EDGE ( 'NONE', *, *, #507, .F. ) ;
#382 = AXIS2_PLACEMENT_3D ( 'NONE', #1070, #2915, #1108 ) ;
#383 = CARTESIAN_POINT ( 'NONE',  ( 0.000000000000000000, 0.000000000000000000, 38.60000000000000142 ) ) ;
#384 = AXIS2_PLACEMENT_3D ( 'NONE', #698, #1551, #3771 ) ;
#385 = PRODUCT_RELATED_PRODUCT_CATEGORY ( 'part', '', ( #1628 ) ) ;
#386 = VECTOR ( 'NONE', #941, 1000.000000000000000 ) ;
#387 = ORIENTED_EDGE ( 'NONE', *, *, #2343, .F. ) ;
#388 = DIRECTION ( 'NONE',  ( 1.000000000000000000, -2.168404344971008868E-16, 0.000000000000000000 ) ) ;
#389 = ADVANCED_FACE ( 'NONE', ( #2762 ), #1193, .F. ) ;
#390 = VERTEX_POINT ( 'NONE', #3311 ) ;
#391 = VERTEX_POINT ( 'NONE', #1513 ) ;
#392 = FACE_OUTER_BOUND ( 'NONE', #113, .T. ) ;
#393 = CARTESIAN_POINT ( 'NONE',  ( -9.140043348164534009, 0.06295420987255921641, -42.69093140040179435 ) ) ;
#394 = DIRECTION ( 'NONE',  ( -0.000000000000000000, 0.000000000000000000, -1.000000000000000000 ) ) ;
#395 = VERTEX_POINT ( 'NONE', #1169 ) ;
#396 = LINE ( 'NONE', #1930, #2355 ) ;
#397 = DIRECTION ( 'NONE',  ( -0.000000000000000000, -0.000000000000000000, 1.000000000000000000 ) ) ;
#398 = DIRECTION ( 'NONE',  ( -0.000000000000000000, -0.000000000000000000, -1.000000000000000000 ) ) ;
#399 = AXIS2_PLACEMENT_3D ( 'NONE', #1208, #1853, #1831 ) ;
#400 = CARTESIAN_POINT ( 'NONE',  ( -3.000000000000000444, 0.000000000000000000, 54.60000000000000142 ) ) ;
#401 = ORIENTED_EDGE ( 'NONE', *, *, #3163, .F. ) ;
#402 = CYLINDRICAL_SURFACE ( 'NONE', #2408, 1.000000000000000888 ) ;
#403 = ORIENTED_EDGE ( 'NONE', *, *, #1592, .T. ) ;
#404 = CARTESIAN_POINT ( 'NONE',  ( -2.996493784408704730, 0.1450000000000089551, 38.60000000000000142 ) ) ;
#405 = ORIENTED_EDGE ( 'NONE', *, *, #1580, .F. ) ;
#406 = ADVANCED_FACE ( 'NONE', ( #2396 ), #2157, .F. ) ;
#407 = CIRCLE ( 'NONE', #3419, 3.000000000000000444 ) ;
#408 = DIRECTION ( 'NONE',  ( -0.000000000000000000, -0.000000000000000000, 1.000000000000000000 ) ) ;
#409 = CARTESIAN_POINT ( 'NONE',  ( 1.152455000222510018, 4.142686021467488544, 38.60000000000000142 ) ) ;
#410 = AXIS2_PLACEMENT_3D ( 'NONE', #2724, #1197, #562 ) ;
#411 = ORIENTED_EDGE ( 'NONE', *, *, #3807, .T. ) ;
#412 = ORIENTED_EDGE ( 'NONE', *, *, #526, .T. ) ;
#413 = CARTESIAN_POINT ( 'NONE',  ( -11.14004334816453401, 0.5665189961435816990, -44.13978446967280433 ) ) ;
#414 = CARTESIAN_POINT ( 'NONE',  ( 1.102962120868058005, 3.948857373966579765, 38.60000000000000142 ) ) ;
#415 = DIRECTION ( 'NONE',  ( -1.000000000000000000, 0.000000000000000000, 0.000000000000000000 ) ) ;
#416 = ORIENTED_EDGE ( 'NONE', *, *, #1084, .T. ) ;
#417 = DIRECTION ( 'NONE',  ( -0.000000000000000000, -0.000000000000000000, 1.000000000000000000 ) ) ;
#418 = MECHANICAL_DESIGN_GEOMETRIC_PRESENTATION_REPRESENTATION (  '', ( #3301 ), #3684 ) ;
#419 = ORIENTED_EDGE ( 'NONE', *, *, #606, .F. ) ;
#420 = EDGE_CURVE ( 'NONE', #390, #1586, #873, .T. ) ;
#421 = AXIS2_PLACEMENT_3D ( 'NONE', #186, #2605, #3519 ) ;
#422 = DIRECTION ( 'NONE',  ( -0.000000000000000000, -0.000000000000000000, -1.000000000000000000 ) ) ;
#423 = EDGE_LOOP ( 'NONE', ( #1248, #937, #1692, #2811 ) ) ;
#424 = AXIS2_PLACEMENT_3D ( 'NONE', #3716, #643, #661 ) ;
#425 = FACE_OUTER_BOUND ( 'NONE', #3465, .T. ) ;
#426 = EDGE_CURVE ( 'NONE', #3370, #1483, #575, .T. ) ;
#427 = EDGE_CURVE ( 'NONE', #2702, #2890, #3610, .T. ) ;
#428 = DIRECTION ( 'NONE',  ( -0.000000000000000000, -0.000000000000000000, -1.000000000000000000 ) ) ;
#429 = EDGE_CURVE ( 'NONE', #1783, #445, #1697, .T. ) ;
#430 = VECTOR ( 'NONE', #1040, 1000.000000000000000 ) ;
#431 = CARTESIAN_POINT ( 'NONE',  ( -0.6999999999999992895, 5.004870093650514384, 38.60000000000000142 ) ) ;
#432 = AXIS2_PLACEMENT_3D ( 'NONE', #2331, #1348, #3554 ) ;
#433 = ORIENTED_EDGE ( 'NONE', *, *, #1573, .T. ) ;
#434 = ORIENTED_EDGE ( 'NONE', *, *, #1471, .T. ) ;
#435 = LINE ( 'NONE', #3178, #1141 ) ;
#436 = LINE ( 'NONE', #1283, #1939 ) ;
#437 = CARTESIAN_POINT ( 'NONE',  ( -2.399999999999999023, 3.886873642484539371, 39.60000000000000142 ) ) ;
#438 = ADVANCED_FACE ( 'NONE', ( #2741, #912 ), #3909, .T. ) ;
#439 = CARTESIAN_POINT ( 'NONE',  ( -1.749999999999999778, 3.886873642484539371, 39.60000000000000142 ) ) ;
#440 = VERTEX_POINT ( 'NONE', #1778 ) ;
#441 = CARTESIAN_POINT ( 'NONE',  ( 0.000000000000000000, 0.000000000000000000, 38.60000000000000142 ) ) ;
#442 = CONICAL_SURFACE ( 'NONE', #1136, 8.800000000000016698, 0.7853981633974266297 ) ;
#443 = VERTEX_POINT ( 'NONE', #1251 ) ;
#444 = LINE ( 'NONE', #3813, #3368 ) ;
#445 = VERTEX_POINT ( 'NONE', #81 ) ;
#446 = CARTESIAN_POINT ( 'NONE',  ( 4.099999999999999645, 0.000000000000000000, 38.60000000000000142 ) ) ;
#447 = CARTESIAN_POINT ( 'NONE',  ( -9.140043348164534009, 0.5665189961435816990, -42.69093140040179435 ) ) ;
#448 = LINE ( 'NONE', #3276, #3775 ) ;
#449 = ORIENTED_EDGE ( 'NONE', *, *, #83, .F. ) ;
#450 = VERTEX_POINT ( 'NONE', #1307 ) ;
#451 = DIRECTION ( 'NONE',  ( -1.000000000000000000, -2.168404344971008868E-16, 0.000000000000000000 ) ) ;
#452 = CARTESIAN_POINT ( 'NONE',  ( -14.00000000000000000, 1.714505518806294638E-15, 0.9999999999999940048 ) ) ;
#453 = FACE_OUTER_BOUND ( 'NONE', #2281, .T. ) ;
#454 = DIRECTION ( 'NONE',  ( 1.000000000000000000, 0.000000000000000000, 0.000000000000000000 ) ) ;
#455 = ORIENTED_EDGE ( 'NONE', *, *, #2489, .T. ) ;
#456 = ORIENTED_EDGE ( 'NONE', *, *, #1469, .T. ) ;
#457 = AXIS2_PLACEMENT_3D ( 'NONE', #3765, #2167, #1263 ) ;
#458 = CARTESIAN_POINT ( 'NONE',  ( 2.337645500118155084, 3.609073775330360334, 38.60000000000000142 ) ) ;
#459 = ORIENTED_EDGE ( 'NONE', *, *, #2501, .F. ) ;
#460 = CARTESIAN_POINT ( 'NONE',  ( -13.50000000000001954, 0.000000000000000000, 36.60000000000000142 ) ) ;
#461 = DIRECTION ( 'NONE',  ( -1.000000000000000000, 0.000000000000000000, 0.000000000000000000 ) ) ;
#462 = VERTEX_POINT ( 'NONE', #121 ) ;
#463 = CYLINDRICAL_SURFACE ( 'NONE', #782, 2.999999999999999556 ) ;
#464 = CARTESIAN_POINT ( 'NONE',  ( 0.000000000000000000, 0.2900000000000003131, 39.60000000000000142 ) ) ;
#465 = DIRECTION ( 'NONE',  ( -1.000000000000000000, 0.000000000000000000, 0.000000000000000000 ) ) ;
#466 = VECTOR ( 'NONE', #684, 1000.000000000000000 ) ;
#467 = VERTEX_POINT ( 'NONE', #1288 ) ;
#468 = ORIENTED_EDGE ( 'NONE', *, *, #1860, .T. ) ;
#469 = LINE ( 'NONE', #2912, #1076 ) ;
#470 = PLANE ( 'NONE',  #3690 ) ;
#471 = DIRECTION ( 'NONE',  ( -1.000000000000000000, 0.000000000000000000, -0.000000000000000000 ) ) ;
#472 = CARTESIAN_POINT ( 'NONE',  ( 12.84999999999999964, 0.000000000000000000, -1.000000000000000888 ) ) ;
#473 = ORIENTED_EDGE ( 'NONE', *, *, #2959, .F. ) ;
#474 = EDGE_CURVE ( 'NONE', #593, #127, #2253, .T. ) ;
#475 = ADVANCED_FACE ( 'NONE', ( #61 ), #3107, .F. ) ;
#476 = EDGE_CURVE ( 'NONE', #953, #3185, #1857, .T. ) ;
#477 = CARTESIAN_POINT ( 'NONE',  ( 11.99999999999999822, -2.499999999999999556, -39.00000000000000000 ) ) ;
#478 = VERTEX_POINT ( 'NONE', #2236 ) ;
#479 = DIRECTION ( 'NONE',  ( -1.000000000000000000, 0.000000000000000000, 0.000000000000000000 ) ) ;
#480 = DIRECTION ( 'NONE',  ( 1.000000000000000000, 0.000000000000000000, 0.000000000000000000 ) ) ;
#481 = EDGE_CURVE ( 'NONE', #3806, #1112, #1872, .T. ) ;
#482 = ORIENTED_EDGE ( 'NONE', *, *, #1615, .T. ) ;
#483 = AXIS2_PLACEMENT_3D ( 'NONE', #2169, #2153, #1132 ) ;
#484 = LINE ( 'NONE', #128, #1747 ) ;
#485 = DIRECTION ( 'NONE',  ( -0.000000000000000000, -0.000000000000000000, -1.000000000000000000 ) ) ;
#486 = DIRECTION ( 'NONE',  ( 0.000000000000000000, -0.000000000000000000, -1.000000000000000000 ) ) ;
#487 = AXIS2_PLACEMENT_3D ( 'NONE', #2627, #2963, #1376 ) ;
#488 = CIRCLE ( 'NONE', #2531, 2.494876383510878259 ) ;
#489 = ORIENTED_EDGE ( 'NONE', *, *, #715, .F. ) ;
#490 = AXIS2_PLACEMENT_3D ( 'NONE', #1951, #3222, #1364 ) ;
#491 = LINE ( 'NONE', #766, #696 ) ;
#492 = DIRECTION ( 'NONE',  ( 0.000000000000000000, 0.000000000000000000, 1.000000000000000000 ) ) ;
#493 = DIRECTION ( 'NONE',  ( -2.168404344971008868E-16, -1.000000000000000000, 0.000000000000000000 ) ) ;
#494 = CIRCLE ( 'NONE', #994, 13.43290166331306601 ) ;
#495 = DIRECTION ( 'NONE',  ( 1.000000000000000000, 0.000000000000000000, 0.000000000000000000 ) ) ;
#496 = EDGE_CURVE ( 'NONE', #3351, #2987, #2841, .T. ) ;
#497 = LINE ( 'NONE', #1391, #2732 ) ;
#498 = EDGE_CURVE ( 'NONE', #1756, #3203, #2219, .T. ) ;
#499 = EDGE_LOOP ( 'NONE', ( #1499, #3529, #2177, #2399 ) ) ;
#500 = CARTESIAN_POINT ( 'NONE',  ( 0.000000000000000000, 0.000000000000000000, 54.60000000000000142 ) ) ;
#501 = EDGE_CURVE ( 'NONE', #3108, #1935, #2351, .T. ) ;
#502 = CARTESIAN_POINT ( 'NONE',  ( 1.500000000000000000, -11.00000000000000000, 24.60000000000000142 ) ) ;
#503 = ORIENTED_EDGE ( 'NONE', *, *, #1314, .T. ) ;
#504 = AXIS2_PLACEMENT_3D ( 'NONE', #3281, #3532, #1715 ) ;
#505 = DIRECTION ( 'NONE',  ( 1.000000000000000000, 0.000000000000000000, 0.000000000000000000 ) ) ;
#506 = CARTESIAN_POINT ( 'NONE',  ( 0.000000000000000000, 0.000000000000000000, -38.00000000000000000 ) ) ;
#507 = EDGE_CURVE ( 'NONE', #1081, #1403, #341, .T. ) ;
#508 = VECTOR ( 'NONE', #2264, 1000.000000000000000 ) ;
#509 = CARTESIAN_POINT ( 'NONE',  ( -0.6999999999999992895, 4.242640687119284770, 38.60000000000000142 ) ) ;
#510 = CIRCLE ( 'NONE', #2041, 3.999999999999999112 ) ;
#511 = EDGE_LOOP ( 'NONE', ( #2558, #2721, #2905, #265 ) ) ;
#512 = FACE_OUTER_BOUND ( 'NONE', #2296, .T. ) ;
#513 = CARTESIAN_POINT ( 'NONE',  ( 0.000000000000000000, 0.000000000000000000, 36.60000000000000142 ) ) ;
#514 = CYLINDRICAL_SURFACE ( 'NONE', #382, 5.799999999999999822 ) ;
#515 = CARTESIAN_POINT ( 'NONE',  ( -9.000000000000000000, 0.000000000000000000, 38.40000000000001279 ) ) ;
#516 = EDGE_CURVE ( 'NONE', #2702, #205, #1979, .T. ) ;
#517 = DIRECTION ( 'NONE',  ( 0.000000000000000000, 0.000000000000000000, 1.000000000000000000 ) ) ;
#518 = VECTOR ( 'NONE', #1178, 999.9999999999998863 ) ;
#519 = ORIENTED_EDGE ( 'NONE', *, *, #2329, .T. ) ;
#520 = DIRECTION ( 'NONE',  ( -1.000000000000000000, 0.000000000000000000, 0.000000000000000000 ) ) ;
#521 = DIRECTION ( 'NONE',  ( -0.000000000000000000, -0.000000000000000000, 1.000000000000000000 ) ) ;
#522 = VERTEX_POINT ( 'NONE', #2255 ) ;
#523 = CARTESIAN_POINT ( 'NONE',  ( 11.00000000000000000, 0.000000000000000000, 24.60000000000000142 ) ) ;
#524 = DIRECTION ( 'NONE',  ( 0.000000000000000000, -1.000000000000000000, 0.000000000000000000 ) ) ;
#525 = DIRECTION ( 'NONE',  ( -1.000000000000000000, 0.000000000000000000, 0.000000000000000000 ) ) ;
#526 = EDGE_CURVE ( 'NONE', #1636, #3014, #3724, .T. ) ;
#527 = ORIENTED_EDGE ( 'NONE', *, *, #2304, .T. ) ;
#528 = DIRECTION ( 'NONE',  ( 3.469446951953614189E-16, -1.000000000000000000, 0.000000000000000000 ) ) ;
#529 = CARTESIAN_POINT ( 'NONE',  ( -3.199999999999999734, 2.689999999999999503, 39.60000000000000142 ) ) ;
#530 = CARTESIAN_POINT ( 'NONE',  ( 14.00000000000000000, 0.000000000000000000, 0.9999999999999940048 ) ) ;
#531 = AXIS2_PLACEMENT_3D ( 'NONE', #1335, #2564, #1101 ) ;
#532 = DIRECTION ( 'NONE',  ( -0.000000000000000000, -0.000000000000000000, -1.000000000000000000 ) ) ;
#533 = ORIENTED_EDGE ( 'NONE', *, *, #1015, .F. ) ;
#534 = EDGE_CURVE ( 'NONE', #2044, #2880, #2780, .T. ) ;
#535 = CARTESIAN_POINT ( 'NONE',  ( 0.000000000000000000, 0.000000000000000000, 36.60000000000000142 ) ) ;
#536 = ORIENTED_EDGE ( 'NONE', *, *, #1894, .T. ) ;
#537 = ORIENTED_EDGE ( 'NONE', *, *, #1375, .F. ) ;
#538 = FACE_OUTER_BOUND ( 'NONE', #1491, .T. ) ;
#539 = DIRECTION ( 'NONE',  ( -0.000000000000000000, -0.000000000000000000, 1.000000000000000000 ) ) ;
#540 = ORIENTED_EDGE ( 'NONE', *, *, #2038, .F. ) ;
#541 = ORIENTED_EDGE ( 'NONE', *, *, #1419, .F. ) ;
#542 = AXIS2_PLACEMENT_3D ( 'NONE', #3208, #1963, #2259 ) ;
#543 = EDGE_CURVE ( 'NONE', #2156, #443, #635, .T. ) ;
#544 = ADVANCED_FACE ( 'NONE', ( #1569, #2477 ), #652, .T. ) ;
#545 = LINE ( 'NONE', #1203, #3071 ) ;
#546 = ADVANCED_FACE ( 'NONE', ( #3164 ), #402, .F. ) ;
#547 = DIRECTION ( 'NONE',  ( -0.000000000000000000, -0.000000000000000000, 1.000000000000000000 ) ) ;
#548 = CIRCLE ( 'NONE', #3499, 0.5035647862710255218 ) ;
#549 = VECTOR ( 'NONE', #3548, 1000.000000000000000 ) ;
#550 = CARTESIAN_POINT ( 'NONE',  ( -11.14004334816453401, 0.5665189961435816990, -42.69093140040179435 ) ) ;
#551 = AXIS2_PLACEMENT_3D ( 'NONE', #2515, #2233, #2800 ) ;
#552 = CIRCLE ( 'NONE', #1567, 13.43290166331306601 ) ;
#553 = DIRECTION ( 'NONE',  ( 1.000000000000000000, 0.000000000000000000, 0.000000000000000000 ) ) ;
#554 = EDGE_CURVE ( 'NONE', #323, #1805, #1062, .T. ) ;
#555 = DIRECTION ( 'NONE',  ( 1.000000000000000000, 0.000000000000000000, 0.000000000000000000 ) ) ;
#556 = CARTESIAN_POINT ( 'NONE',  ( 0.000000000000000000, 0.000000000000000000, -1.000000000000000888 ) ) ;
#557 = VERTEX_POINT ( 'NONE', #101 ) ;
#558 = LINE ( 'NONE', #3369, #3605 ) ;
#559 = EDGE_LOOP ( 'NONE', ( #2139, #3708, #1512, #2123 ) ) ;
#560 = ORIENTED_EDGE ( 'NONE', *, *, #2904, .T. ) ;
#561 = VERTEX_POINT ( 'NONE', #712 ) ;
#562 = DIRECTION ( 'NONE',  ( 1.000000000000000000, 0.000000000000000000, -0.000000000000000000 ) ) ;
#563 = CARTESIAN_POINT ( 'NONE',  ( -0.9374999999999985567, 5.201323014219284779, 39.60000000000000142 ) ) ;
#564 = ORIENTED_EDGE ( 'NONE', *, *, #2183, .F. ) ;
#565 = ORIENTED_EDGE ( 'NONE', *, *, #3616, .T. ) ;
#566 = CARTESIAN_POINT ( 'NONE',  ( 2.236067977499790693, 2.000000000000000000, 54.60000000000000142 ) ) ;
#567 = COLOUR_RGB ( '',1.000000000000000000, 1.000000000000000000, 1.000000000000000000 ) ;
#568 = CIRCLE ( 'NONE', #3265, 1.500000000000000000 ) ;
#569 = CARTESIAN_POINT ( 'NONE',  ( 0.000000000000000000, 0.000000000000000000, 36.60000000000000142 ) ) ;
#570 = DIRECTION ( 'NONE',  ( 0.000000000000000000, -0.000000000000000000, 1.000000000000000000 ) ) ;
#571 = DIRECTION ( 'NONE',  ( -0.000000000000000000, -0.000000000000000000, 1.000000000000000000 ) ) ;
#572 = DIRECTION ( 'NONE',  ( 0.000000000000000000, 0.000000000000000000, -1.000000000000000000 ) ) ;
#573 = DIRECTION ( 'NONE',  ( 0.000000000000000000, 0.000000000000000000, 1.000000000000000000 ) ) ;
#574 = VERTEX_POINT ( 'NONE', #2539 ) ;
#575 = LINE ( 'NONE', #3691, #796 ) ;
#576 = ORIENTED_EDGE ( 'NONE', *, *, #3578, .F. ) ;
#577 = VERTEX_POINT ( 'NONE', #1014 ) ;
#578 = CARTESIAN_POINT ( 'NONE',  ( -2.999999999999999112, 4.031657386773941809, 39.60000000000000142 ) ) ;
#579 = DIRECTION ( 'NONE',  ( -0.000000000000000000, 1.000000000000000000, -0.000000000000000000 ) ) ;
#580 = VECTOR ( 'NONE', #1301, 1000.000000000000000 ) ;
#581 = ORIENTED_EDGE ( 'NONE', *, *, #340, .F. ) ;
#582 = VERTEX_POINT ( 'NONE', #1937 ) ;
#583 = EDGE_CURVE ( 'NONE', #918, #63, #2017, .T. ) ;
#584 = CARTESIAN_POINT ( 'NONE',  ( 5.799999999999999822, 0.000000000000000000, 38.60000000000000142 ) ) ;
#585 = DIRECTION ( 'NONE',  ( 1.000000000000000000, 0.000000000000000000, 0.000000000000000000 ) ) ;
#586 = CARTESIAN_POINT ( 'NONE',  ( 0.000000000000000000, 0.000000000000000000, 38.60000000000000142 ) ) ;
#587 = CARTESIAN_POINT ( 'NONE',  ( 1.099999999999998979, 3.886873642484539371, 39.60000000000000142 ) ) ;
#588 = CARTESIAN_POINT ( 'NONE',  ( 10.85995665183546421, 0.06295420987255921641, -44.13978446967280433 ) ) ;
#589 = CYLINDRICAL_SURFACE ( 'NONE', #1372, 14.00000000000000000 ) ;
#590 = AXIS2_PLACEMENT_3D ( 'NONE', #1484, #2427, #2733 ) ;
#591 = ORIENTED_EDGE ( 'NONE', *, *, #2136, .T. ) ;
#592 = EDGE_CURVE ( 'NONE', #3161, #187, #680, .T. ) ;
#593 = VERTEX_POINT ( 'NONE', #458 ) ;
#594 = ADVANCED_FACE ( 'NONE', ( #1982 ), #3832, .T. ) ;
#595 = AXIS2_PLACEMENT_3D ( 'NONE', #1216, #3637, #2082 ) ;
#596 = CARTESIAN_POINT ( 'NONE',  ( -5.599999999999999645, 6.858022075225177566E-16, 36.60000000000000142 ) ) ;
#597 = ORIENTED_EDGE ( 'NONE', *, *, #1968, .T. ) ;
#598 = ORIENTED_EDGE ( 'NONE', *, *, #1134, .T. ) ;
#599 = DIRECTION ( 'NONE',  ( -1.000000000000000000, 0.000000000000000000, 0.000000000000000000 ) ) ;
#600 = LINE ( 'NONE', #1822, #2471 ) ;
#601 = ADVANCED_FACE ( 'NONE', ( #1111 ), #931, .T. ) ;
#602 = EDGE_LOOP ( 'NONE', ( #3552, #3050 ) ) ;
#603 = ORIENTED_EDGE ( 'NONE', *, *, #496, .T. ) ;
#604 = CARTESIAN_POINT ( 'NONE',  ( 10.85995665183546421, 1.154342185340587523, -45.00000000000000000 ) ) ;
#605 = CARTESIAN_POINT ( 'NONE',  ( 11.14004334816453401, 1.154342185340587523, -39.00000000000000000 ) ) ;
#606 = EDGE_CURVE ( 'NONE', #1094, #699, #3761, .T. ) ;
#607 = CARTESIAN_POINT ( 'NONE',  ( -2.999999999999999556, 0.2900000000000003131, 39.60000000000000142 ) ) ;
#608 = DIRECTION ( 'NONE',  ( 0.000000000000000000, 0.000000000000000000, 1.000000000000000000 ) ) ;
#609 = DIRECTION ( 'NONE',  ( -0.000000000000000000, -0.000000000000000000, 1.000000000000000000 ) ) ;
#610 = EDGE_CURVE ( 'NONE', #1783, #3197, #2879, .T. ) ;
#611 = DIRECTION ( 'NONE',  ( 1.000000000000000000, 0.000000000000000000, 0.000000000000000000 ) ) ;
#612 = AXIS2_PLACEMENT_3D ( 'NONE', #569, #1206, #903 ) ;
#613 = ORIENTED_EDGE ( 'NONE', *, *, #3024, .F. ) ;
#614 = ORIENTED_EDGE ( 'NONE', *, *, #3750, .F. ) ;
#615 = VECTOR ( 'NONE', #2706, 1000.000000000000000 ) ;
#616 = VECTOR ( 'NONE', #732, 1000.000000000000000 ) ;
#617 = EDGE_CURVE ( 'NONE', #1748, #358, #1127, .T. ) ;
#618 = DIRECTION ( 'NONE',  ( 0.000000000000000000, 0.000000000000000000, 1.000000000000000000 ) ) ;
#619 = ORIENTED_EDGE ( 'NONE', *, *, #893, .F. ) ;
#620 = ORIENTED_EDGE ( 'NONE', *, *, #1611, .F. ) ;
#621 = FACE_OUTER_BOUND ( 'NONE', #511, .T. ) ;
#622 = CARTESIAN_POINT ( 'NONE',  ( 0.000000000000000000, 0.000000000000000000, -41.99999999999999289 ) ) ;
#623 = VERTEX_POINT ( 'NONE', #2622 ) ;
#624 = ORIENTED_EDGE ( 'NONE', *, *, #3923, .F. ) ;
#625 = DIRECTION ( 'NONE',  ( -1.000000000000000000, 0.000000000000000000, -0.000000000000000000 ) ) ;
#626 = CARTESIAN_POINT ( 'NONE',  ( 0.000000000000000000, 0.000000000000000000, 36.60000000000000142 ) ) ;
#627 = DIRECTION ( 'NONE',  ( 1.000000000000000000, 0.000000000000000000, 0.000000000000000000 ) ) ;
#628 = AXIS2_PLACEMENT_3D ( 'NONE', #1046, #2270, #1005 ) ;
#629 = FACE_OUTER_BOUND ( 'NONE', #2117, .T. ) ;
#630 = CARTESIAN_POINT ( 'NONE',  ( -3.999999999999999112, 0.2900000000000003131, 39.60000000000000142 ) ) ;
#631 =( GEOMETRIC_REPRESENTATION_CONTEXT ( 3 ) GLOBAL_UNCERTAINTY_ASSIGNED_CONTEXT ( ( #2538 ) ) GLOBAL_UNIT_ASSIGNED_CONTEXT ( ( #1439, #2342, #1140 ) ) REPRESENTATION_CONTEXT ( 'NONE', 'WORKASPACE' ) );
#632 = AXIS2_PLACEMENT_3D ( 'NONE', #2287, #1693, #3530 ) ;
#633 = LINE ( 'NONE', #3743, #2403 ) ;
#634 = VERTEX_POINT ( 'NONE', #2957 ) ;
#635 = LINE ( 'NONE', #2821, #56 ) ;
#636 = DIRECTION ( 'NONE',  ( -1.000000000000000000, 0.000000000000000000, 0.000000000000000000 ) ) ;
#637 = ORIENTED_EDGE ( 'NONE', *, *, #2352, .F. ) ;
#638 = DIRECTION ( 'NONE',  ( 1.000000000000000000, -0.000000000000000000, -0.000000000000000000 ) ) ;
#639 = VERTEX_POINT ( 'NONE', #2578 ) ;
#640 = ORIENTED_EDGE ( 'NONE', *, *, #2024, .F. ) ;
#641 = FACE_OUTER_BOUND ( 'NONE', #1752, .T. ) ;
#642 = VECTOR ( 'NONE', #2755, 1000.000000000000000 ) ;
#643 = DIRECTION ( 'NONE',  ( 0.000000000000000000, 0.000000000000000000, -1.000000000000000000 ) ) ;
#644 = EDGE_CURVE ( 'NONE', #3700, #3830, #179, .T. ) ;
#645 = CARTESIAN_POINT ( 'NONE',  ( 9.000000000000000000, 1.102182119232617714E-15, 38.40000000000001279 ) ) ;
#646 = CARTESIAN_POINT ( 'NONE',  ( 3.999999999999999112, 0.2900000000000008127, 39.60000000000000142 ) ) ;
#647 = DIRECTION ( 'NONE',  ( -0.000000000000000000, -0.000000000000000000, -1.000000000000000000 ) ) ;
#648 = CARTESIAN_POINT ( 'NONE',  ( 0.6999999999999992895, 5.004870093650514384, 38.60000000000000142 ) ) ;
#649 = EDGE_CURVE ( 'NONE', #1058, #3958, #1959, .T. ) ;
#650 = CARTESIAN_POINT ( 'NONE',  ( -4.299999999999999822, 5.265981236333618470E-16, 36.60000000000000142 ) ) ;
#651 = VERTEX_POINT ( 'NONE', #3490 ) ;
#652 = PLANE ( 'NONE',  #1 ) ;
#653 = ORIENTED_EDGE ( 'NONE', *, *, #3043, .T. ) ;
#654 = EDGE_CURVE ( 'NONE', #68, #8, #2923, .T. ) ;
#655 = ORIENTED_EDGE ( 'NONE', *, *, #2751, .T. ) ;
#656 = AXIS2_PLACEMENT_3D ( 'NONE', #3092, #2522, #3755 ) ;
#657 = CARTESIAN_POINT ( 'NONE',  ( -13.84999999999999964, 1.696135816819084011E-15, -38.00000000000000000 ) ) ;
#658 = VERTEX_POINT ( 'NONE', #3870 ) ;
#659 = VERTEX_POINT ( 'NONE', #3267 ) ;
#660 = SURFACE_STYLE_FILL_AREA ( #1881 ) ;
#661 = DIRECTION ( 'NONE',  ( -1.000000000000000000, 0.000000000000000000, 0.000000000000000000 ) ) ;
#662 = CARTESIAN_POINT ( 'NONE',  ( 4.000000000000000000, 3.290000000000001368, 38.60000000000000142 ) ) ;
#663 = EDGE_CURVE ( 'NONE', #1787, #688, #3379, .T. ) ;
#664 = EDGE_LOOP ( 'NONE', ( #2878, #3713, #879, #2369 ) ) ;
#665 = CARTESIAN_POINT ( 'NONE',  ( 10.00000000000000000, -2.499999999999999112, -37.00000000000000000 ) ) ;
#666 = DIRECTION ( 'NONE',  ( 1.000000000000000000, -0.000000000000000000, 0.000000000000000000 ) ) ;
#667 = CARTESIAN_POINT ( 'NONE',  ( -14.00000000000000000, 0.000000000000000000, 0.9999999999999940048 ) ) ;
#668 = EDGE_CURVE ( 'NONE', #2379, #831, #497, .T. ) ;
#669 = DIRECTION ( 'NONE',  ( 0.000000000000000000, 0.000000000000000000, 1.000000000000000000 ) ) ;
#670 = VECTOR ( 'NONE', #1036, 1000.000000000000000 ) ;
#671 = ORIENTED_EDGE ( 'NONE', *, *, #2975, .F. ) ;
#672 = EDGE_CURVE ( 'NONE', #1590, #3700, #1509, .T. ) ;
#673 = AXIS2_PLACEMENT_3D ( 'NONE', #2207, #394, #3443 ) ;
#674 = CIRCLE ( 'NONE', #2918, 3.999999999999999112 ) ;
#675 = CARTESIAN_POINT ( 'NONE',  ( -9.140043348164534009, 0.5665189961435816990, -44.13978446967280433 ) ) ;
#676 = AXIS2_PLACEMENT_3D ( 'NONE', #39, #692, #1245 ) ;
#677 = FACE_OUTER_BOUND ( 'NONE', #2260, .T. ) ;
#678 = VERTEX_POINT ( 'NONE', #477 ) ;
#679 = VECTOR ( 'NONE', #2948, 1000.000000000000000 ) ;
#680 = CIRCLE ( 'NONE', #3889, 4.299999999999999822 ) ;
#681 = CARTESIAN_POINT ( 'NONE',  ( 0.000000000000000000, 0.000000000000000000, 38.60000000000000142 ) ) ;
#682 = EDGE_LOOP ( 'NONE', ( #3338, #2193, #1610, #2087 ) ) ;
#683 = EDGE_LOOP ( 'NONE', ( #2228, #818 ) ) ;
#684 = DIRECTION ( 'NONE',  ( 1.000000000000000000, -0.000000000000000000, -0.000000000000000000 ) ) ;
#685 = DIRECTION ( 'NONE',  ( 1.000000000000000000, 0.000000000000000000, -0.000000000000000000 ) ) ;
#686 = FACE_OUTER_BOUND ( 'NONE', #3312, .T. ) ;
#687 = CARTESIAN_POINT ( 'NONE',  ( 2.996493784408704730, 0.1450000000000091216, 39.60000000000000142 ) ) ;
#688 = VERTEX_POINT ( 'NONE', #751 ) ;
#689 = CARTESIAN_POINT ( 'NONE',  ( 0.000000000000000000, 0.000000000000000000, 36.10000000000001563 ) ) ;
#690 = CARTESIAN_POINT ( 'NONE',  ( 0.000000000000000000, 0.000000000000000000, 38.60000000000000142 ) ) ;
#691 = CARTESIAN_POINT ( 'NONE',  ( 0.000000000000000000, 0.2900000000000003131, 39.60000000000000142 ) ) ;
#692 = DIRECTION ( 'NONE',  ( 0.000000000000000000, 0.000000000000000000, 1.000000000000000000 ) ) ;
#693 = AXIS2_PLACEMENT_3D ( 'NONE', #377, #1284, #2213 ) ;
#694 = ORIENTED_EDGE ( 'NONE', *, *, #3105, .T. ) ;
#695 = CIRCLE ( 'NONE', #2939, 4.099999999999999645 ) ;
#696 = VECTOR ( 'NONE', #1993, 1000.000000000000000 ) ;
#697 = EDGE_CURVE ( 'NONE', #658, #3295, #2666, .T. ) ;
#698 = CARTESIAN_POINT ( 'NONE',  ( 0.000000000000000000, -11.00000000000000000, 24.60000000000000142 ) ) ;
#699 = VERTEX_POINT ( 'NONE', #2277 ) ;
#700 = FACE_BOUND ( 'NONE', #2763, .T. ) ;
#701 = EDGE_LOOP ( 'NONE', ( #3630, #880 ) ) ;
#702 = FACE_OUTER_BOUND ( 'NONE', #2485, .T. ) ;
#703 = CARTESIAN_POINT ( 'NONE',  ( 0.000000000000000000, 0.000000000000000000, 36.60000000000000142 ) ) ;
#704 = CYLINDRICAL_SURFACE ( 'NONE', #1397, 4.299999999999999822 ) ;
#705 = ORIENTED_EDGE ( 'NONE', *, *, #1917, .T. ) ;
#706 = ORIENTED_EDGE ( 'NONE', *, *, #2480, .F. ) ;
#707 = DIRECTION ( 'NONE',  ( -1.169491133582922012E-15, 1.000000000000000000, -0.000000000000000000 ) ) ;
#708 = PLANE ( 'NONE',  #1828 ) ;
#709 = DIRECTION ( 'NONE',  ( 0.000000000000000000, 0.000000000000000000, 1.000000000000000000 ) ) ;
#710 = DIRECTION ( 'NONE',  ( -0.000000000000000000, -0.000000000000000000, -1.000000000000000000 ) ) ;
#711 = ORIENTED_EDGE ( 'NONE', *, *, #2133, .T. ) ;
#712 = CARTESIAN_POINT ( 'NONE',  ( -10.85995665183546421, 0.5665189961435816990, -42.69093140040179435 ) ) ;
#713 = EDGE_CURVE ( 'NONE', #2528, #3841, #142, .T. ) ;
#714 = ORIENTED_EDGE ( 'NONE', *, *, #203, .T. ) ;
#715 = EDGE_CURVE ( 'NONE', #2244, #2764, #494, .T. ) ;
#716 = FACE_BOUND ( 'NONE', #745, .T. ) ;
#717 = ORIENTED_EDGE ( 'NONE', *, *, #1537, .F. ) ;
#718 = AXIS2_PLACEMENT_3D ( 'NONE', #2339, #3580, #2647 ) ;
#719 =( LENGTH_UNIT ( ) NAMED_UNIT ( * ) SI_UNIT ( .MILLI., .METRE. ) );
#720 = CARTESIAN_POINT ( 'NONE',  ( 8.800000000000016698, 1.077689183249672775E-15, 38.60000000000000142 ) ) ;
#721 = EDGE_CURVE ( 'NONE', #1783, #1799, #3310, .T. ) ;
#722 = VERTEX_POINT ( 'NONE', #1210 ) ;
#723 = CARTESIAN_POINT ( 'NONE',  ( 0.6999999999999992895, 5.004870093650514384, 39.60000000000000142 ) ) ;
#724 = CIRCLE ( 'NONE', #973, 4.999999999999999112 ) ;
#725 = VERTEX_POINT ( 'NONE', #2980 ) ;
#726 = EDGE_LOOP ( 'NONE', ( #503, #3132, #1992, #347, #1938, #671 ) ) ;
#727 = DIRECTION ( 'NONE',  ( 1.000000000000000000, 0.000000000000000000, 0.000000000000000000 ) ) ;
#728 = DIRECTION ( 'NONE',  ( 0.000000000000000000, 0.000000000000000000, -1.000000000000000000 ) ) ;
#729 = LINE ( 'NONE', #1481, #2634 ) ;
#730 = ORIENTED_EDGE ( 'NONE', *, *, #3533, .T. ) ;
#731 = EDGE_CURVE ( 'NONE', #3195, #574, #1795, .T. ) ;
#732 = DIRECTION ( 'NONE',  ( 0.000000000000000000, 0.000000000000000000, 1.000000000000000000 ) ) ;
#733 = AXIS2_PLACEMENT_3D ( 'NONE', #1312, #2824, #995 ) ;
#734 = VERTEX_POINT ( 'NONE', #3650 ) ;
#735 = CIRCLE ( 'NONE', #2465, 0.6500000000000007994 ) ;
#736 = FACE_OUTER_BOUND ( 'NONE', #2108, .T. ) ;
#737 = AXIS2_PLACEMENT_3D ( 'NONE', #355, #2858, #3083 ) ;
#738 = ORIENTED_EDGE ( 'NONE', *, *, #1663, .T. ) ;
#739 = AXIS2_PLACEMENT_3D ( 'NONE', #2667, #2689, #1785 ) ;
#740 = CARTESIAN_POINT ( 'NONE',  ( -2.999999999999999112, 3.290000000000001368, 38.60000000000000142 ) ) ;
#741 = CARTESIAN_POINT ( 'NONE',  ( 2.499999999999999556, 4.031657386773941809, 39.60000000000000142 ) ) ;
#742 = TOROIDAL_SURFACE ( 'NONE', #1444, 12.84999999999999964, 1.000000000000000000 ) ;
#743 = LINE ( 'NONE', #1401, #1719 ) ;
#744 = VERTEX_POINT ( 'NONE', #3022 ) ;
#745 = EDGE_LOOP ( 'NONE', ( #564, #1929, #2107, #1726, #2102 ) ) ;
#746 = DIRECTION ( 'NONE',  ( 1.000000000000000000, 0.000000000000000000, 0.000000000000000000 ) ) ;
#747 = CARTESIAN_POINT ( 'NONE',  ( -11.14004334816453401, 0.06295420987255921641, -42.69093140040179435 ) ) ;
#748 = FACE_OUTER_BOUND ( 'NONE', #2120, .T. ) ;
#749 = DIRECTION ( 'NONE',  ( 1.000000000000000000, 0.000000000000000000, 0.000000000000000000 ) ) ;
#750 = ORIENTED_EDGE ( 'NONE', *, *, #260, .F. ) ;
#751 = CARTESIAN_POINT ( 'NONE',  ( -0.6200000000000001066, 0.000000000000000000, -44.00000000000000000 ) ) ;
#752 = VECTOR ( 'NONE', #2977, 1000.000000000000000 ) ;
#753 = ORIENTED_EDGE ( 'NONE', *, *, #1092, .T. ) ;
#754 = CIRCLE ( 'NONE', #3130, 1.500000000000001332 ) ;
#755 = DIRECTION ( 'NONE',  ( -1.000000000000000000, 0.000000000000000000, -0.000000000000000000 ) ) ;
#756 = VECTOR ( 'NONE', #1270, 1000.000000000000000 ) ;
#757 = CARTESIAN_POINT ( 'NONE',  ( 0.000000000000000000, 0.000000000000000000, 39.60000000000000142 ) ) ;
#758 = VECTOR ( 'NONE', #2470, 1000.000000000000000 ) ;
#759 = ORIENTED_EDGE ( 'NONE', *, *, #2245, .F. ) ;
#760 = FACE_OUTER_BOUND ( 'NONE', #238, .T. ) ;
#761 = DIRECTION ( 'NONE',  ( 1.000000000000000000, 0.000000000000000000, 0.000000000000000000 ) ) ;
#762 = CARTESIAN_POINT ( 'NONE',  ( 4.099999999999999645, 0.000000000000000000, 36.60000000000000142 ) ) ;
#763 = ORIENTED_EDGE ( 'NONE', *, *, #872, .F. ) ;
#764 = EDGE_CURVE ( 'NONE', #3783, #2174, #1832, .T. ) ;
#765 = ORIENTED_EDGE ( 'NONE', *, *, #3770, .F. ) ;
#766 = CARTESIAN_POINT ( 'NONE',  ( 11.14004334816453401, -1.154342185340587523, -45.00000000000000000 ) ) ;
#767 = EDGE_CURVE ( 'NONE', #987, #3896, #2601, .T. ) ;
#768 = CARTESIAN_POINT ( 'NONE',  ( 12.00000000000000000, 2.500000000000000444, -37.00000000000000000 ) ) ;
#769 = DIRECTION ( 'NONE',  ( -1.000000000000000000, 0.000000000000000000, 0.000000000000000000 ) ) ;
#770 = LINE ( 'NONE', #3488, #3115 ) ;
#771 = ORIENTED_EDGE ( 'NONE', *, *, #1663, .F. ) ;
#772 = CIRCLE ( 'NONE', #2498, 0.6500000000000007994 ) ;
#773 = EDGE_CURVE ( 'NONE', #241, #688, #110, .T. ) ;
#774 = DIRECTION ( 'NONE',  ( 1.000000000000000000, 0.000000000000000000, 0.000000000000000000 ) ) ;
#775 = ORIENTED_EDGE ( 'NONE', *, *, #872, .T. ) ;
#776 = CARTESIAN_POINT ( 'NONE',  ( 0.000000000000000000, 0.000000000000000000, -40.99999999999999289 ) ) ;
#777 = FACE_OUTER_BOUND ( 'NONE', #3069, .T. ) ;
#778 = ORIENTED_EDGE ( 'NONE', *, *, #94, .T. ) ;
#779 = LINE ( 'NONE', #1413, #2577 ) ;
#780 = LINE ( 'NONE', #1414, #2026 ) ;
#781 = LINE ( 'NONE', #211, #508 ) ;
#782 = AXIS2_PLACEMENT_3D ( 'NONE', #3542, #3657, #2442 ) ;
#783 = ORIENTED_EDGE ( 'NONE', *, *, #3401, .F. ) ;
#784 = ORIENTED_EDGE ( 'NONE', *, *, #668, .T. ) ;
#785 = CARTESIAN_POINT ( 'NONE',  ( -9.140043348164534009, 0.06295420987255921641, -42.69093140040179435 ) ) ;
#786 = ADVANCED_FACE ( 'NONE', ( #1772, #3283 ), #2096, .F. ) ;
#787 = VECTOR ( 'NONE', #3614, 1000.000000000000000 ) ;
#788 = DIRECTION ( 'NONE',  ( 1.000000000000000000, 0.000000000000000000, 0.000000000000000000 ) ) ;
#789 = FACE_OUTER_BOUND ( 'NONE', #2542, .T. ) ;
#790 = EDGE_CURVE ( 'NONE', #3259, #725, #3042, .T. ) ;
#791 = CARTESIAN_POINT ( 'NONE',  ( 7.349999999999999645, 0.000000000000000000, 36.60000000000000142 ) ) ;
#792 = ORIENTED_EDGE ( 'NONE', *, *, #947, .T. ) ;
#793 = CARTESIAN_POINT ( 'NONE',  ( 0.000000000000000000, 0.000000000000000000, 38.60000000000000142 ) ) ;
#794 = ADVANCED_FACE ( 'NONE', ( #2757 ), #2053, .F. ) ;
#795 = VERTEX_POINT ( 'NONE', #261 ) ;
#796 = VECTOR ( 'NONE', #3349, 1000.000000000000000 ) ;
#797 = CARTESIAN_POINT ( 'NONE',  ( -1.749999999999999778, 3.886873642484539371, 38.60000000000000142 ) ) ;
#798 = DIRECTION ( 'NONE',  ( -0.000000000000000000, -0.000000000000000000, -1.000000000000000000 ) ) ;
#799 = ORIENTED_EDGE ( 'NONE', *, *, #3507, .F. ) ;
#800 = CARTESIAN_POINT ( 'NONE',  ( -10.00000000000000000, 2.500000000000000888, -37.00000000000000000 ) ) ;
#801 = LINE ( 'NONE', #3838, #2660 ) ;
#802 = CARTESIAN_POINT ( 'NONE',  ( 0.000000000000000000, 0.000000000000000000, 38.60000000000000142 ) ) ;
#803 = CIRCLE ( 'NONE', #3373, 1.000000000000000888 ) ;
#804 = ORIENTED_EDGE ( 'NONE', *, *, #3060, .T. ) ;
#805 = AXIS2_PLACEMENT_3D ( 'NONE', #948, #669, #78 ) ;
#806 = CARTESIAN_POINT ( 'NONE',  ( -12.00000000000000000, 2.500000000000000444, -37.00000000000000000 ) ) ;
#807 = CIRCLE ( 'NONE', #3055, 1.500000000000000000 ) ;
#808 = LINE ( 'NONE', #3531, #2658 ) ;
#809 = DIRECTION ( 'NONE',  ( -0.000000000000000000, 0.000000000000000000, -1.000000000000000000 ) ) ;
#810 = VECTOR ( 'NONE', #3302, 1000.000000000000000 ) ;
#811 = DIRECTION ( 'NONE',  ( 1.000000000000000000, 0.000000000000000000, 0.000000000000000000 ) ) ;
#812 = ORIENTED_EDGE ( 'NONE', *, *, #1900, .F. ) ;
#813 = DIRECTION ( 'NONE',  ( -1.000000000000000000, 0.000000000000000000, 0.000000000000000000 ) ) ;
#814 = ORIENTED_EDGE ( 'NONE', *, *, #3750, .T. ) ;
#815 = EDGE_CURVE ( 'NONE', #2372, #1112, #2390, .T. ) ;
#816 = PLANE ( 'NONE',  #2592 ) ;
#817 = CARTESIAN_POINT ( 'NONE',  ( 10.00000000000000000, 2.500000000000000888, -39.00000000000000000 ) ) ;
#818 = ORIENTED_EDGE ( 'NONE', *, *, #1727, .F. ) ;
#819 = VECTOR ( 'NONE', #1406, 1000.000000000000000 ) ;
#820 = DIRECTION ( 'NONE',  ( 1.000000000000000000, 0.000000000000000000, 0.000000000000000000 ) ) ;
#821 = CARTESIAN_POINT ( 'NONE',  ( 11.14004334816453401, 0.06295420987255921641, -44.13978446967280433 ) ) ;
#822 = AXIS2_PLACEMENT_3D ( 'NONE', #3172, #2869, #2566 ) ;
#823 = DIRECTION ( 'NONE',  ( -0.000000000000000000, 0.000000000000000000, -1.000000000000000000 ) ) ;
#824 = AXIS2_PLACEMENT_3D ( 'NONE', #2307, #3801, #2891 ) ;
#825 = ORIENTED_EDGE ( 'NONE', *, *, #1177, .T. ) ;
#826 = CARTESIAN_POINT ( 'NONE',  ( 0.000000000000000000, -11.00000000000000000, 24.60000000000000142 ) ) ;
#827 = CARTESIAN_POINT ( 'NONE',  ( 0.000000000000000000, 0.000000000000000000, 42.60000000000000142 ) ) ;
#828 = DIRECTION ( 'NONE',  ( 0.000000000000000000, 0.000000000000000000, -1.000000000000000000 ) ) ;
#829 = EDGE_CURVE ( 'NONE', #3937, #2628, #2340, .T. ) ;
#830 = DIRECTION ( 'NONE',  ( 0.000000000000000000, 0.000000000000000000, 1.000000000000000000 ) ) ;
#831 = VERTEX_POINT ( 'NONE', #890 ) ;
#832 = DIRECTION ( 'NONE',  ( 0.000000000000000000, 0.000000000000000000, -1.000000000000000000 ) ) ;
#833 = EDGE_CURVE ( 'NONE', #2407, #3535, #3058, .T. ) ;
#834 = CARTESIAN_POINT ( 'NONE',  ( 7.200000000000000178, 0.000000000000000000, 36.60000000000000142 ) ) ;
#835 = EDGE_CURVE ( 'NONE', #462, #3224, #3574, .T. ) ;
#836 = VERTEX_POINT ( 'NONE', #1510 ) ;
#837 = ADVANCED_FACE ( 'NONE', ( #907, #2715, #280 ), #3326, .F. ) ;
#838 = VERTEX_POINT ( 'NONE', #2433 ) ;
#839 = DIRECTION ( 'NONE',  ( 0.000000000000000000, 0.000000000000000000, 1.000000000000000000 ) ) ;
#840 = AXIS2_PLACEMENT_3D ( 'NONE', #2099, #3068, #1755 ) ;
#841 = CARTESIAN_POINT ( 'NONE',  ( -0.7000000000000000666, 5.004870093650514384, 39.60000000000000142 ) ) ;
#842 = EDGE_LOOP ( 'NONE', ( #3676, #489 ) ) ;
#843 = ORIENTED_EDGE ( 'NONE', *, *, #1962, .F. ) ;
#844 = PLANE ( 'NONE',  #3551 ) ;
#845 = ADVANCED_FACE ( 'NONE', ( #2738, #2131 ), #1751, .T. ) ;
#846 = FACE_OUTER_BOUND ( 'NONE', #2579, .T. ) ;
#847 = DIRECTION ( 'NONE',  ( 0.000000000000000000, 0.000000000000000000, -1.000000000000000000 ) ) ;
#848 = CARTESIAN_POINT ( 'NONE',  ( 1.749999999999999778, 3.886873642484539371, 38.60000000000000142 ) ) ;
#849 = PLANE ( 'NONE',  #3303 ) ;
#850 = VERTEX_POINT ( 'NONE', #3064 ) ;
#851 = DIRECTION ( 'NONE',  ( -0.000000000000000000, -0.000000000000000000, -1.000000000000000000 ) ) ;
#852 = DIRECTION ( 'NONE',  ( -3.469446951953614189E-16, -1.000000000000000000, 0.000000000000000000 ) ) ;
#853 = EDGE_LOOP ( 'NONE', ( #591, #2100, #1292, #603, #3562 ) ) ;
#854 = EDGE_LOOP ( 'NONE', ( #1043, #1048, #91, #3188 ) ) ;
#855 = VERTEX_POINT ( 'NONE', #3905 ) ;
#856 = DIRECTION ( 'NONE',  ( -0.000000000000000000, -0.000000000000000000, -1.000000000000000000 ) ) ;
#857 = DIRECTION ( 'NONE',  ( 0.000000000000000000, 1.000000000000000000, 0.000000000000000000 ) ) ;
#858 = ORIENTED_EDGE ( 'NONE', *, *, #139, .T. ) ;
#859 = ORIENTED_EDGE ( 'NONE', *, *, #886, .T. ) ;
#860 = CARTESIAN_POINT ( 'NONE',  ( 0.000000000000000000, 0.2900000000000003131, 39.60000000000000142 ) ) ;
#861 = CARTESIAN_POINT ( 'NONE',  ( 11.14004334816453401, 0.06295420987255921641, -44.13978446967280433 ) ) ;
#862 = AXIS2_PLACEMENT_3D ( 'NONE', #3666, #2434, #611 ) ;
#863 = CIRCLE ( 'NONE', #1242, 8.800000000000016698 ) ;
#864 = LINE ( 'NONE', #1186, #1786 ) ;
#865 = AXIS2_PLACEMENT_3D ( 'NONE', #1589, #2191, #2494 ) ;
#866 = CIRCLE ( 'NONE', #3631, 4.299999999999999822 ) ;
#867 = DIRECTION ( 'NONE',  ( -0.000000000000000000, -0.000000000000000000, -1.000000000000000000 ) ) ;
#868 = AXIS2_PLACEMENT_3D ( 'NONE', #2999, #830, #3606 ) ;
#869 = CARTESIAN_POINT ( 'NONE',  ( 0.000000000000000000, 0.000000000000000000, 39.60000000000000142 ) ) ;
#870 = DIRECTION ( 'NONE',  ( -0.000000000000000000, -0.000000000000000000, -1.000000000000000000 ) ) ;
#871 = ORIENTED_EDGE ( 'NONE', *, *, #2966, .T. ) ;
#872 = EDGE_CURVE ( 'NONE', #917, #2987, #240, .T. ) ;
#873 = LINE ( 'NONE', #2457, #1172 ) ;
#874 = EDGE_CURVE ( 'NONE', #2048, #836, #3683, .T. ) ;
#875 = VERTEX_POINT ( 'NONE', #2475 ) ;
#876 = ORIENTED_EDGE ( 'NONE', *, *, #1601, .T. ) ;
#877 = CARTESIAN_POINT ( 'NONE',  ( -0.9374999999999985567, 5.201323014219284779, 39.60000000000000142 ) ) ;
#878 = DIRECTION ( 'NONE',  ( 1.000000000000000000, 0.000000000000000000, 0.000000000000000000 ) ) ;
#879 = ORIENTED_EDGE ( 'NONE', *, *, #498, .F. ) ;
#880 = ORIENTED_EDGE ( 'NONE', *, *, #516, .T. ) ;
#881 = CARTESIAN_POINT ( 'NONE',  ( -2.777777777777777235, 4.447397096415490303, 39.60000000000000142 ) ) ;
#882 = CIRCLE ( 'NONE', #3648, 0.6500000000000007994 ) ;
#883 = VECTOR ( 'NONE', #154, 1000.000000000000000 ) ;
#884 = DIRECTION ( 'NONE',  ( 0.000000000000000000, 0.000000000000000000, 1.000000000000000000 ) ) ;
#885 = FACE_BOUND ( 'NONE', #1861, .T. ) ;
#886 = EDGE_CURVE ( 'NONE', #3197, #2520, #1889, .T. ) ;
#887 = AXIS2_PLACEMENT_3D ( 'NONE', #393, #2524, #3759 ) ;
#888 = EDGE_CURVE ( 'NONE', #29, #32, #3629, .T. ) ;
#889 = CARTESIAN_POINT ( 'NONE',  ( -11.00000000000000000, 0.000000000000000000, 24.60000000000000142 ) ) ;
#890 = CARTESIAN_POINT ( 'NONE',  ( -10.00000000000000000, -2.499999999999999112, -37.00000000000000000 ) ) ;
#891 = FACE_OUTER_BOUND ( 'NONE', #2252, .T. ) ;
#892 = EDGE_LOOP ( 'NONE', ( #2962, #2788, #565 ) ) ;
#893 = EDGE_CURVE ( 'NONE', #3830, #593, #3306, .T. ) ;
#894 = CARTESIAN_POINT ( 'NONE',  ( 7.200000000000000178, 0.000000000000000000, 38.60000000000000142 ) ) ;
#895 = EDGE_LOOP ( 'NONE', ( #181, #405, #1179, #3462 ) ) ;
#896 = ORIENTED_EDGE ( 'NONE', *, *, #2554, .T. ) ;
#897 = PLANE ( 'NONE',  #410 ) ;
#898 = LINE ( 'NONE', #1155, #1830 ) ;
#899 = AXIS2_PLACEMENT_3D ( 'NONE', #3786, #2938, #1650 ) ;
#900 = ORIENTED_EDGE ( 'NONE', *, *, #2797, .T. ) ;
#901 = ORIENTED_EDGE ( 'NONE', *, *, #3860, .T. ) ;
#902 = CARTESIAN_POINT ( 'NONE',  ( 0.000000000000000000, 0.000000000000000000, 36.60000000000000142 ) ) ;
#903 = DIRECTION ( 'NONE',  ( 1.000000000000000000, 0.000000000000000000, 0.000000000000000000 ) ) ;
#904 = EDGE_CURVE ( 'NONE', #3535, #3358, #985, .T. ) ;
#905 = LINE ( 'NONE', #3320, #2680 ) ;
#906 = FACE_OUTER_BOUND ( 'NONE', #1604, .T. ) ;
#907 = FACE_OUTER_BOUND ( 'NONE', #2576, .T. ) ;
#908 = DIRECTION ( 'NONE',  ( 1.000000000000000000, 0.000000000000000000, 0.000000000000000000 ) ) ;
#909 = AXIS2_PLACEMENT_3D ( 'NONE', #332, #2711, #3619 ) ;
#910 = VERTEX_POINT ( 'NONE', #2819 ) ;
#911 = CIRCLE ( 'NONE', #2965, 1.500000000000001332 ) ;
#912 = FACE_OUTER_BOUND ( 'NONE', #1691, .T. ) ;
#913 = ORIENTED_EDGE ( 'NONE', *, *, #2436, .T. ) ;
#914 = VERTEX_POINT ( 'NONE', #2777 ) ;
#915 = CARTESIAN_POINT ( 'NONE',  ( -1.749999999999999778, 3.886873642484539371, 38.60000000000000142 ) ) ;
#916 = LINE ( 'NONE', #3431, #2718 ) ;
#917 = VERTEX_POINT ( 'NONE', #58 ) ;
#918 = VERTEX_POINT ( 'NONE', #1305 ) ;
#919 = DIRECTION ( 'NONE',  ( 0.000000000000000000, 0.000000000000000000, -1.000000000000000000 ) ) ;
#920 = DIRECTION ( 'NONE',  ( 0.000000000000000000, 0.000000000000000000, -1.000000000000000000 ) ) ;
#921 = CARTESIAN_POINT ( 'NONE',  ( 2.499999999999999556, 4.031657386773941809, 39.60000000000000142 ) ) ;
#922 = CARTESIAN_POINT ( 'NONE',  ( -2.499999999999999556, 4.031657386773941809, 38.60000000000000142 ) ) ;
#923 = CIRCLE ( 'NONE', #3173, 0.5000000000000000000 ) ;
#924 = CIRCLE ( 'NONE', #172, 14.00000000000000000 ) ;
#925 = AXIS2_PLACEMENT_3D ( 'NONE', #3364, #1833, #2679 ) ;
#926 = CARTESIAN_POINT ( 'NONE',  ( 0.000000000000000000, 2.000000000000000000, 42.60000000000000142 ) ) ;
#927 = FACE_OUTER_BOUND ( 'NONE', #59, .T. ) ;
#928 = VECTOR ( 'NONE', #168, 1000.000000000000000 ) ;
#929 = ORIENTED_EDGE ( 'NONE', *, *, #2572, .F. ) ;
#930 = CIRCLE ( 'NONE', #3183, 2.999999999999999556 ) ;
#931 = CONICAL_SURFACE ( 'NONE', #432, 13.50000000000001954, 0.7853981633974430610 ) ;
#932 = CARTESIAN_POINT ( 'NONE',  ( 0.000000000000000000, 0.000000000000000000, -40.99999999999999289 ) ) ;
#933 = CARTESIAN_POINT ( 'NONE',  ( 0.000000000000000000, 0.000000000000000000, -45.00000000000000000 ) ) ;
#934 = ORIENTED_EDGE ( 'NONE', *, *, #1319, .F. ) ;
#935 = ADVANCED_FACE ( 'NONE', ( #1893 ), #3406, .F. ) ;
#936 = DIRECTION ( 'NONE',  ( 1.000000000000000000, 0.000000000000000000, 0.000000000000000000 ) ) ;
#937 = ORIENTED_EDGE ( 'NONE', *, *, #654, .F. ) ;
#938 = VERTEX_POINT ( 'NONE', #3768 ) ;
#939 = LINE ( 'NONE', #1259, #466 ) ;
#940 = DIRECTION ( 'NONE',  ( -0.000000000000000000, -0.000000000000000000, -1.000000000000000000 ) ) ;
#941 = DIRECTION ( 'NONE',  ( -0.000000000000000000, -0.000000000000000000, -1.000000000000000000 ) ) ;
#942 = AXIS2_PLACEMENT_3D ( 'NONE', #178, #3902, #1146 ) ;
#943 = FACE_OUTER_BOUND ( 'NONE', #1257, .T. ) ;
#944 = FACE_OUTER_BOUND ( 'NONE', #499, .T. ) ;
#945 = DIRECTION ( 'NONE',  ( 1.000000000000000000, 0.000000000000000000, -0.000000000000000000 ) ) ;
#946 = CIRCLE ( 'NONE', #2743, 4.299999999999999822 ) ;
#947 = EDGE_CURVE ( 'NONE', #2587, #623, #3053, .T. ) ;
#948 = CARTESIAN_POINT ( 'NONE',  ( 0.000000000000000000, 0.000000000000000000, 38.60000000000000142 ) ) ;
#949 = ORIENTED_EDGE ( 'NONE', *, *, #2560, .F. ) ;
#950 = EDGE_CURVE ( 'NONE', #2925, #127, #1627, .T. ) ;
#951 = DIRECTION ( 'NONE',  ( -1.000000000000000000, 0.000000000000000000, -0.000000000000000000 ) ) ;
#952 = ORIENTED_EDGE ( 'NONE', *, *, #1580, .T. ) ;
#953 = VERTEX_POINT ( 'NONE', #650 ) ;
#954 = EDGE_CURVE ( 'NONE', #557, #3455, #3707, .T. ) ;
#955 = CARTESIAN_POINT ( 'NONE',  ( -2.777777777777777235, 4.447397096415490303, 38.60000000000000142 ) ) ;
#956 = ORIENTED_EDGE ( 'NONE', *, *, #2572, .T. ) ;
#957 = EDGE_LOOP ( 'NONE', ( #2145, #3640, #2163, #2406 ) ) ;
#958 = DIRECTION ( 'NONE',  ( 0.000000000000000000, 0.000000000000000000, 1.000000000000000000 ) ) ;
#959 = AXIS2_PLACEMENT_3D ( 'NONE', #472, #1696, #2916 ) ;
#960 = DIRECTION ( 'NONE',  ( 0.000000000000000000, 0.000000000000000000, 1.000000000000000000 ) ) ;
#961 = CARTESIAN_POINT ( 'NONE',  ( 1.749999999999999778, 3.886873642484539371, 39.60000000000000142 ) ) ;
#962 = EDGE_CURVE ( 'NONE', #3036, #1094, #3569, .T. ) ;
#963 = ORIENTED_EDGE ( 'NONE', *, *, #3401, .T. ) ;
#964 = CARTESIAN_POINT ( 'NONE',  ( 0.000000000000000000, 0.000000000000000000, 36.60000000000000142 ) ) ;
#965 = CARTESIAN_POINT ( 'NONE',  ( 4.099999999999999645, 0.000000000000000000, 36.60000000000000142 ) ) ;
#966 = DIRECTION ( 'NONE',  ( -1.000000000000000000, 0.000000000000000000, 0.000000000000000000 ) ) ;
#967 = CARTESIAN_POINT ( 'NONE',  ( -1.749999999999999778, 3.886873642484539371, 39.60000000000000142 ) ) ;
#968 = ORIENTED_EDGE ( 'NONE', *, *, #606, .T. ) ;
#969 = CIRCLE ( 'NONE', #531, 4.999999999999999112 ) ;
#970 = DIRECTION ( 'NONE',  ( 0.000000000000000000, 0.000000000000000000, -1.000000000000000000 ) ) ;
#971 = DIRECTION ( 'NONE',  ( 1.000000000000000000, 0.000000000000000000, 0.000000000000000000 ) ) ;
#972 = ORIENTED_EDGE ( 'NONE', *, *, #3341, .F. ) ;
#973 = AXIS2_PLACEMENT_3D ( 'NONE', #1516, #2747, #12 ) ;
#974 = LINE ( 'NONE', #1595, #40 ) ;
#975 = ORIENTED_EDGE ( 'NONE', *, *, #3515, .F. ) ;
#976 = ORIENTED_EDGE ( 'NONE', *, *, #1957, .T. ) ;
#977 = DIRECTION ( 'NONE',  ( 0.000000000000000000, 0.000000000000000000, -1.000000000000000000 ) ) ;
#978 = PLANE ( 'NONE',  #47 ) ;
#979 = DIRECTION ( 'NONE',  ( -0.000000000000000000, 0.000000000000000000, -1.000000000000000000 ) ) ;
#980 = CARTESIAN_POINT ( 'NONE',  ( 0.000000000000000000, 0.000000000000000000, 36.60000000000000142 ) ) ;
#981 = ORIENTED_EDGE ( 'NONE', *, *, #3914, .F. ) ;
#982 = LINE ( 'NONE', #646, #580 ) ;
#983 = CYLINDRICAL_SURFACE ( 'NONE', #3226, 13.84999999999999964 ) ;
#984 = CARTESIAN_POINT ( 'NONE',  ( 11.14004334816453401, 1.154342185340587523, -45.00000000000000000 ) ) ;
#985 = LINE ( 'NONE', #1547, #2790 ) ;
#986 = CIRCLE ( 'NONE', #1700, 4.299999999999999822 ) ;
#987 = VERTEX_POINT ( 'NONE', #3103 ) ;
#988 = AXIS2_PLACEMENT_3D ( 'NONE', #1133, #3814, #480 ) ;
#989 = CIRCLE ( 'NONE', #1505, 0.6500000000000007994 ) ;
#990 = DIRECTION ( 'NONE',  ( -0.000000000000000000, -0.000000000000000000, 1.000000000000000000 ) ) ;
#991 = VECTOR ( 'NONE', #3470, 1000.000000000000000 ) ;
#992 = ORIENTED_EDGE ( 'NONE', *, *, #888, .F. ) ;
#993 = CIRCLE ( 'NONE', #1895, 4.099999999999999645 ) ;
#994 = AXIS2_PLACEMENT_3D ( 'NONE', #1050, #3513, #1408 ) ;
#995 = DIRECTION ( 'NONE',  ( 1.000000000000000000, 0.000000000000000000, 0.000000000000000000 ) ) ;
#996 = VERTEX_POINT ( 'NONE', #3449 ) ;
#997 = EDGE_LOOP ( 'NONE', ( #1999, #133, #3855, #2175 ) ) ;
#998 = DIRECTION ( 'NONE',  ( -0.000000000000000000, -0.000000000000000000, 1.000000000000000000 ) ) ;
#999 = CARTESIAN_POINT ( 'NONE',  ( 0.000000000000000000, 0.000000000000000000, 0.000000000000000000 ) ) ;
#1000 = DIRECTION ( 'NONE',  ( -0.000000000000000000, -0.000000000000000000, 1.000000000000000000 ) ) ;
#1001 = ORIENTED_EDGE ( 'NONE', *, *, #2848, .T. ) ;
#1002 = ORIENTED_EDGE ( 'NONE', *, *, #3166, .T. ) ;
#1003 = CARTESIAN_POINT ( 'NONE',  ( 11.00000000000000000, 0.000000000000000000, 24.60000000000000142 ) ) ;
#1004 = DIRECTION ( 'NONE',  ( -0.000000000000000000, -0.000000000000000000, -1.000000000000000000 ) ) ;
#1005 = DIRECTION ( 'NONE',  ( -1.000000000000000000, 0.000000000000000000, 0.000000000000000000 ) ) ;
#1006 = ADVANCED_FACE ( 'NONE', ( #927 ), #378, .T. ) ;
#1007 = CARTESIAN_POINT ( 'NONE',  ( 2.400000000000000799, 3.886873642484539371, 39.60000000000000142 ) ) ;
#1008 = AXIS2_PLACEMENT_3D ( 'NONE', #3299, #1486, #1809 ) ;
#1009 = EDGE_CURVE ( 'NONE', #3224, #3833, #2022, .T. ) ;
#1010 = ORIENTED_EDGE ( 'NONE', *, *, #592, .F. ) ;
#1011 = VECTOR ( 'NONE', #2632, 1000.000000000000000 ) ;
#1012 = PRODUCT_DEFINITION_CONTEXT ( 'detailed design', #1633, 'design' ) ;
#1013 = VECTOR ( 'NONE', #528, 1000.000000000000000 ) ;
#1014 = CARTESIAN_POINT ( 'NONE',  ( -7.349999999999999645, 9.001153973733045617E-16, 36.60000000000000142 ) ) ;
#1015 = EDGE_CURVE ( 'NONE', #2171, #2731, #633, .T. ) ;
#1016 = ORIENTED_EDGE ( 'NONE', *, *, #2797, .F. ) ;
#1017 = EDGE_CURVE ( 'NONE', #3938, #3161, #1761, .T. ) ;
#1018 = DIRECTION ( 'NONE',  ( -1.000000000000000000, 0.000000000000000000, 0.000000000000000000 ) ) ;
#1019 = ORIENTED_EDGE ( 'NONE', *, *, #516, .F. ) ;
#1020 = CARTESIAN_POINT ( 'NONE',  ( 0.6200000000000001066, 1.065442715258197396E-16, -44.00000000000000000 ) ) ;
#1021 = CARTESIAN_POINT ( 'NONE',  ( -3.199999999999999734, 2.689999999999999503, 39.60000000000000142 ) ) ;
#1022 = DIRECTION ( 'NONE',  ( 1.000000000000000000, 0.000000000000000000, 0.000000000000000000 ) ) ;
#1023 = ORIENTED_EDGE ( 'NONE', *, *, #498, .T. ) ;
#1024 = VECTOR ( 'NONE', #1239, 1000.000000000000000 ) ;
#1025 = ORIENTED_EDGE ( 'NONE', *, *, #2258, .T. ) ;
#1026 = CARTESIAN_POINT ( 'NONE',  ( 2.999999999999999112, 4.031657386773941809, 38.60000000000000142 ) ) ;
#1027 = EDGE_CURVE ( 'NONE', #2162, #1384, #1507, .T. ) ;
#1028 = PLANE ( 'NONE',  #3035 ) ;
#1029 = LINE ( 'NONE', #1607, #3645 ) ;
#1030 = DIRECTION ( 'NONE',  ( 1.000000000000000000, -0.000000000000000000, -0.000000000000000000 ) ) ;
#1031 = CIRCLE ( 'NONE', #3282, 13.43290166331306601 ) ;
#1032 = ORIENTED_EDGE ( 'NONE', *, *, #947, .F. ) ;
#1033 = EDGE_LOOP ( 'NONE', ( #3120, #1353, #3175, #3148, #2415 ) ) ;
#1034 = CARTESIAN_POINT ( 'NONE',  ( -11.14004334816453401, -0.4406105763984632384, -42.69093140040179435 ) ) ;
#1035 = ORIENTED_EDGE ( 'NONE', *, *, #1471, .F. ) ;
#1036 = DIRECTION ( 'NONE',  ( -0.000000000000000000, 1.000000000000000000, -0.000000000000000000 ) ) ;
#1037 = ORIENTED_EDGE ( 'NONE', *, *, #3199, .T. ) ;
#1038 = AXIS2_PLACEMENT_3D ( 'NONE', #2929, #1708, #1965 ) ;
#1039 = CARTESIAN_POINT ( 'NONE',  ( 0.000000000000000000, 0.000000000000000000, 38.60000000000000142 ) ) ;
#1040 = DIRECTION ( 'NONE',  ( -0.000000000000000000, -0.000000000000000000, -1.000000000000000000 ) ) ;
#1041 = CARTESIAN_POINT ( 'NONE',  ( 13.50000000000001954, 1.683889348827612034E-15, 36.60000000000000142 ) ) ;
#1042 = ORIENTED_EDGE ( 'NONE', *, *, #1733, .F. ) ;
#1043 = ORIENTED_EDGE ( 'NONE', *, *, #2826, .T. ) ;
#1044 = CARTESIAN_POINT ( 'NONE',  ( 10.00000000000000000, -2.499999999999999112, -37.00000000000000000 ) ) ;
#1045 = CARTESIAN_POINT ( 'NONE',  ( 0.000000000000000000, 0.000000000000000000, 36.10000000000001563 ) ) ;
#1046 = CARTESIAN_POINT ( 'NONE',  ( 0.000000000000000000, 0.000000000000000000, 38.60000000000000142 ) ) ;
#1047 = CARTESIAN_POINT ( 'NONE',  ( 0.000000000000000000, 0.000000000000000000, -38.00000000000000000 ) ) ;
#1048 = ORIENTED_EDGE ( 'NONE', *, *, #2501, .T. ) ;
#1049 = UNCERTAINTY_MEASURE_WITH_UNIT (LENGTH_MEASURE( 1.000000000000000082E-05 ), #3576, 'distance_accuracy_value', 'NONE');
#1050 = CARTESIAN_POINT ( 'NONE',  ( 0.000000000000000000, 0.000000000000000000, -38.00000000000000000 ) ) ;
#1051 = VECTOR ( 'NONE', #2176, 1000.000000000000000 ) ;
#1052 = EDGE_LOOP ( 'NONE', ( #620, #614, #3787, #3527 ) ) ;
#1053 = CIRCLE ( 'NONE', #988, 7.349999999999999645 ) ;
#1054 = AXIS2_PLACEMENT_3D ( 'NONE', #747, #1734, #1750 ) ;
#1055 = DIRECTION ( 'NONE',  ( -0.000000000000000000, 1.000000000000000000, -0.000000000000000000 ) ) ;
#1056 = VECTOR ( 'NONE', #2575, 1000.000000000000000 ) ;
#1057 = LINE ( 'NONE', #3557, #3751 ) ;
#1058 = VERTEX_POINT ( 'NONE', #338 ) ;
#1059 = EDGE_CURVE ( 'NONE', #325, #3958, #3692, .T. ) ;
#1060 = CIRCLE ( 'NONE', #3825, 2.999999999999999556 ) ;
#1061 = LINE ( 'NONE', #2282, #2254 ) ;
#1062 = CIRCLE ( 'NONE', #1638, 5.599999999999999645 ) ;
#1063 = DIRECTION ( 'NONE',  ( -0.000000000000000000, -0.000000000000000000, 1.000000000000000000 ) ) ;
#1064 = ORIENTED_EDGE ( 'NONE', *, *, #534, .F. ) ;
#1065 = ORIENTED_EDGE ( 'NONE', *, *, #1933, .T. ) ;
#1066 = CARTESIAN_POINT ( 'NONE',  ( 11.14004334816453401, -1.154342185340587523, -45.00000000000000000 ) ) ;
#1067 = EDGE_CURVE ( 'NONE', #2989, #462, #3141, .T. ) ;
#1068 = PRODUCT_CONTEXT ( 'NONE', #1426, 'mechanical' ) ;
#1069 = DIRECTION ( 'NONE',  ( 1.000000000000000000, 0.000000000000000000, -0.000000000000000000 ) ) ;
#1070 = CARTESIAN_POINT ( 'NONE',  ( 0.000000000000000000, 0.000000000000000000, 36.60000000000000142 ) ) ;
#1071 = CARTESIAN_POINT ( 'NONE',  ( 4.299999999999999822, 0.000000000000000000, 36.60000000000000142 ) ) ;
#1072 = ORIENTED_EDGE ( 'NONE', *, *, #815, .F. ) ;
#1073 = DIRECTION ( 'NONE',  ( 1.000000000000000000, 0.000000000000000000, 0.000000000000000000 ) ) ;
#1074 = CIRCLE ( 'NONE', #3454, 1.000000000000000888 ) ;
#1075 = ORIENTED_EDGE ( 'NONE', *, *, #1176, .T. ) ;
#1076 = VECTOR ( 'NONE', #2635, 1000.000000000000000 ) ;
#1077 = EDGE_CURVE ( 'NONE', #850, #2306, #2271, .T. ) ;
#1078 = DIRECTION ( 'NONE',  ( -0.7071067811865439090, 0.000000000000000000, -0.7071067811865512365 ) ) ;
#1079 = DIRECTION ( 'NONE',  ( -0.000000000000000000, -0.000000000000000000, -1.000000000000000000 ) ) ;
#1080 = CIRCLE ( 'NONE', #1204, 0.6499999999999991340 ) ;
#1081 = VERTEX_POINT ( 'NONE', #3182 ) ;
#1082 = ADVANCED_FACE ( 'NONE', ( #180 ), #1996, .T. ) ;
#1083 = CARTESIAN_POINT ( 'NONE',  ( 7.200000000000000178, 0.000000000000000000, 36.60000000000000142 ) ) ;
#1084 = EDGE_CURVE ( 'NONE', #1281, #64, #2035, .T. ) ;
#1085 = DIRECTION ( 'NONE',  ( 1.000000000000000000, 0.000000000000000000, 0.000000000000000000 ) ) ;
#1086 = DIRECTION ( 'NONE',  ( -0.000000000000000000, -0.000000000000000000, -1.000000000000000000 ) ) ;
#1087 = EDGE_LOOP ( 'NONE', ( #775, #3769, #1909, #2158 ) ) ;
#1088 = ORIENTED_EDGE ( 'NONE', *, *, #954, .T. ) ;
#1089 = DIRECTION ( 'NONE',  ( 0.000000000000000000, 0.000000000000000000, 1.000000000000000000 ) ) ;
#1090 = LINE ( 'NONE', #2936, #2081 ) ;
#1091 = CARTESIAN_POINT ( 'NONE',  ( 0.000000000000000000, 0.000000000000000000, -40.99999999999999289 ) ) ;
#1092 = EDGE_CURVE ( 'NONE', #639, #3711, #2894, .T. ) ;
#1093 = FACE_OUTER_BOUND ( 'NONE', #1087, .T. ) ;
#1094 = VERTEX_POINT ( 'NONE', #2330 ) ;
#1095 = VECTOR ( 'NONE', #3484, 1000.000000000000000 ) ;
#1096 = CARTESIAN_POINT ( 'NONE',  ( -3.700000000000000178, 0.000000000000000000, -40.99999999999999289 ) ) ;
#1097 = ORIENTED_EDGE ( 'NONE', *, *, #309, .T. ) ;
#1098 = FACE_OUTER_BOUND ( 'NONE', #2208, .T. ) ;
#1099 = CARTESIAN_POINT ( 'NONE',  ( 9.000000000000000000, 1.102182119232617714E-15, 36.60000000000000142 ) ) ;
#1100 = ORIENTED_EDGE ( 'NONE', *, *, #2624, .T. ) ;
#1101 = DIRECTION ( 'NONE',  ( -1.000000000000000000, 0.000000000000000000, 0.000000000000000000 ) ) ;
#1102 = CARTESIAN_POINT ( 'NONE',  ( -1.500000000000000000, -11.00000000000000000, 36.60000000000000142 ) ) ;
#1103 = CARTESIAN_POINT ( 'NONE',  ( 4.000000000000000000, 3.290000000000001368, 38.60000000000000142 ) ) ;
#1104 = ORIENTED_EDGE ( 'NONE', *, *, #427, .F. ) ;
#1105 = CARTESIAN_POINT ( 'NONE',  ( 10.00000000000000000, -2.499999999999999112, -39.00000000000000000 ) ) ;
#1106 = VECTOR ( 'NONE', #3122, 1000.000000000000000 ) ;
#1107 = DIRECTION ( 'NONE',  ( 0.000000000000000000, 0.000000000000000000, 1.000000000000000000 ) ) ;
#1108 = DIRECTION ( 'NONE',  ( 1.000000000000000000, 0.000000000000000000, 0.000000000000000000 ) ) ;
#1109 = CARTESIAN_POINT ( 'NONE',  ( 9.140043348164534009, -0.4406105763984632384, -42.69093140040179435 ) ) ;
#1110 = EDGE_CURVE ( 'NONE', #2171, #914, #2982, .T. ) ;
#1111 = FACE_OUTER_BOUND ( 'NONE', #1986, .T. ) ;
#1112 = VERTEX_POINT ( 'NONE', #515 ) ;
#1113 = AXIS2_PLACEMENT_3D ( 'NONE', #2142, #1232, #1862 ) ;
#1114 = CARTESIAN_POINT ( 'NONE',  ( 5.799999999999999822, 0.000000000000000000, 36.60000000000000142 ) ) ;
#1115 = ORIENTED_EDGE ( 'NONE', *, *, #1375, .T. ) ;
#1116 = VECTOR ( 'NONE', #422, 1000.000000000000000 ) ;
#1117 = DIRECTION ( 'NONE',  ( 1.000000000000000000, 2.168404344971010594E-16, 0.000000000000000000 ) ) ;
#1118 = CARTESIAN_POINT ( 'NONE',  ( -0.6999999999999992895, 5.004870093650514384, 38.60000000000000142 ) ) ;
#1119 = CARTESIAN_POINT ( 'NONE',  ( -1.529999999999999805, 11.00000000000000000, 36.60000000000000142 ) ) ;
#1120 = CIRCLE ( 'NONE', #1630, 7.200000000000000178 ) ;
#1121 = EDGE_LOOP ( 'NONE', ( #3334, #1339, #1879, #3211, #3232, #3744, #1377, #79, #2570, #1724, #2198, #981 ) ) ;
#1122 = LINE ( 'NONE', #806, #1013 ) ;
#1123 = AXIS2_PLACEMENT_3D ( 'NONE', #3399, #1260, #70 ) ;
#1124 = DIRECTION ( 'NONE',  ( -0.000000000000000000, -0.000000000000000000, 1.000000000000000000 ) ) ;
#1125 = EDGE_CURVE ( 'NONE', #2048, #2286, #174, .T. ) ;
#1126 = DIRECTION ( 'NONE',  ( -1.000000000000000000, 0.000000000000000000, 0.000000000000000000 ) ) ;
#1127 = CIRCLE ( 'NONE', #3119, 0.1999999999999996503 ) ;
#1128 = ADVANCED_FACE ( 'NONE', ( #158 ), #3263, .F. ) ;
#1129 = ADVANCED_FACE ( 'NONE', ( #3567 ), #3509, .T. ) ;
#1130 = DIRECTION ( 'NONE',  ( 0.000000000000000000, 0.000000000000000000, 1.000000000000000000 ) ) ;
#1131 = ORIENTED_EDGE ( 'NONE', *, *, #1791, .T. ) ;
#1132 = DIRECTION ( 'NONE',  ( -1.000000000000000000, 0.000000000000000000, 0.000000000000000000 ) ) ;
#1133 = CARTESIAN_POINT ( 'NONE',  ( 0.000000000000000000, 0.000000000000000000, 38.60000000000000142 ) ) ;
#1134 = EDGE_CURVE ( 'NONE', #3109, #2528, #2274, .T. ) ;
#1135 = ORIENTED_EDGE ( 'NONE', *, *, #1419, .T. ) ;
#1136 = AXIS2_PLACEMENT_3D ( 'NONE', #1150, #832, #3609 ) ;
#1137 = CARTESIAN_POINT ( 'NONE',  ( -2.996493784408704286, 0.1450000000000091216, 39.10000000000000142 ) ) ;
#1138 = CARTESIAN_POINT ( 'NONE',  ( 0.000000000000000000, 0.000000000000000000, 39.60000000000000142 ) ) ;
#1139 = CIRCLE ( 'NONE', #2105, 4.099999999999999645 ) ;
#1140 =( NAMED_UNIT ( * ) SI_UNIT ( $, .STERADIAN. ) SOLID_ANGLE_UNIT ( ) );
#1141 = VECTOR ( 'NONE', #3445, 1000.000000000000000 ) ;
#1142 = ORIENTED_EDGE ( 'NONE', *, *, #592, .T. ) ;
#1143 = ORIENTED_EDGE ( 'NONE', *, *, #1187, .T. ) ;
#1144 = DIRECTION ( 'NONE',  ( 0.000000000000000000, 0.000000000000000000, 1.000000000000000000 ) ) ;
#1145 = FACE_OUTER_BOUND ( 'NONE', #1258, .T. ) ;
#1146 = DIRECTION ( 'NONE',  ( 1.000000000000000000, 0.000000000000000000, 0.000000000000000000 ) ) ;
#1147 = CARTESIAN_POINT ( 'NONE',  ( -0.6200000000000001066, 0.000000000000000000, -43.50000000000000000 ) ) ;
#1148 = CIRCLE ( 'NONE', #399, 4.299999999999999822 ) ;
#1149 = ORIENTED_EDGE ( 'NONE', *, *, #189, .T. ) ;
#1150 = CARTESIAN_POINT ( 'NONE',  ( 0.000000000000000000, 0.000000000000000000, 38.60000000000000142 ) ) ;
#1151 = DIRECTION ( 'NONE',  ( 0.000000000000000000, 0.000000000000000000, 1.000000000000000000 ) ) ;
#1152 = EDGE_LOOP ( 'NONE', ( #1334, #1448, #220, #3491, #1032, #1309, #342, #3352, #3493, #2014, #1803, #1856, #1157, #843, #934, #223 ) ) ;
#1153 = EDGE_LOOP ( 'NONE', ( #3848, #576 ) ) ;
#1154 = DIRECTION ( 'NONE',  ( 1.000000000000000000, 0.000000000000000000, 0.000000000000000000 ) ) ;
#1155 = CARTESIAN_POINT ( 'NONE',  ( 11.14004334816453401, 1.154342185340587523, -45.00000000000000000 ) ) ;
#1156 = ORIENTED_EDGE ( 'NONE', *, *, #3221, .F. ) ;
#1157 = ORIENTED_EDGE ( 'NONE', *, *, #3778, .F. ) ;
#1158 = DIRECTION ( 'NONE',  ( 0.000000000000000000, 0.000000000000000000, 1.000000000000000000 ) ) ;
#1159 = DIRECTION ( 'NONE',  ( -0.000000000000000000, -0.000000000000000000, 1.000000000000000000 ) ) ;
#1160 = DIRECTION ( 'NONE',  ( 0.000000000000000000, 0.000000000000000000, 1.000000000000000000 ) ) ;
#1161 = VECTOR ( 'NONE', #1294, 1000.000000000000000 ) ;
#1162 = ADVANCED_FACE ( 'NONE', ( #1093 ), #1674, .T. ) ;
#1163 = CARTESIAN_POINT ( 'NONE',  ( -0.6999999999999992895, 3.207190429162964040, 39.60000000000000142 ) ) ;
#1164 = AXIS2_PLACEMENT_3D ( 'NONE', #2261, #149, #2907 ) ;
#1165 = DIRECTION ( 'NONE',  ( 1.000000000000000000, 0.000000000000000000, 0.000000000000000000 ) ) ;
#1166 = DIRECTION ( 'NONE',  ( 0.000000000000000000, 0.000000000000000000, -1.000000000000000000 ) ) ;
#1167 = ORIENTED_EDGE ( 'NONE', *, *, #209, .T. ) ;
#1168 = CARTESIAN_POINT ( 'NONE',  ( 0.000000000000000000, 0.000000000000000000, 36.60000000000000142 ) ) ;
#1169 = CARTESIAN_POINT ( 'NONE',  ( 3.028625666181365972, 3.052445998563688701, 38.60000000000000142 ) ) ;
#1170 = ORIENTED_EDGE ( 'NONE', *, *, #1370, .F. ) ;
#1171 = EDGE_LOOP ( 'NONE', ( #738, #2671, #2820, #3773 ) ) ;
#1172 = VECTOR ( 'NONE', #2077, 1000.000000000000000 ) ;
#1173 = FACE_OUTER_BOUND ( 'NONE', #2944, .T. ) ;
#1174 = EDGE_CURVE ( 'NONE', #212, #1989, #3829, .T. ) ;
#1175 = DIRECTION ( 'NONE',  ( 0.000000000000000000, 0.000000000000000000, 1.000000000000000000 ) ) ;
#1176 = EDGE_CURVE ( 'NONE', #1817, #2537, #770, .T. ) ;
#1177 = EDGE_CURVE ( 'NONE', #3833, #2623, #2116, .T. ) ;
#1178 = DIRECTION ( 'NONE',  ( 0.7071067811865439090, 8.659560562354888485E-17, -0.7071067811865512365 ) ) ;
#1179 = ORIENTED_EDGE ( 'NONE', *, *, #815, .T. ) ;
#1180 = ORIENTED_EDGE ( 'NONE', *, *, #501, .T. ) ;
#1181 = CIRCLE ( 'NONE', #1113, 5.799999999999999822 ) ;
#1182 = CARTESIAN_POINT ( 'NONE',  ( 11.00000000000000000, 0.000000000000000000, 36.60000000000000142 ) ) ;
#1183 = CARTESIAN_POINT ( 'NONE',  ( 1.749999999999999778, 3.886873642484539371, 39.60000000000000142 ) ) ;
#1184 = CIRCLE ( 'NONE', #1952, 13.84999999999999964 ) ;
#1185 = VECTOR ( 'NONE', #884, 1000.000000000000000 ) ;
#1186 = CARTESIAN_POINT ( 'NONE',  ( -9.140043348164534009, 0.06295420987255921641, -42.18736661413077371 ) ) ;
#1187 = EDGE_CURVE ( 'NONE', #3841, #478, #1797, .T. ) ;
#1188 = LINE ( 'NONE', #1163, #642 ) ;
#1189 = AXIS2_PLACEMENT_3D ( 'NONE', #1998, #3227, #813 ) ;
#1190 = DIRECTION ( 'NONE',  ( -1.000000000000000000, 0.000000000000000000, 0.000000000000000000 ) ) ;
#1191 = CARTESIAN_POINT ( 'NONE',  ( -10.00000000000000000, 2.500000000000000888, -37.00000000000000000 ) ) ;
#1192 = ORIENTED_EDGE ( 'NONE', *, *, #2917, .F. ) ;
#1193 = CYLINDRICAL_SURFACE ( 'NONE', #162, 0.6499999999999991340 ) ;
#1194 = ORIENTED_EDGE ( 'NONE', *, *, #1209, .T. ) ;
#1195 = ADVANCED_FACE ( 'NONE', ( #1716 ), #3721, .T. ) ;
#1196 = ORIENTED_EDGE ( 'NONE', *, *, #2251, .T. ) ;
#1197 = DIRECTION ( 'NONE',  ( 0.000000000000000000, 0.000000000000000000, 1.000000000000000000 ) ) ;
#1198 = CARTESIAN_POINT ( 'NONE',  ( 0.000000000000000000, 0.000000000000000000, -1.000000000000000888 ) ) ;
#1199 = AXIS2_PLACEMENT_3D ( 'NONE', #157, #3566, #1126 ) ;
#1200 = ORIENTED_EDGE ( 'NONE', *, *, #1492, .T. ) ;
#1201 = EDGE_LOOP ( 'NONE', ( #2844, #3687 ) ) ;
#1202 = ADVANCED_FACE ( 'NONE', ( #2617 ), #200, .F. ) ;
#1203 = CARTESIAN_POINT ( 'NONE',  ( 9.140043348164534009, 0.5665189961435816990, -44.13978446967280433 ) ) ;
#1204 = AXIS2_PLACEMENT_3D ( 'NONE', #3382, #335, #627 ) ;
#1205 = CIRCLE ( 'NONE', #3325, 4.099999999999999645 ) ;
#1206 = DIRECTION ( 'NONE',  ( -0.000000000000000000, -0.000000000000000000, 1.000000000000000000 ) ) ;
#1207 = LINE ( 'NONE', #607, #758 ) ;
#1208 = CARTESIAN_POINT ( 'NONE',  ( 0.000000000000000000, 0.000000000000000000, 38.60000000000000142 ) ) ;
#1209 = EDGE_CURVE ( 'NONE', #1586, #744, #729, .T. ) ;
#1210 = CARTESIAN_POINT ( 'NONE',  ( -12.99999999999999822, 1.653273178848926669E-15, 0.000000000000000000 ) ) ;
#1211 = FACE_OUTER_BOUND ( 'NONE', #2303, .T. ) ;
#1212 = ORIENTED_EDGE ( 'NONE', *, *, #1059, .F. ) ;
#1213 = DIRECTION ( 'NONE',  ( -0.000000000000000000, -0.000000000000000000, 1.000000000000000000 ) ) ;
#1214 = ORIENTED_EDGE ( 'NONE', *, *, #3285, .F. ) ;
#1215 = ORIENTED_EDGE ( 'NONE', *, *, #583, .T. ) ;
#1216 = CARTESIAN_POINT ( 'NONE',  ( 0.000000000000000000, 0.000000000000000000, 0.000000000000000000 ) ) ;
#1217 = CARTESIAN_POINT ( 'NONE',  ( -11.14004334816453401, 0.06295420987255921641, -42.18736661413077371 ) ) ;
#1218 = EDGE_CURVE ( 'NONE', #3874, #3593, #2956, .T. ) ;
#1219 = ORIENTED_EDGE ( 'NONE', *, *, #1601, .F. ) ;
#1220 = ORIENTED_EDGE ( 'NONE', *, *, #3166, .F. ) ;
#1221 = DIRECTION ( 'NONE',  ( -1.000000000000000000, 0.000000000000000000, 0.000000000000000000 ) ) ;
#1222 = DIRECTION ( 'NONE',  ( 0.000000000000000000, -1.000000000000000000, 0.000000000000000000 ) ) ;
#1223 = CARTESIAN_POINT ( 'NONE',  ( 3.799160207441555581, 1.541551724137933066, 38.60000000000000142 ) ) ;
#1224 = CARTESIAN_POINT ( 'NONE',  ( 0.000000000000000000, 0.000000000000000000, 38.60000000000000142 ) ) ;
#1225 = DIRECTION ( 'NONE',  ( 1.000000000000000000, 0.000000000000000000, 0.000000000000000000 ) ) ;
#1226 = ADVANCED_FACE ( 'NONE', ( #273 ), #45, .T. ) ;
#1227 = CIRCLE ( 'NONE', #3288, 9.000000000000000000 ) ;
#1228 = VERTEX_POINT ( 'NONE', #3300 ) ;
#1229 = DIRECTION ( 'NONE',  ( -1.000000000000000000, 3.469446951953614189E-16, 0.000000000000000000 ) ) ;
#1230 = FACE_OUTER_BOUND ( 'NONE', #1171, .T. ) ;
#1231 = ORIENTED_EDGE ( 'NONE', *, *, #2333, .T. ) ;
#1232 = DIRECTION ( 'NONE',  ( 0.000000000000000000, 0.000000000000000000, 1.000000000000000000 ) ) ;
#1233 = ORIENTED_EDGE ( 'NONE', *, *, #125, .T. ) ;
#1234 = ORIENTED_EDGE ( 'NONE', *, *, #1077, .F. ) ;
#1235 = LINE ( 'NONE', #2467, #1161 ) ;
#1236 = CARTESIAN_POINT ( 'NONE',  ( 3.000000000000000444, 3.673940397442060361E-16, 39.60000000000000142 ) ) ;
#1237 = DIRECTION ( 'NONE',  ( -1.000000000000000000, 0.000000000000000000, 0.000000000000000000 ) ) ;
#1238 = CIRCLE ( 'NONE', #1501, 0.6499999999999991340 ) ;
#1239 = DIRECTION ( 'NONE',  ( -0.000000000000000000, -0.000000000000000000, -1.000000000000000000 ) ) ;
#1240 = ADVANCED_FACE ( 'NONE', ( #1811 ), #3021, .F. ) ;
#1241 = CIRCLE ( 'NONE', #487, 12.84999999999999964 ) ;
#1242 = AXIS2_PLACEMENT_3D ( 'NONE', #1625, #1387, #3219 ) ;
#1243 = AXIS2_PLACEMENT_3D ( 'NONE', #2556, #1345, #1389 ) ;
#1244 = DIRECTION ( 'NONE',  ( -1.000000000000000000, 0.000000000000000000, 0.000000000000000000 ) ) ;
#1245 = DIRECTION ( 'NONE',  ( 1.000000000000000000, 0.000000000000000000, 0.000000000000000000 ) ) ;
#1246 = AXIS2_PLACEMENT_3D ( 'NONE', #1138, #3336, #1762 ) ;
#1247 = EDGE_CURVE ( 'NONE', #3014, #2880, #1340, .T. ) ;
#1248 = ORIENTED_EDGE ( 'NONE', *, *, #19, .F. ) ;
#1249 = EDGE_CURVE ( 'NONE', #2623, #699, #1188, .T. ) ;
#1250 = CIRCLE ( 'NONE', #2988, 1.120000000000000107 ) ;
#1251 = CARTESIAN_POINT ( 'NONE',  ( 3.000000000000000000, 3.290000000000001368, 38.60000000000000142 ) ) ;
#1252 = EDGE_CURVE ( 'NONE', #3472, #3291, #1470, .T. ) ;
#1253 = ORIENTED_EDGE ( 'NONE', *, *, #1841, .F. ) ;
#1254 = ORIENTED_EDGE ( 'NONE', *, *, #1733, .T. ) ;
#1255 = DIRECTION ( 'NONE',  ( 0.000000000000000000, 0.000000000000000000, 1.000000000000000000 ) ) ;
#1256 = ADVANCED_FACE ( 'NONE', ( #2450 ), #2151, .T. ) ;
#1257 = EDGE_LOOP ( 'NONE', ( #2421, #3026, #227, #161 ) ) ;
#1258 = EDGE_LOOP ( 'NONE', ( #2008, #2376, #1677, #1167 ) ) ;
#1259 = CARTESIAN_POINT ( 'NONE',  ( 9.140043348164534009, 0.06295420987255921641, -44.64334925594382497 ) ) ;
#1260 = DIRECTION ( 'NONE',  ( 0.000000000000000000, 0.000000000000000000, 1.000000000000000000 ) ) ;
#1261 = CARTESIAN_POINT ( 'NONE',  ( 13.84999999999999964, 0.000000000000000000, -1.000000000000000888 ) ) ;
#1262 = CIRCLE ( 'NONE', #3524, 1.500000000000001332 ) ;
#1263 = DIRECTION ( 'NONE',  ( 1.000000000000000000, 0.000000000000000000, 0.000000000000000000 ) ) ;
#1264 = VECTOR ( 'NONE', #1386, 1000.000000000000000 ) ;
#1265 = CYLINDRICAL_SURFACE ( 'NONE', #3356, 9.000000000000000000 ) ;
#1266 = CYLINDRICAL_SURFACE ( 'NONE', #3129, 3.999999999999999112 ) ;
#1267 = AXIS2_PLACEMENT_3D ( 'NONE', #2166, #3118, #3441 ) ;
#1268 = DIRECTION ( 'NONE',  ( -1.000000000000000000, 0.000000000000000000, 0.000000000000000000 ) ) ;
#1269 = EDGE_LOOP ( 'NONE', ( #2633, #1788 ) ) ;
#1270 = DIRECTION ( 'NONE',  ( 1.000000000000000000, -2.168404344971008868E-16, 0.000000000000000000 ) ) ;
#1271 = ORIENTED_EDGE ( 'NONE', *, *, #3218, .T. ) ;
#1272 = EDGE_LOOP ( 'NONE', ( #536, #1433, #2602, #2106 ) ) ;
#1273 = PLANE ( 'NONE',  #3565 ) ;
#1274 = ORIENTED_EDGE ( 'NONE', *, *, #3385, .T. ) ;
#1275 = EDGE_LOOP ( 'NONE', ( #2138, #2992, #3728, #87 ) ) ;
#1276 = DIRECTION ( 'NONE',  ( -0.000000000000000000, 0.000000000000000000, -1.000000000000000000 ) ) ;
#1277 = AXIS2_PLACEMENT_3D ( 'NONE', #54, #1885, #1646 ) ;
#1278 = CARTESIAN_POINT ( 'NONE',  ( 0.000000000000000000, 11.00000000000000000, 24.60000000000000142 ) ) ;
#1279 = DIRECTION ( 'NONE',  ( -0.000000000000000000, -0.000000000000000000, 1.000000000000000000 ) ) ;
#1280 = CARTESIAN_POINT ( 'NONE',  ( -11.00000000000000000, 0.000000000000000000, 24.60000000000000142 ) ) ;
#1281 = VERTEX_POINT ( 'NONE', #2997 ) ;
#1282 = DIRECTION ( 'NONE',  ( 1.000000000000000000, 0.000000000000000000, 0.000000000000000000 ) ) ;
#1283 = CARTESIAN_POINT ( 'NONE',  ( 11.14004334816453401, -0.4406105763984632384, -42.69093140040179435 ) ) ;
#1284 = DIRECTION ( 'NONE',  ( -1.000000000000000000, 0.000000000000000000, -0.000000000000000000 ) ) ;
#1285 = CARTESIAN_POINT ( 'NONE',  ( 0.000000000000000000, 0.000000000000000000, 36.60000000000000142 ) ) ;
#1286 = ORIENTED_EDGE ( 'NONE', *, *, #3214, .T. ) ;
#1287 = AXIS2_PLACEMENT_3D ( 'NONE', #3731, #977, #89 ) ;
#1288 = CARTESIAN_POINT ( 'NONE',  ( -13.84999999999999964, 1.696135816819084011E-15, -1.000000000000000888 ) ) ;
#1289 = ORIENTED_EDGE ( 'NONE', *, *, #829, .F. ) ;
#1290 = AXIS2_PLACEMENT_3D ( 'NONE', #3719, #2492, #2875 ) ;
#1291 = LINE ( 'NONE', #1554, #357 ) ;
#1292 = ORIENTED_EDGE ( 'NONE', *, *, #1382, .T. ) ;
#1293 = ORIENTED_EDGE ( 'NONE', *, *, #2386, .T. ) ;
#1294 = DIRECTION ( 'NONE',  ( -0.000000000000000000, -0.000000000000000000, 1.000000000000000000 ) ) ;
#1295 = ADVANCED_FACE ( 'NONE', ( #906 ), #1793, .F. ) ;
#1296 = LINE ( 'NONE', #720, #2148 ) ;
#1297 = EDGE_CURVE ( 'NONE', #2174, #1835, #772, .T. ) ;
#1298 = DIRECTION ( 'NONE',  ( -0.000000000000000000, -0.000000000000000000, 1.000000000000000000 ) ) ;
#1299 = FACE_OUTER_BOUND ( 'NONE', #2003, .T. ) ;
#1300 = ORIENTED_EDGE ( 'NONE', *, *, #1365, .T. ) ;
#1301 = DIRECTION ( 'NONE',  ( -0.000000000000000000, -0.000000000000000000, -1.000000000000000000 ) ) ;
#1302 = DIRECTION ( 'NONE',  ( -1.000000000000000000, 0.000000000000000000, 0.000000000000000000 ) ) ;
#1303 = CARTESIAN_POINT ( 'NONE',  ( 10.85995665183546421, 0.5665189961435816990, -42.69093140040179435 ) ) ;
#1304 = ADVANCED_FACE ( 'NONE', ( #2432 ), #21, .F. ) ;
#1305 = CARTESIAN_POINT ( 'NONE',  ( 2.996493784408704730, 0.1450000000000092049, 38.60000000000000142 ) ) ;
#1306 = ORIENTED_EDGE ( 'NONE', *, *, #3760, .F. ) ;
#1307 = CARTESIAN_POINT ( 'NONE',  ( 1.500000000000000000, -11.00000000000000000, 36.60000000000000142 ) ) ;
#1308 = AXIS2_PLACEMENT_3D ( 'NONE', #967, #2534, #1268 ) ;
#1309 = ORIENTED_EDGE ( 'NONE', *, *, #3742, .F. ) ;
#1310 = CIRCLE ( 'NONE', #3887, 14.00000000000000000 ) ;
#1311 = AXIS2_PLACEMENT_3D ( 'NONE', #588, #3625, #572 ) ;
#1312 = CARTESIAN_POINT ( 'NONE',  ( 0.000000000000000000, 11.00000000000000000, 24.60000000000000142 ) ) ;
#1313 = ORIENTED_EDGE ( 'NONE', *, *, #2038, .T. ) ;
#1314 = EDGE_CURVE ( 'NONE', #651, #1656, #3539, .T. ) ;
#1315 = CARTESIAN_POINT ( 'NONE',  ( -2.999999999999999112, 4.031657386773941809, 39.60000000000000142 ) ) ;
#1316 = DIRECTION ( 'NONE',  ( -0.000000000000000000, -0.000000000000000000, -1.000000000000000000 ) ) ;
#1317 = EDGE_LOOP ( 'NONE', ( #1253, #2928 ) ) ;
#1318 = CARTESIAN_POINT ( 'NONE',  ( -10.85995665183546421, -1.154342185340587523, -45.00000000000000000 ) ) ;
#1319 = EDGE_CURVE ( 'NONE', #3185, #3711, #1148, .T. ) ;
#1320 = ORIENTED_EDGE ( 'NONE', *, *, #2455, .F. ) ;
#1321 = EDGE_LOOP ( 'NONE', ( #3473, #1924, #2686, #1534 ) ) ;
#1322 = CARTESIAN_POINT ( 'NONE',  ( 2.499999999999999556, 4.031657386773941809, 38.60000000000000142 ) ) ;
#1323 = DIRECTION ( 'NONE',  ( 1.000000000000000000, 0.000000000000000000, 0.000000000000000000 ) ) ;
#1324 = FACE_OUTER_BOUND ( 'NONE', #895, .T. ) ;
#1325 = CARTESIAN_POINT ( 'NONE',  ( 9.140043348164534009, 0.06295420987255921641, -44.13978446967280433 ) ) ;
#1326 = CIRCLE ( 'NONE', #3585, 1.000000000000000888 ) ;
#1327 = ORIENTED_EDGE ( 'NONE', *, *, #2527, .T. ) ;
#1328 = EDGE_LOOP ( 'NONE', ( #459, #598, #3927, #3152 ) ) ;
#1329 = CIRCLE ( 'NONE', #1460, 5.599999999999999645 ) ;
#1330 = AXIS2_PLACEMENT_3D ( 'NONE', #826, #2267, #746 ) ;
#1331 = DIRECTION ( 'NONE',  ( -1.000000000000000000, -0.000000000000000000, -0.000000000000000000 ) ) ;
#1332 = EDGE_LOOP ( 'NONE', ( #3066, #2526, #3794, #1072 ) ) ;
#1333 = DIRECTION ( 'NONE',  ( -1.169491133582922012E-15, 1.000000000000000000, -0.000000000000000000 ) ) ;
#1334 = ORIENTED_EDGE ( 'NONE', *, *, #3789, .F. ) ;
#1335 = CARTESIAN_POINT ( 'NONE',  ( 0.000000000000000000, 0.2900000000000003131, 39.60000000000000142 ) ) ;
#1336 = ADVANCED_FACE ( 'NONE', ( #629 ), #2129, .T. ) ;
#1337 = LINE ( 'NONE', #447, #679 ) ;
#1338 = LINE ( 'NONE', #2795, #3652 ) ;
#1339 = ORIENTED_EDGE ( 'NONE', *, *, #3570, .T. ) ;
#1340 = CIRCLE ( 'NONE', #2756, 0.4999999999999995559 ) ;
#1341 = EDGE_LOOP ( 'NONE', ( #3425, #3714, #1838, #2851 ) ) ;
#1342 = CYLINDRICAL_SURFACE ( 'NONE', #3649, 4.700000000000000178 ) ;
#1343 = CARTESIAN_POINT ( 'NONE',  ( 11.00000000000000000, 0.000000000000000000, 24.60000000000000142 ) ) ;
#1344 = DIRECTION ( 'NONE',  ( 0.000000000000000000, 0.000000000000000000, 1.000000000000000000 ) ) ;
#1345 = DIRECTION ( 'NONE',  ( -0.000000000000000000, -0.000000000000000000, 1.000000000000000000 ) ) ;
#1346 = ORIENTED_EDGE ( 'NONE', *, *, #950, .F. ) ;
#1347 = EDGE_CURVE ( 'NONE', #2779, #1835, #318, .T. ) ;
#1348 = DIRECTION ( 'NONE',  ( 0.000000000000000000, 0.000000000000000000, -1.000000000000000000 ) ) ;
#1349 = ORIENTED_EDGE ( 'NONE', *, *, #3025, .F. ) ;
#1350 = DIRECTION ( 'NONE',  ( -0.000000000000000000, -0.000000000000000000, -1.000000000000000000 ) ) ;
#1351 = PLANE ( 'NONE',  #1504 ) ;
#1352 = EDGE_CURVE ( 'NONE', #2286, #2048, #272, .T. ) ;
#1353 = ORIENTED_EDGE ( 'NONE', *, *, #3812, .F. ) ;
#1354 = AXIS2_PLACEMENT_3D ( 'NONE', #3038, #2364, #3077 ) ;
#1355 = LINE ( 'NONE', #1399, #3925 ) ;
#1356 = FACE_OUTER_BOUND ( 'NONE', #2832, .T. ) ;
#1357 = DIRECTION ( 'NONE',  ( 0.000000000000000000, 0.000000000000000000, 1.000000000000000000 ) ) ;
#1358 = ORIENTED_EDGE ( 'NONE', *, *, #3940, .F. ) ;
#1359 = EDGE_CURVE ( 'NONE', #3806, #283, #3623, .T. ) ;
#1360 = VERTEX_POINT ( 'NONE', #2696 ) ;
#1361 = CARTESIAN_POINT ( 'NONE',  ( 0.000000000000000000, 0.000000000000000000, 38.60000000000000142 ) ) ;
#1362 = DIRECTION ( 'NONE',  ( -1.000000000000000000, 0.000000000000000000, 0.000000000000000000 ) ) ;
#1363 = CARTESIAN_POINT ( 'NONE',  ( -4.000000000000000000, 3.290000000000001368, 38.60000000000000142 ) ) ;
#1364 = DIRECTION ( 'NONE',  ( 0.000000000000000000, -0.000000000000000000, 1.000000000000000000 ) ) ;
#1365 = EDGE_CURVE ( 'NONE', #187, #659, #3020, .T. ) ;
#1366 = ORIENTED_EDGE ( 'NONE', *, *, #2675, .T. ) ;
#1367 = ADVANCED_FACE ( 'NONE', ( #3921, #2094, #3323, #3739, #2229, #2186 ), #1948, .T. ) ;
#1368 = CARTESIAN_POINT ( 'NONE',  ( -7.200000000000000178, 8.817456953860942303E-16, 36.60000000000000142 ) ) ;
#1369 = AXIS2_PLACEMENT_3D ( 'NONE', #500, #204, #1683 ) ;
#1370 = EDGE_CURVE ( 'NONE', #3203, #678, #3402, .T. ) ;
#1371 = ORIENTED_EDGE ( 'NONE', *, *, #3396, .T. ) ;
#1372 = AXIS2_PLACEMENT_3D ( 'NONE', #980, #1490, #2716 ) ;
#1373 = AXIS2_PLACEMENT_3D ( 'NONE', #1405, #3564, #156 ) ;
#1374 = CARTESIAN_POINT ( 'NONE',  ( 10.85995665183546421, -0.4406105763984631829, -45.00000000000000000 ) ) ;
#1375 = EDGE_CURVE ( 'NONE', #3911, #1590, #982, .T. ) ;
#1376 = DIRECTION ( 'NONE',  ( 1.000000000000000000, 0.000000000000000000, 0.000000000000000000 ) ) ;
#1377 = ORIENTED_EDGE ( 'NONE', *, *, #3682, .F. ) ;
#1378 = CIRCLE ( 'NONE', #2276, 4.299999999999999822 ) ;
#1379 = CARTESIAN_POINT ( 'NONE',  ( 0.000000000000000000, 0.000000000000000000, 36.60000000000000142 ) ) ;
#1380 = AXIS2_PLACEMENT_3D ( 'NONE', #1449, #532, #297 ) ;
#1381 = CARTESIAN_POINT ( 'NONE',  ( 0.000000000000000000, 0.2900000000000003131, 39.60000000000000142 ) ) ;
#1382 = EDGE_CURVE ( 'NONE', #2919, #3351, #3853, .T. ) ;
#1383 = DIRECTION ( 'NONE',  ( 0.000000000000000000, -1.000000000000000000, 0.000000000000000000 ) ) ;
#1384 = VERTEX_POINT ( 'NONE', #2571 ) ;
#1385 = ORIENTED_EDGE ( 'NONE', *, *, #2684, .T. ) ;
#1386 = DIRECTION ( 'NONE',  ( -0.000000000000000000, -0.000000000000000000, 1.000000000000000000 ) ) ;
#1387 = DIRECTION ( 'NONE',  ( 0.000000000000000000, 0.000000000000000000, 1.000000000000000000 ) ) ;
#1388 = LINE ( 'NONE', #1735, #2101 ) ;
#1389 = DIRECTION ( 'NONE',  ( 1.000000000000000000, 0.000000000000000000, 0.000000000000000000 ) ) ;
#1390 = EDGE_LOOP ( 'NONE', ( #2861, #2098, #3501, #46, #963 ) ) ;
#1391 = CARTESIAN_POINT ( 'NONE',  ( -10.00000000000000000, -2.499999999999999112, -37.00000000000000000 ) ) ;
#1392 = AXIS2_PLACEMENT_3D ( 'NONE', #3220, #3827, #847 ) ;
#1393 = ORIENTED_EDGE ( 'NONE', *, *, #1892, .T. ) ;
#1394 = CONICAL_SURFACE ( 'NONE', #824, 14.00000000000000000, 0.7853981633974526089 ) ;
#1395 = CARTESIAN_POINT ( 'NONE',  ( 10.85995665183546421, 1.154342185340587523, -45.00000000000000000 ) ) ;
#1396 = DIRECTION ( 'NONE',  ( 1.000000000000000000, 0.000000000000000000, 0.000000000000000000 ) ) ;
#1397 = AXIS2_PLACEMENT_3D ( 'NONE', #1945, #1279, #1022 ) ;
#1398 = EDGE_LOOP ( 'NONE', ( #3897, #132 ) ) ;
#1399 = CARTESIAN_POINT ( 'NONE',  ( -10.00000000000000000, -2.499999999999999112, -39.00000000000000000 ) ) ;
#1400 = CARTESIAN_POINT ( 'NONE',  ( 0.000000000000000000, -11.00000000000000000, 36.60000000000000142 ) ) ;
#1401 = CARTESIAN_POINT ( 'NONE',  ( 11.14004334816453401, -1.154342185340587523, -39.00000000000000000 ) ) ;
#1402 = ADVANCED_FACE ( 'NONE', ( #374 ), #2796, .T. ) ;
#1403 = VERTEX_POINT ( 'NONE', #413 ) ;
#1404 = CARTESIAN_POINT ( 'NONE',  ( 11.14004334816453401, 1.154342185340587523, -45.00000000000000000 ) ) ;
#1405 = CARTESIAN_POINT ( 'NONE',  ( -12.00000000000000000, 2.500000000000000444, -39.00000000000000000 ) ) ;
#1406 = DIRECTION ( 'NONE',  ( -0.000000000000000000, -0.000000000000000000, 1.000000000000000000 ) ) ;
#1407 = CARTESIAN_POINT ( 'NONE',  ( 0.6999999999999992895, 5.004870093650514384, 38.60000000000000142 ) ) ;
#1408 = DIRECTION ( 'NONE',  ( -1.000000000000000000, 0.000000000000000000, 0.000000000000000000 ) ) ;
#1409 = ORIENTED_EDGE ( 'NONE', *, *, #2776, .T. ) ;
#1410 = SURFACE_STYLE_FILL_AREA ( #3082 ) ;
#1411 = CARTESIAN_POINT ( 'NONE',  ( 1.749999999999999778, 3.886873642484539371, 39.60000000000000142 ) ) ;
#1412 = ORIENTED_EDGE ( 'NONE', *, *, #1836, .F. ) ;
#1413 = CARTESIAN_POINT ( 'NONE',  ( -14.00000000000000000, 0.000000000000000000, 36.60000000000000142 ) ) ;
#1414 = CARTESIAN_POINT ( 'NONE',  ( -2.236067977499790693, 2.000000000000000000, 54.60000000000000142 ) ) ;
#1415 = CARTESIAN_POINT ( 'NONE',  ( -7.200000000000000178, 8.817456953860942303E-16, 38.60000000000000142 ) ) ;
#1416 = ADVANCED_FACE ( 'NONE', ( #3466 ), #2491, .F. ) ;
#1417 = MECHANICAL_DESIGN_GEOMETRIC_PRESENTATION_REPRESENTATION (  '', ( #3032 ), #3415 ) ;
#1418 = EDGE_LOOP ( 'NONE', ( #537, #3871, #263, #403 ) ) ;
#1419 = EDGE_CURVE ( 'NONE', #3836, #390, #3718, .T. ) ;
#1420 = EDGE_CURVE ( 'NONE', #226, #557, #2695, .T. ) ;
#1421 = CARTESIAN_POINT ( 'NONE',  ( 0.000000000000000000, 0.000000000000000000, -40.99999999999999289 ) ) ;
#1422 = EDGE_CURVE ( 'NONE', #634, #1621, #3139, .T. ) ;
#1423 = VECTOR ( 'NONE', #2380, 1000.000000000000000 ) ;
#1424 = CARTESIAN_POINT ( 'NONE',  ( -11.99999999999999822, -2.499999999999999556, -37.00000000000000000 ) ) ;
#1425 = CARTESIAN_POINT ( 'NONE',  ( 0.9374999999999993339, 5.201323014219285668, 38.60000000000000142 ) ) ;
#1426 = APPLICATION_CONTEXT ( 'automotive_design' ) ;
#1427 = EDGE_CURVE ( 'NONE', #443, #522, #2209, .T. ) ;
#1428 = DIRECTION ( 'NONE',  ( -1.000000000000000000, 0.000000000000000000, 0.000000000000000000 ) ) ;
#1429 = ORIENTED_EDGE ( 'NONE', *, *, #256, .F. ) ;
#1430 = DIRECTION ( 'NONE',  ( 1.000000000000000000, 0.000000000000000000, -0.000000000000000000 ) ) ;
#1431 = AXIS2_PLACEMENT_3D ( 'NONE', #681, #85, #1616 ) ;
#1432 = CARTESIAN_POINT ( 'NONE',  ( 0.000000000000000000, 0.000000000000000000, -38.00000000000000000 ) ) ;
#1433 = ORIENTED_EDGE ( 'NONE', *, *, #1359, .T. ) ;
#1434 = CIRCLE ( 'NONE', #3689, 3.000000000000000444 ) ;
#1435 = AXIS2_PLACEMENT_3D ( 'NONE', #1278, #334, #2814 ) ;
#1436 = CARTESIAN_POINT ( 'NONE',  ( -11.14004334816453401, 0.5665189961435816990, -42.69093140040179435 ) ) ;
#1437 = AXIS2_PLACEMENT_3D ( 'NONE', #1285, #1855, #2837 ) ;
#1438 = DIRECTION ( 'NONE',  ( -0.000000000000000000, -0.000000000000000000, -1.000000000000000000 ) ) ;
#1439 =( LENGTH_UNIT ( ) NAMED_UNIT ( * ) SI_UNIT ( .MILLI., .METRE. ) );
#1440 = EDGE_CURVE ( 'NONE', #445, #2520, #435, .T. ) ;
#1441 = ORIENTED_EDGE ( 'NONE', *, *, #1249, .F. ) ;
#1442 = ORIENTED_EDGE ( 'NONE', *, *, #420, .T. ) ;
#1443 = DIRECTION ( 'NONE',  ( 0.000000000000000000, 0.000000000000000000, 1.000000000000000000 ) ) ;
#1444 = AXIS2_PLACEMENT_3D ( 'NONE', #1198, #2404, #2122 ) ;
#1445 = LINE ( 'NONE', #3960, #3245 ) ;
#1446 = DIRECTION ( 'NONE',  ( -0.000000000000000000, -0.000000000000000000, -1.000000000000000000 ) ) ;
#1447 = AXIS2_PLACEMENT_3D ( 'NONE', #1528, #2350, #1813 ) ;
#1448 = ORIENTED_EDGE ( 'NONE', *, *, #2074, .F. ) ;
#1449 = CARTESIAN_POINT ( 'NONE',  ( 0.000000000000000000, 0.2900000000000003131, 39.60000000000000142 ) ) ;
#1450 = ORIENTED_EDGE ( 'NONE', *, *, #1744, .F. ) ;
#1451 = CARTESIAN_POINT ( 'NONE',  ( 0.000000000000000000, 0.000000000000000000, 38.60000000000000142 ) ) ;
#1452 = DIRECTION ( 'NONE',  ( -0.000000000000000000, -0.000000000000000000, 1.000000000000000000 ) ) ;
#1453 = ORIENTED_EDGE ( 'NONE', *, *, #697, .T. ) ;
#1454 = AXIS2_PLACEMENT_3D ( 'NONE', #2954, #2012, #3242 ) ;
#1455 = ORIENTED_EDGE ( 'NONE', *, *, #1174, .T. ) ;
#1456 = ORIENTED_EDGE ( 'NONE', *, *, #3097, .F. ) ;
#1457 = CARTESIAN_POINT ( 'NONE',  ( 11.14004334816453401, -1.154342185340587523, -39.00000000000000000 ) ) ;
#1458 = VECTOR ( 'NONE', #43, 1000.000000000000000 ) ;
#1459 = FACE_OUTER_BOUND ( 'NONE', #275, .T. ) ;
#1460 = AXIS2_PLACEMENT_3D ( 'NONE', #3561, #151, #2586 ) ;
#1461 = ORIENTED_EDGE ( 'NONE', *, *, #1654, .F. ) ;
#1462 = EDGE_LOOP ( 'NONE', ( #1678, #2699, #913, #3949 ) ) ;
#1463 = LINE ( 'NONE', #2752, #3730 ) ;
#1464 = DIRECTION ( 'NONE',  ( -0.000000000000000000, -0.000000000000000000, 1.000000000000000000 ) ) ;
#1465 = FACE_OUTER_BOUND ( 'NONE', #3429, .T. ) ;
#1466 = DIRECTION ( 'NONE',  ( 0.000000000000000000, -0.000000000000000000, 1.000000000000000000 ) ) ;
#1467 = DIRECTION ( 'NONE',  ( 0.000000000000000000, 0.000000000000000000, 1.000000000000000000 ) ) ;
#1468 = DIRECTION ( 'NONE',  ( 0.000000000000000000, 0.000000000000000000, 1.000000000000000000 ) ) ;
#1469 = EDGE_CURVE ( 'NONE', #3593, #1712, #2483, .T. ) ;
#1470 = CIRCLE ( 'NONE', #1858, 0.1999999999999996503 ) ;
#1471 = EDGE_CURVE ( 'NONE', #855, #3459, #396, .T. ) ;
#1472 = ORIENTED_EDGE ( 'NONE', *, *, #1918, .F. ) ;
#1473 = EDGE_CURVE ( 'NONE', #3378, #1799, #3776, .T. ) ;
#1474 = CARTESIAN_POINT ( 'NONE',  ( 10.85995665183546421, -1.154342185340587523, -45.00000000000000000 ) ) ;
#1475 = DIRECTION ( 'NONE',  ( -0.000000000000000000, -0.000000000000000000, 1.000000000000000000 ) ) ;
#1476 = ORIENTED_EDGE ( 'NONE', *, *, #1917, .F. ) ;
#1477 = ORIENTED_EDGE ( 'NONE', *, *, #3940, .T. ) ;
#1478 = DIRECTION ( 'NONE',  ( 0.000000000000000000, 0.000000000000000000, 1.000000000000000000 ) ) ;
#1479 = CARTESIAN_POINT ( 'NONE',  ( 0.000000000000000000, 0.000000000000000000, -43.50000000000000000 ) ) ;
#1480 = ADVANCED_FACE ( 'NONE', ( #943 ), #1342, .T. ) ;
#1481 = CARTESIAN_POINT ( 'NONE',  ( -11.14004334816453401, 1.154342185340587523, -39.00000000000000000 ) ) ;
#1482 = ORIENTED_EDGE ( 'NONE', *, *, #80, .T. ) ;
#1483 = VERTEX_POINT ( 'NONE', #1561 ) ;
#1484 = CARTESIAN_POINT ( 'NONE',  ( 0.000000000000000000, 11.00000000000000000, 24.60000000000000142 ) ) ;
#1485 = DIRECTION ( 'NONE',  ( 1.000000000000000000, 0.000000000000000000, 0.000000000000000000 ) ) ;
#1486 = DIRECTION ( 'NONE',  ( -1.000000000000000000, -0.000000000000000000, -0.000000000000000000 ) ) ;
#1487 = CIRCLE ( 'NONE', #88, 2.494876383510878259 ) ;
#1488 = CARTESIAN_POINT ( 'NONE',  ( 0.000000000000000000, 0.000000000000000000, 36.60000000000000142 ) ) ;
#1489 = DIRECTION ( 'NONE',  ( 0.000000000000000000, 0.000000000000000000, -1.000000000000000000 ) ) ;
#1490 = DIRECTION ( 'NONE',  ( -0.000000000000000000, -0.000000000000000000, -1.000000000000000000 ) ) ;
#1491 = EDGE_LOOP ( 'NONE', ( #3444, #1845, #2200, #1530 ) ) ;
#1492 = EDGE_CURVE ( 'NONE', #3541, #1651, #754, .T. ) ;
#1493 = EDGE_CURVE ( 'NONE', #522, #795, #5, .T. ) ;
#1494 = FACE_OUTER_BOUND ( 'NONE', #2237, .T. ) ;
#1495 = ORIENTED_EDGE ( 'NONE', *, *, #3144, .F. ) ;
#1496 = ORIENTED_EDGE ( 'NONE', *, *, #213, .F. ) ;
#1497 = FACE_BOUND ( 'NONE', #1500, .T. ) ;
#1498 = DIRECTION ( 'NONE',  ( 1.000000000000000000, 0.000000000000000000, 0.000000000000000000 ) ) ;
#1499 = ORIENTED_EDGE ( 'NONE', *, *, #954, .F. ) ;
#1500 = EDGE_LOOP ( 'NONE', ( #1156, #3410, #2500, #2588 ) ) ;
#1501 = AXIS2_PLACEMENT_3D ( 'NONE', #797, #3556, #2902 ) ;
#1502 = DIRECTION ( 'NONE',  ( 1.000000000000000000, 0.000000000000000000, 0.000000000000000000 ) ) ;
#1503 = EDGE_CURVE ( 'NONE', #369, #3131, #194, .T. ) ;
#1504 = AXIS2_PLACEMENT_3D ( 'NONE', #3540, #3595, #2280 ) ;
#1505 = AXIS2_PLACEMENT_3D ( 'NONE', #3061, #3643, #1790 ) ;
#1506 = CARTESIAN_POINT ( 'NONE',  ( 14.00000000000000000, 1.714505518806294638E-15, 36.10000000000001563 ) ) ;
#1507 = CIRCLE ( 'NONE', #1437, 4.099999999999999645 ) ;
#1508 = DIRECTION ( 'NONE',  ( 1.000000000000000000, 0.000000000000000000, 0.000000000000000000 ) ) ;
#1509 = CIRCLE ( 'NONE', #3442, 3.999999999999999112 ) ;
#1510 = CARTESIAN_POINT ( 'NONE',  ( -1.100000000000000755, 3.886873642484539371, 38.60000000000000142 ) ) ;
#1511 = CARTESIAN_POINT ( 'NONE',  ( 2.400000000000000799, 3.886873642484539371, 38.60000000000000142 ) ) ;
#1512 = ORIENTED_EDGE ( 'NONE', *, *, #3016, .F. ) ;
#1513 = CARTESIAN_POINT ( 'NONE',  ( -12.50000000000000000, 1.836970198721029441E-16, 36.60000000000000142 ) ) ;
#1514 = EDGE_LOOP ( 'NONE', ( #1477, #2626 ) ) ;
#1515 = ORIENTED_EDGE ( 'NONE', *, *, #2218, .F. ) ;
#1516 = CARTESIAN_POINT ( 'NONE',  ( 0.000000000000000000, 0.2900000000000003131, 38.60000000000000142 ) ) ;
#1517 = DIRECTION ( 'NONE',  ( -0.000000000000000000, -0.000000000000000000, -1.000000000000000000 ) ) ;
#1518 = AXIS2_PLACEMENT_3D ( 'NONE', #2937, #471, #828 ) ;
#1519 = VERTEX_POINT ( 'NONE', #1066 ) ;
#1520 = VERTEX_POINT ( 'NONE', #229 ) ;
#1521 = FACE_OUTER_BOUND ( 'NONE', #2383, .T. ) ;
#1522 = AXIS2_PLACEMENT_3D ( 'NONE', #2323, #1357, #3858 ) ;
#1523 = AXIS2_PLACEMENT_3D ( 'NONE', #1421, #2651, #2974 ) ;
#1524 = DIRECTION ( 'NONE',  ( 0.000000000000000000, 0.000000000000000000, 1.000000000000000000 ) ) ;
#1525 = EDGE_CURVE ( 'NONE', #2890, #450, #568, .T. ) ;
#1526 = DIRECTION ( 'NONE',  ( 0.000000000000000000, 0.000000000000000000, 1.000000000000000000 ) ) ;
#1527 = CARTESIAN_POINT ( 'NONE',  ( 9.000000000000000000, 1.102182119232617714E-15, 38.60000000000000142 ) ) ;
#1528 = CARTESIAN_POINT ( 'NONE',  ( -10.85995665183546421, 0.06295420987255921641, -42.69093140040179435 ) ) ;
#1529 = CARTESIAN_POINT ( 'NONE',  ( -13.50000000000001954, 0.000000000000000000, 36.60000000000000142 ) ) ;
#1530 = ORIENTED_EDGE ( 'NONE', *, *, #3522, .T. ) ;
#1531 = FACE_OUTER_BOUND ( 'NONE', #2234, .T. ) ;
#1532 = CARTESIAN_POINT ( 'NONE',  ( -1.120000000000000107, 1.371604415045035760E-16, -44.00000000000000000 ) ) ;
#1533 = ADVANCED_FACE ( 'NONE', ( #2952 ), #2589, .T. ) ;
#1534 = ORIENTED_EDGE ( 'NONE', *, *, #773, .F. ) ;
#1535 = DIRECTION ( 'NONE',  ( 1.000000000000000000, 0.000000000000000000, -0.000000000000000000 ) ) ;
#1536 = ORIENTED_EDGE ( 'NONE', *, *, #143, .T. ) ;
#1537 = EDGE_CURVE ( 'NONE', #1519, #1983, #491, .T. ) ;
#1538 = ORIENTED_EDGE ( 'NONE', *, *, #2736, .T. ) ;
#1539 = CARTESIAN_POINT ( 'NONE',  ( 3.199999999999999734, 2.689999999999999059, 39.60000000000000142 ) ) ;
#1540 = DIRECTION ( 'NONE',  ( 1.000000000000000000, 0.000000000000000000, 0.000000000000000000 ) ) ;
#1541 = ORIENTED_EDGE ( 'NONE', *, *, #1365, .F. ) ;
#1542 = CARTESIAN_POINT ( 'NONE',  ( 0.000000000000000000, -11.00000000000000000, 24.60000000000000142 ) ) ;
#1543 = EDGE_CURVE ( 'NONE', #1520, #15, #2934, .T. ) ;
#1544 = ADVANCED_FACE ( 'NONE', ( #512 ), #196, .F. ) ;
#1545 = DIRECTION ( 'NONE',  ( -0.000000000000000000, -0.000000000000000000, 1.000000000000000000 ) ) ;
#1546 = CARTESIAN_POINT ( 'NONE',  ( 2.236067977499790693, 2.000000000000000000, 54.60000000000000142 ) ) ;
#1547 = CARTESIAN_POINT ( 'NONE',  ( 10.85995665183546421, 0.5665189961435816990, -45.00000000000000000 ) ) ;
#1548 = CIRCLE ( 'NONE', #590, 1.529999999999999805 ) ;
#1549 = ORIENTED_EDGE ( 'NONE', *, *, #3930, .T. ) ;
#1550 = EDGE_CURVE ( 'NONE', #1756, #287, #469, .T. ) ;
#1551 = DIRECTION ( 'NONE',  ( 0.000000000000000000, 0.000000000000000000, 1.000000000000000000 ) ) ;
#1552 = CARTESIAN_POINT ( 'NONE',  ( 13.43290166331306601, 1.645056002523750514E-15, -37.00000000000000000 ) ) ;
#1553 = ORIENTED_EDGE ( 'NONE', *, *, #1015, .T. ) ;
#1554 = CARTESIAN_POINT ( 'NONE',  ( -11.99999999999999822, -2.499999999999999556, -39.00000000000000000 ) ) ;
#1555 = EDGE_LOOP ( 'NONE', ( #3111, #1131, #1327, #2561 ) ) ;
#1556 = ORIENTED_EDGE ( 'NONE', *, *, #3682, .T. ) ;
#1557 = DIRECTION ( 'NONE',  ( 1.000000000000000000, 0.000000000000000000, 0.000000000000000000 ) ) ;
#1558 = DIRECTION ( 'NONE',  ( -1.000000000000000000, 1.776356839400250465E-15, 0.000000000000000000 ) ) ;
#1559 = DIRECTION ( 'NONE',  ( 0.000000000000000000, 0.000000000000000000, 1.000000000000000000 ) ) ;
#1560 = PRESENTATION_LAYER_ASSIGNMENT (  '', '', ( #3301 ) ) ;
#1561 = CARTESIAN_POINT ( 'NONE',  ( 11.14004334816453401, 1.154342185340587523, -39.00000000000000000 ) ) ;
#1562 = AXIS2_PLACEMENT_3D ( 'NONE', #3468, #647, #3740 ) ;
#1563 = DIRECTION ( 'NONE',  ( 0.000000000000000000, -1.000000000000000000, -0.000000000000000000 ) ) ;
#1564 = AXIS2_PLACEMENT_3D ( 'NONE', #1047, #2594, #454 ) ;
#1565 = CARTESIAN_POINT ( 'NONE',  ( 0.000000000000000000, 0.000000000000000000, 38.60000000000000142 ) ) ;
#1566 = CARTESIAN_POINT ( 'NONE',  ( 0.000000000000000000, 0.000000000000000000, -37.00000000000000000 ) ) ;
#1567 = AXIS2_PLACEMENT_3D ( 'NONE', #2468, #3461, #2242 ) ;
#1568 = ORIENTED_EDGE ( 'NONE', *, *, #2345, .T. ) ;
#1569 = FACE_BOUND ( 'NONE', #291, .T. ) ;
#1570 = ORIENTED_EDGE ( 'NONE', *, *, #764, .T. ) ;
#1571 = EDGE_LOOP ( 'NONE', ( #3420, #1088, #455, #975 ) ) ;
#1572 = DIRECTION ( 'NONE',  ( -0.000000000000000000, -0.000000000000000000, -1.000000000000000000 ) ) ;
#1573 = EDGE_CURVE ( 'NONE', #1805, #1935, #1749, .T. ) ;
#1574 = ORIENTED_EDGE ( 'NONE', *, *, #3812, .T. ) ;
#1575 = ORIENTED_EDGE ( 'NONE', *, *, #311, .F. ) ;
#1576 =( NAMED_UNIT ( * ) SI_UNIT ( $, .STERADIAN. ) SOLID_ANGLE_UNIT ( ) );
#1577 = ADVANCED_FACE ( 'NONE', ( #3844 ), #1394, .T. ) ;
#1578 = CARTESIAN_POINT ( 'NONE',  ( 11.14004334816453401, -0.4406105763984632384, -44.13978446967280433 ) ) ;
#1579 = DIRECTION ( 'NONE',  ( 1.000000000000000000, 0.000000000000000000, 0.000000000000000000 ) ) ;
#1580 = EDGE_CURVE ( 'NONE', #2372, #2710, #2940, .T. ) ;
#1581 = AXIS2_PLACEMENT_3D ( 'NONE', #1649, #1344, #3804 ) ;
#1582 = ORIENTED_EDGE ( 'NONE', *, *, #790, .F. ) ;
#1583 = CARTESIAN_POINT ( 'NONE',  ( -11.14004334816453401, 0.06295420987255921641, -42.69093140040179435 ) ) ;
#1584 = AXIS2_PLACEMENT_3D ( 'NONE', #689, #2529, #1910 ) ;
#1585 = FACE_OUTER_BOUND ( 'NONE', #1818, .T. ) ;
#1586 = VERTEX_POINT ( 'NONE', #2010 ) ;
#1587 = LINE ( 'NONE', #437, #2349 ) ;
#1588 = VECTOR ( 'NONE', #2830, 1000.000000000000000 ) ;
#1589 = CARTESIAN_POINT ( 'NONE',  ( 0.000000000000000000, 0.2900000000000003131, 39.60000000000000142 ) ) ;
#1590 = VERTEX_POINT ( 'NONE', #3547 ) ;
#1591 = CARTESIAN_POINT ( 'NONE',  ( 0.000000000000000000, 0.000000000000000000, 36.60000000000000142 ) ) ;
#1592 = EDGE_CURVE ( 'NONE', #3216, #1590, #60, .T. ) ;
#1593 = ORIENTED_EDGE ( 'NONE', *, *, #3385, .F. ) ;
#1594 = EDGE_CURVE ( 'NONE', #3195, #3370, #3238, .T. ) ;
#1595 = CARTESIAN_POINT ( 'NONE',  ( 0.000000000000000000, 2.000000000000000000, 54.60000000000000142 ) ) ;
#1596 = ORIENTED_EDGE ( 'NONE', *, *, #1347, .F. ) ;
#1597 = VERTEX_POINT ( 'NONE', #1105 ) ;
#1598 = FACE_BOUND ( 'NONE', #1152, .T. ) ;
#1599 = AXIS2_PLACEMENT_3D ( 'NONE', #3664, #3681, #2412 ) ;
#1600 = FACE_BOUND ( 'NONE', #2462, .T. ) ;
#1601 = EDGE_CURVE ( 'NONE', #744, #120, #2326, .T. ) ;
#1602 = LINE ( 'NONE', #2508, #3903 ) ;
#1603 = DIRECTION ( 'NONE',  ( -1.000000000000000000, -1.169491133582922209E-15, 0.000000000000000000 ) ) ;
#1604 = EDGE_LOOP ( 'NONE', ( #3558, #3337, #1553, #1782 ) ) ;
#1605 = CARTESIAN_POINT ( 'NONE',  ( 0.000000000000000000, 0.000000000000000000, -41.99999999999999289 ) ) ;
#1606 = CYLINDRICAL_SURFACE ( 'NONE', #1562, 9.000000000000000000 ) ;
#1607 = CARTESIAN_POINT ( 'NONE',  ( 9.499999999999998224, 1.836970198721030427E-16, 24.60000000000000142 ) ) ;
#1608 = DIRECTION ( 'NONE',  ( 0.000000000000000000, 0.000000000000000000, 1.000000000000000000 ) ) ;
#1609 = ORIENTED_EDGE ( 'NONE', *, *, #2263, .T. ) ;
#1610 = ORIENTED_EDGE ( 'NONE', *, *, #1798, .T. ) ;
#1611 = EDGE_CURVE ( 'NONE', #1823, #2379, #1122, .T. ) ;
#1612 = VECTOR ( 'NONE', #3521, 1000.000000000000000 ) ;
#1613 = DIRECTION ( 'NONE',  ( 1.000000000000000000, 0.000000000000000000, 0.000000000000000000 ) ) ;
#1614 = ORIENTED_EDGE ( 'NONE', *, *, #3344, .F. ) ;
#1615 = EDGE_CURVE ( 'NONE', #3545, #659, #1205, .T. ) ;
#1616 = DIRECTION ( 'NONE',  ( 1.000000000000000000, 0.000000000000000000, 0.000000000000000000 ) ) ;
#1617 = ORIENTED_EDGE ( 'NONE', *, *, #1218, .F. ) ;
#1618 = DIRECTION ( 'NONE',  ( 1.000000000000000000, 0.000000000000000000, -0.000000000000000000 ) ) ;
#1619 = FACE_OUTER_BOUND ( 'NONE', #1341, .T. ) ;
#1620 = CARTESIAN_POINT ( 'NONE',  ( -10.85995665183546421, -0.4406105763984631829, -45.00000000000000000 ) ) ;
#1621 = VERTEX_POINT ( 'NONE', #1044 ) ;
#1622 = ADVANCED_FACE ( 'NONE', ( #3260 ), #2346, .F. ) ;
#1623 = ORIENTED_EDGE ( 'NONE', *, *, #1635, .T. ) ;
#1624 = DIRECTION ( 'NONE',  ( 1.000000000000000000, 0.000000000000000000, 0.000000000000000000 ) ) ;
#1625 = CARTESIAN_POINT ( 'NONE',  ( 0.000000000000000000, 0.000000000000000000, 38.60000000000000142 ) ) ;
#1626 = VECTOR ( 'NONE', #1078, 999.9999999999998863 ) ;
#1627 = LINE ( 'NONE', #1007, #3437 ) ;
#1628 = PRODUCT ( 'PA28-28245800-G100', 'PA28-28245800-G100', '', ( #1068 ) ) ;
#1629 = CIRCLE ( 'NONE', #2400, 0.4999999999999995559 ) ;
#1630 = AXIS2_PLACEMENT_3D ( 'NONE', #703, #371, #2769 ) ;
#1631 = ORIENTED_EDGE ( 'NONE', *, *, #554, .T. ) ;
#1632 = VECTOR ( 'NONE', #2288, 1000.000000000000000 ) ;
#1633 = APPLICATION_CONTEXT ( 'automotive_design' ) ;
#1634 = CARTESIAN_POINT ( 'NONE',  ( 0.000000000000000000, 0.000000000000000000, 38.40000000000001279 ) ) ;
#1635 = EDGE_CURVE ( 'NONE', #2827, #651, #2619, .T. ) ;
#1636 = VERTEX_POINT ( 'NONE', #881 ) ;
#1637 = AXIS2_PLACEMENT_3D ( 'NONE', #2867, #2006, #2029 ) ;
#1638 = AXIS2_PLACEMENT_3D ( 'NONE', #1591, #3790, #1613 ) ;
#1639 = FACE_OUTER_BOUND ( 'NONE', #1864, .T. ) ;
#1640 = ORIENTED_EDGE ( 'NONE', *, *, #203, .F. ) ;
#1641 = CARTESIAN_POINT ( 'NONE',  ( 0.000000000000000000, 0.2900000000000003131, 38.60000000000000142 ) ) ;
#1642 = DIRECTION ( 'NONE',  ( 0.000000000000000000, 0.000000000000000000, 1.000000000000000000 ) ) ;
#1643 = DIRECTION ( 'NONE',  ( 1.000000000000000000, 0.000000000000000000, -0.000000000000000000 ) ) ;
#1644 = ORIENTED_EDGE ( 'NONE', *, *, #3926, .F. ) ;
#1645 = EDGE_LOOP ( 'NONE', ( #3294, #1631, #433, #2540 ) ) ;
#1646 = DIRECTION ( 'NONE',  ( 1.000000000000000000, 0.000000000000000000, -0.000000000000000000 ) ) ;
#1647 = ADVANCED_FACE ( 'NONE', ( #3661, #292, #1521, #2446 ), #2109, .T. ) ;
#1648 = CARTESIAN_POINT ( 'NONE',  ( -10.00000000000000000, 2.500000000000000888, -39.00000000000000000 ) ) ;
#1649 = CARTESIAN_POINT ( 'NONE',  ( 1.749999999999999778, 3.886873642484539371, 38.60000000000000142 ) ) ;
#1650 = DIRECTION ( 'NONE',  ( 1.000000000000000000, 0.000000000000000000, 0.000000000000000000 ) ) ;
#1651 = VERTEX_POINT ( 'NONE', #1807 ) ;
#1652 = VERTEX_POINT ( 'NONE', #584 ) ;
#1653 = DIRECTION ( 'NONE',  ( 1.000000000000000000, 0.000000000000000000, 0.000000000000000000 ) ) ;
#1654 = EDGE_CURVE ( 'NONE', #3911, #1817, #510, .T. ) ;
#1655 = PRODUCT_DEFINITION_FORMATION_WITH_SPECIFIED_SOURCE ( 'ä»', '', #1628, .NOT_KNOWN. ) ;
#1656 = VERTEX_POINT ( 'NONE', #2146 ) ;
#1657 = CARTESIAN_POINT ( 'NONE',  ( -0.6999999999999992895, 5.004870093650514384, 39.60000000000000142 ) ) ;
#1658 = ADVANCED_FACE ( 'NONE', ( #3359 ), #2672, .T. ) ;
#1659 = ORIENTED_EDGE ( 'NONE', *, *, #3345, .F. ) ;
#1660 = DIRECTION ( 'NONE',  ( 0.000000000000000000, 0.000000000000000000, 1.000000000000000000 ) ) ;
#1661 = CARTESIAN_POINT ( 'NONE',  ( 9.140043348164534009, 0.06295420987255921641, -44.13978446967280433 ) ) ;
#1662 = DIRECTION ( 'NONE',  ( 0.000000000000000000, 0.000000000000000000, 1.000000000000000000 ) ) ;
#1663 = EDGE_CURVE ( 'NONE', #3259, #3195, #1826, .T. ) ;
#1664 = ORIENTED_EDGE ( 'NONE', *, *, #950, .T. ) ;
#1665 = EDGE_CURVE ( 'NONE', #29, #3316, #3899, .T. ) ;
#1666 = AXIS2_PLACEMENT_3D ( 'NONE', #1488, #571, #2112 ) ;
#1667 = ORIENTED_EDGE ( 'NONE', *, *, #2792, .T. ) ;
#1668 = DIRECTION ( 'NONE',  ( 0.000000000000000000, 0.000000000000000000, 1.000000000000000000 ) ) ;
#1669 = SHAPE_DEFINITION_REPRESENTATION ( #3207, #2398 ) ;
#1670 = CARTESIAN_POINT ( 'NONE',  ( -3.028625666181364640, 3.052445998563688256, 38.60000000000000142 ) ) ;
#1671 = LINE ( 'NONE', #2637, #3839 ) ;
#1672 = EDGE_CURVE ( 'NONE', #3535, #3764, #545, .T. ) ;
#1673 = EDGE_CURVE ( 'NONE', #1863, #3537, #3590, .T. ) ;
#1674 = PLANE ( 'NONE',  #490 ) ;
#1675 = ADVANCED_FACE ( 'NONE', ( #1847 ), #844, .F. ) ;
#1676 = AXIS2_PLACEMENT_3D ( 'NONE', #2417, #1229, #852 ) ;
#1677 = ORIENTED_EDGE ( 'NONE', *, *, #1077, .T. ) ;
#1678 = ORIENTED_EDGE ( 'NONE', *, *, #1503, .F. ) ;
#1679 = PRODUCT_DEFINITION ( 'æœ', '', #1655, #1012 ) ;
#1680 = DIRECTION ( 'NONE',  ( -0.000000000000000000, -0.000000000000000000, -1.000000000000000000 ) ) ;
#1681 = EDGE_CURVE ( 'NONE', #119, #283, #1227, .T. ) ;
#1682 = ORIENTED_EDGE ( 'NONE', *, *, #426, .F. ) ;
#1683 = DIRECTION ( 'NONE',  ( 1.000000000000000000, 0.000000000000000000, 0.000000000000000000 ) ) ;
#1684 = VECTOR ( 'NONE', #2486, 1000.000000000000000 ) ;
#1685 = DIRECTION ( 'NONE',  ( 0.000000000000000000, 0.000000000000000000, -1.000000000000000000 ) ) ;
#1686 = EDGE_LOOP ( 'NONE', ( #2359, #804 ) ) ;
#1687 = AXIS2_PLACEMENT_3D ( 'NONE', #2121, #3353, #599 ) ;
#1688 = DIRECTION ( 'NONE',  ( 0.000000000000000000, 0.000000000000000000, 1.000000000000000000 ) ) ;
#1689 = DIRECTION ( 'NONE',  ( 0.000000000000000000, 0.000000000000000000, 1.000000000000000000 ) ) ;
#1690 = PLANE ( 'NONE',  #3392 ) ;
#1691 = EDGE_LOOP ( 'NONE', ( #952, #1025 ) ) ;
#1692 = ORIENTED_EDGE ( 'NONE', *, *, #3923, .T. ) ;
#1693 = DIRECTION ( 'NONE',  ( -0.000000000000000000, -0.000000000000000000, -1.000000000000000000 ) ) ;
#1694 = DIRECTION ( 'NONE',  ( 0.000000000000000000, 0.000000000000000000, -1.000000000000000000 ) ) ;
#1695 = DIRECTION ( 'NONE',  ( 1.000000000000000000, 0.000000000000000000, 0.000000000000000000 ) ) ;
#1696 = DIRECTION ( 'NONE',  ( 0.000000000000000000, -1.000000000000000000, 0.000000000000000000 ) ) ;
#1697 = CIRCLE ( 'NONE', #1746, 4.700000000000000178 ) ;
#1698 = ORIENTED_EDGE ( 'NONE', *, *, #3024, .T. ) ;
#1699 = CARTESIAN_POINT ( 'NONE',  ( 0.000000000000000000, 11.00000000000000000, 24.60000000000000142 ) ) ;
#1700 = AXIS2_PLACEMENT_3D ( 'NONE', #2519, #3147, #3748 ) ;
#1701 = ORIENTED_EDGE ( 'NONE', *, *, #654, .T. ) ;
#1702 = CIRCLE ( 'NONE', #3882, 13.84999999999999964 ) ;
#1703 = CIRCLE ( 'NONE', #3883, 0.5035647862710255218 ) ;
#1704 = DIRECTION ( 'NONE',  ( -0.000000000000000000, 0.000000000000000000, 1.000000000000000000 ) ) ;
#1705 = CARTESIAN_POINT ( 'NONE',  ( 0.6200000000000001066, 7.592810154713591561E-17, -43.50000000000000000 ) ) ;
#1706 = ORIENTED_EDGE ( 'NONE', *, *, #481, .T. ) ;
#1707 = CIRCLE ( 'NONE', #3309, 4.099999999999999645 ) ;
#1708 = DIRECTION ( 'NONE',  ( -0.000000000000000000, -0.000000000000000000, 1.000000000000000000 ) ) ;
#1709 = AXIS2_PLACEMENT_3D ( 'NONE', #3536, #219, #1428 ) ;
#1710 = DIRECTION ( 'NONE',  ( 1.000000000000000000, 0.000000000000000000, 0.000000000000000000 ) ) ;
#1711 = PLANE ( 'NONE',  #2549 ) ;
#1712 = VERTEX_POINT ( 'NONE', #3678 ) ;
#1713 = CARTESIAN_POINT ( 'NONE',  ( 0.000000000000000000, -11.00000000000000000, 36.60000000000000142 ) ) ;
#1714 = DIRECTION ( 'NONE',  ( -0.000000000000000000, -0.000000000000000000, 1.000000000000000000 ) ) ;
#1715 = DIRECTION ( 'NONE',  ( 0.000000000000000000, 0.000000000000000000, -1.000000000000000000 ) ) ;
#1716 = FACE_OUTER_BOUND ( 'NONE', #3138, .T. ) ;
#1717 = AXIS2_PLACEMENT_3D ( 'NONE', #586, #1526, #2735 ) ;
#1718 = DIRECTION ( 'NONE',  ( -0.000000000000000000, -0.000000000000000000, 1.000000000000000000 ) ) ;
#1719 = VECTOR ( 'NONE', #1730, 1000.000000000000000 ) ;
#1720 = ORIENTED_EDGE ( 'NONE', *, *, #767, .F. ) ;
#1721 = AXIS2_PLACEMENT_3D ( 'NONE', #2049, #1443, #214 ) ;
#1722 = LINE ( 'NONE', #1374, #3169 ) ;
#1723 = EDGE_CURVE ( 'NONE', #3830, #2174, #155, .T. ) ;
#1724 = ORIENTED_EDGE ( 'NONE', *, *, #644, .F. ) ;
#1725 = CARTESIAN_POINT ( 'NONE',  ( 14.00000000000000000, 1.714505518806294638E-15, 36.60000000000000142 ) ) ;
#1726 = ORIENTED_EDGE ( 'NONE', *, *, #2527, .F. ) ;
#1727 = EDGE_CURVE ( 'NONE', #283, #119, #1810, .T. ) ;
#1728 = CARTESIAN_POINT ( 'NONE',  ( 5.599999999999999645, 0.000000000000000000, 38.60000000000000142 ) ) ;
#1729 = CARTESIAN_POINT ( 'NONE',  ( 3.000000000000000444, 3.673940397442060361E-16, 54.60000000000000142 ) ) ;
#1730 = DIRECTION ( 'NONE',  ( -1.000000000000000000, 0.000000000000000000, 0.000000000000000000 ) ) ;
#1731 = ORIENTED_EDGE ( 'NONE', *, *, #3350, .T. ) ;
#1732 = CARTESIAN_POINT ( 'NONE',  ( 5.599999999999999645, 0.000000000000000000, 36.60000000000000142 ) ) ;
#1733 = EDGE_CURVE ( 'NONE', #3295, #658, #1548, .T. ) ;
#1734 = DIRECTION ( 'NONE',  ( 1.000000000000000000, -0.000000000000000000, -0.000000000000000000 ) ) ;
#1735 = CARTESIAN_POINT ( 'NONE',  ( 5.799999999999999822, 0.000000000000000000, 36.60000000000000142 ) ) ;
#1736 = DIRECTION ( 'NONE',  ( -0.000000000000000000, -0.000000000000000000, -1.000000000000000000 ) ) ;
#1737 = DIRECTION ( 'NONE',  ( 1.000000000000000000, 0.000000000000000000, 0.000000000000000000 ) ) ;
#1738 = ORIENTED_EDGE ( 'NONE', *, *, #19, .T. ) ;
#1739 = EDGE_CURVE ( 'NONE', #3131, #369, #1487, .T. ) ;
#1740 = DIRECTION ( 'NONE',  ( 1.000000000000000000, 0.000000000000000000, 0.000000000000000000 ) ) ;
#1741 = CARTESIAN_POINT ( 'NONE',  ( -1.120000000000000107, 1.371604415045035760E-16, -43.50000000000000000 ) ) ;
#1742 = ORIENTED_EDGE ( 'NONE', *, *, #3647, .F. ) ;
#1743 = DIRECTION ( 'NONE',  ( 0.000000000000000000, 0.000000000000000000, 1.000000000000000000 ) ) ;
#1744 = EDGE_CURVE ( 'NONE', #363, #838, #3802, .T. ) ;
#1745 = DIRECTION ( 'NONE',  ( 0.000000000000000000, 0.000000000000000000, 1.000000000000000000 ) ) ;
#1746 = AXIS2_PLACEMENT_3D ( 'NONE', #932, #3390, #2683 ) ;
#1747 = VECTOR ( 'NONE', #2045, 1000.000000000000000 ) ;
#1748 = VERTEX_POINT ( 'NONE', #314 ) ;
#1749 = LINE ( 'NONE', #1732, #1264 ) ;
#1750 = DIRECTION ( 'NONE',  ( 0.000000000000000000, 0.000000000000000000, -1.000000000000000000 ) ) ;
#1751 = PLANE ( 'NONE',  #925 ) ;
#1752 = EDGE_LOOP ( 'NONE', ( #2217, #1180 ) ) ;
#1753 =( NAMED_UNIT ( * ) PLANE_ANGLE_UNIT ( ) SI_UNIT ( $, .RADIAN. ) );
#1754 = VECTOR ( 'NONE', #388, 1000.000000000000000 ) ;
#1755 = DIRECTION ( 'NONE',  ( -1.000000000000000000, 0.000000000000000000, 0.000000000000000000 ) ) ;
#1756 = VERTEX_POINT ( 'NONE', #251 ) ;
#1757 = ORIENTED_EDGE ( 'NONE', *, *, #835, .F. ) ;
#1758 = CIRCLE ( 'NONE', #421, 0.6499999999999991340 ) ;
#1759 = CIRCLE ( 'NONE', #2211, 0.1999999999999996503 ) ;
#1760 = CARTESIAN_POINT ( 'NONE',  ( 10.00000000000000000, 2.500000000000000888, -39.00000000000000000 ) ) ;
#1761 = CIRCLE ( 'NONE', #805, 4.299999999999999822 ) ;
#1762 = DIRECTION ( 'NONE',  ( -1.000000000000000000, 0.000000000000000000, 0.000000000000000000 ) ) ;
#1763 = CARTESIAN_POINT ( 'NONE',  ( 0.000000000000000000, 0.000000000000000000, 0.000000000000000000 ) ) ;
#1764 = AXIS2_PLACEMENT_3D ( 'NONE', #2544, #350, #2829 ) ;
#1765 = ORIENTED_EDGE ( 'NONE', *, *, #1176, .F. ) ;
#1766 = EDGE_LOOP ( 'NONE', ( #2220, #3815, #1143, #706 ) ) ;
#1767 = DIRECTION ( 'NONE',  ( -0.000000000000000000, 1.000000000000000000, -0.000000000000000000 ) ) ;
#1768 = CARTESIAN_POINT ( 'NONE',  ( 0.000000000000000000, 0.000000000000000000, 38.60000000000000142 ) ) ;
#1769 = CARTESIAN_POINT ( 'NONE',  ( 11.14004334816453401, -1.154342185340587523, -45.00000000000000000 ) ) ;
#1770 = EDGE_CURVE ( 'NONE', #561, #1081, #1463, .T. ) ;
#1771 = CARTESIAN_POINT ( 'NONE',  ( -1.749999999999999778, 3.886873642484539371, 38.60000000000000142 ) ) ;
#1772 = FACE_BOUND ( 'NONE', #842, .T. ) ;
#1773 = DIRECTION ( 'NONE',  ( -0.000000000000000000, -0.000000000000000000, -1.000000000000000000 ) ) ;
#1774 = VERTEX_POINT ( 'NONE', #3380 ) ;
#1775 = EDGE_CURVE ( 'NONE', #1651, #3537, #2692, .T. ) ;
#1776 =( NAMED_UNIT ( * ) SI_UNIT ( $, .STERADIAN. ) SOLID_ANGLE_UNIT ( ) );
#1777 = EDGE_CURVE ( 'NONE', #3277, #3316, #407, .T. ) ;
#1778 = CARTESIAN_POINT ( 'NONE',  ( 10.85995665183546421, -0.4406105763984631829, -44.13978446967280433 ) ) ;
#1779 = EDGE_LOOP ( 'NONE', ( #2516, #784, #858, #73 ) ) ;
#1780 = AXIS2_PLACEMENT_3D ( 'NONE', #2799, #709, #57 ) ;
#1781 = AXIS2_PLACEMENT_3D ( 'NONE', #785, #176, #3217 ) ;
#1782 = ORIENTED_EDGE ( 'NONE', *, *, #2218, .T. ) ;
#1783 = VERTEX_POINT ( 'NONE', #51 ) ;
#1784 = FACE_OUTER_BOUND ( 'NONE', #2839, .T. ) ;
#1785 = DIRECTION ( 'NONE',  ( -1.000000000000000000, 0.000000000000000000, 0.000000000000000000 ) ) ;
#1786 = VECTOR ( 'NONE', #36, 1000.000000000000000 ) ;
#1787 = VERTEX_POINT ( 'NONE', #1020 ) ;
#1788 = ORIENTED_EDGE ( 'NONE', *, *, #1503, .T. ) ;
#1789 = CARTESIAN_POINT ( 'NONE',  ( 0.000000000000000000, 0.000000000000000000, -37.00000000000000000 ) ) ;
#1790 = DIRECTION ( 'NONE',  ( 1.000000000000000000, 0.000000000000000000, 0.000000000000000000 ) ) ;
#1791 = EDGE_CURVE ( 'NONE', #2407, #910, #939, .T. ) ;
#1792 = FACE_OUTER_BOUND ( 'NONE', #302, .T. ) ;
#1793 = CYLINDRICAL_SURFACE ( 'NONE', #3405, 1.500000000000001332 ) ;
#1794 = ADVANCED_FACE ( 'NONE', ( #1598, #641 ), #2768, .T. ) ;
#1795 = LINE ( 'NONE', #2697, #810 ) ;
#1796 = FACE_OUTER_BOUND ( 'NONE', #2344, .T. ) ;
#1797 = CIRCLE ( 'NONE', #959, 1.000000000000000000 ) ;
#1798 = EDGE_CURVE ( 'NONE', #938, #855, #3479, .T. ) ;
#1799 = VERTEX_POINT ( 'NONE', #2812 ) ;
#1800 = DIRECTION ( 'NONE',  ( 1.000000000000000000, 0.000000000000000000, 0.000000000000000000 ) ) ;
#1801 = ADVANCED_FACE ( 'NONE', ( #2828 ), #106, .F. ) ;
#1802 = ORIENTED_EDGE ( 'NONE', *, *, #3920, .F. ) ;
#1803 = ORIENTED_EDGE ( 'NONE', *, *, #1493, .F. ) ;
#1804 = DIRECTION ( 'NONE',  ( -1.000000000000000000, 0.000000000000000000, 0.000000000000000000 ) ) ;
#1805 = VERTEX_POINT ( 'NONE', #2241 ) ;
#1806 = EDGE_LOOP ( 'NONE', ( #268, #2964, #3611, #3482, #1495, #750 ) ) ;
#1807 = CARTESIAN_POINT ( 'NONE',  ( 12.50000000000000000, 0.000000000000000000, 24.60000000000000142 ) ) ;
#1808 = CARTESIAN_POINT ( 'NONE',  ( -2.999999999999999112, 3.290000000000001368, 39.60000000000000142 ) ) ;
#1809 = DIRECTION ( 'NONE',  ( 0.000000000000000000, 0.000000000000000000, 1.000000000000000000 ) ) ;
#1810 = CIRCLE ( 'NONE', #2187, 9.000000000000000000 ) ;
#1811 = FACE_OUTER_BOUND ( 'NONE', #330, .T. ) ;
#1812 = AXIS2_PLACEMENT_3D ( 'NONE', #2665, #856, #1804 ) ;
#1813 = DIRECTION ( 'NONE',  ( 0.000000000000000000, 0.000000000000000000, -1.000000000000000000 ) ) ;
#1814 = DIRECTION ( 'NONE',  ( 1.000000000000000000, 0.000000000000000000, 0.000000000000000000 ) ) ;
#1815 = ORIENTED_EDGE ( 'NONE', *, *, #80, .F. ) ;
#1816 = CARTESIAN_POINT ( 'NONE',  ( -1.500000000000000000, -11.00000000000000000, 24.60000000000000142 ) ) ;
#1817 = VERTEX_POINT ( 'NONE', #1539 ) ;
#1818 = EDGE_LOOP ( 'NONE', ( #2363, #541, #871, #1859 ) ) ;
#1819 = VECTOR ( 'NONE', #1452, 1000.000000000000000 ) ;
#1820 = ADVANCED_FACE ( 'NONE', ( #3460 ), #3673, .T. ) ;
#1821 = DIRECTION ( 'NONE',  ( -0.000000000000000000, 1.000000000000000000, -0.000000000000000000 ) ) ;
#1822 = CARTESIAN_POINT ( 'NONE',  ( -9.000000000000000000, 0.000000000000000000, 38.60000000000000142 ) ) ;
#1823 = VERTEX_POINT ( 'NONE', #2505 ) ;
#1824 = EDGE_LOOP ( 'NONE', ( #3659, #2040, #1320, #2685 ) ) ;
#1825 = CIRCLE ( 'NONE', #1369, 3.000000000000000444 ) ;
#1826 = LINE ( 'NONE', #604, #320 ) ;
#1827 = DIRECTION ( 'NONE',  ( 0.000000000000000000, -1.000000000000000000, 0.000000000000000000 ) ) ;
#1828 = AXIS2_PLACEMENT_3D ( 'NONE', #353, #1563, #2798 ) ;
#1829 = FACE_OUTER_BOUND ( 'NONE', #2319, .T. ) ;
#1830 = VECTOR ( 'NONE', #524, 1000.000000000000000 ) ;
#1831 = DIRECTION ( 'NONE',  ( 1.000000000000000000, 0.000000000000000000, 0.000000000000000000 ) ) ;
#1832 = CIRCLE ( 'NONE', #2028, 0.6500000000000007994 ) ;
#1833 = DIRECTION ( 'NONE',  ( 0.000000000000000000, 0.000000000000000000, 1.000000000000000000 ) ) ;
#1834 = CYLINDRICAL_SURFACE ( 'NONE', #3626, 3.000000000000000444 ) ;
#1835 = VERTEX_POINT ( 'NONE', #2543 ) ;
#1836 = EDGE_CURVE ( 'NONE', #855, #744, #1235, .T. ) ;
#1837 = DIRECTION ( 'NONE',  ( -1.000000000000000000, 0.000000000000000000, 0.000000000000000000 ) ) ;
#1838 = ORIENTED_EDGE ( 'NONE', *, *, #3025, .T. ) ;
#1839 = EDGE_LOOP ( 'NONE', ( #2641, #2786, #3088, #533 ) ) ;
#1840 = FACE_OUTER_BOUND ( 'NONE', #854, .T. ) ;
#1841 = EDGE_CURVE ( 'NONE', #2520, #3197, #2961, .T. ) ;
#1842 = LINE ( 'NONE', #3074, #2394 ) ;
#1843 = VECTOR ( 'NONE', #2493, 1000.000000000000000 ) ;
#1844 = ADVANCED_FACE ( 'NONE', ( #3701 ), #349, .F. ) ;
#1845 = ORIENTED_EDGE ( 'NONE', *, *, #2979, .T. ) ;
#1846 = EDGE_LOOP ( 'NONE', ( #2299, #2135, #2691, #3313 ) ) ;
#1847 = FACE_OUTER_BOUND ( 'NONE', #3954, .T. ) ;
#1848 = CIRCLE ( 'NONE', #822, 1.000000000000000888 ) ;
#1849 = AXIS2_PLACEMENT_3D ( 'NONE', #1182, #1144, #2994 ) ;
#1850 = DIRECTION ( 'NONE',  ( -0.000000000000000000, -0.000000000000000000, 1.000000000000000000 ) ) ;
#1851 = FACE_OUTER_BOUND ( 'NONE', #701, .T. ) ;
#1852 = ADVANCED_FACE ( 'NONE', ( #702 ), #1925, .T. ) ;
#1853 = DIRECTION ( 'NONE',  ( 0.000000000000000000, 0.000000000000000000, 1.000000000000000000 ) ) ;
#1854 = LINE ( 'NONE', #3287, #2460 ) ;
#1855 = DIRECTION ( 'NONE',  ( 0.000000000000000000, 0.000000000000000000, 1.000000000000000000 ) ) ;
#1856 = ORIENTED_EDGE ( 'NONE', *, *, #1427, .F. ) ;
#1857 = LINE ( 'NONE', #1875, #344 ) ;
#1858 = AXIS2_PLACEMENT_3D ( 'NONE', #3646, #279, #1508 ) ;
#1859 = ORIENTED_EDGE ( 'NONE', *, *, #2437, .T. ) ;
#1860 = EDGE_CURVE ( 'NONE', #623, #3014, #3156, .T. ) ;
#1861 = EDGE_LOOP ( 'NONE', ( #929, #3247 ) ) ;
#1862 = DIRECTION ( 'NONE',  ( 1.000000000000000000, 0.000000000000000000, 0.000000000000000000 ) ) ;
#1863 = VERTEX_POINT ( 'NONE', #3856 ) ;
#1864 = EDGE_LOOP ( 'NONE', ( #581, #1306, #694, #1135 ) ) ;
#1865 = FILL_AREA_STYLE_COLOUR ( '', #217 ) ;
#1866 = PLANE ( 'NONE',  #1764 ) ;
#1867 = DIRECTION ( 'NONE',  ( -0.000000000000000000, -0.000000000000000000, -1.000000000000000000 ) ) ;
#1868 = CARTESIAN_POINT ( 'NONE',  ( 0.000000000000000000, 0.000000000000000000, -41.99999999999999289 ) ) ;
#1869 = DIRECTION ( 'NONE',  ( 1.000000000000000000, -0.000000000000000000, -0.000000000000000000 ) ) ;
#1870 = PLANE ( 'NONE',  #3944 ) ;
#1871 = DIRECTION ( 'NONE',  ( -0.000000000000000000, -0.000000000000000000, 1.000000000000000000 ) ) ;
#1872 = CIRCLE ( 'NONE', #3588, 9.000000000000000000 ) ;
#1873 = VECTOR ( 'NONE', #2791, 1000.000000000000000 ) ;
#1874 = ORIENTED_EDGE ( 'NONE', *, *, #379, .F. ) ;
#1875 = CARTESIAN_POINT ( 'NONE',  ( -4.299999999999999822, 5.265981236333618470E-16, 36.60000000000000142 ) ) ;
#1876 = DIRECTION ( 'NONE',  ( -0.000000000000000000, -0.000000000000000000, -1.000000000000000000 ) ) ;
#1877 = ORIENTED_EDGE ( 'NONE', *, *, #3860, .F. ) ;
#1878 = DIRECTION ( 'NONE',  ( 0.000000000000000000, 0.000000000000000000, 1.000000000000000000 ) ) ;
#1879 = ORIENTED_EDGE ( 'NONE', *, *, #1314, .F. ) ;
#1880 = ORIENTED_EDGE ( 'NONE', *, *, #2607, .F. ) ;
#1881 = FILL_AREA_STYLE ('',( #1865 ) ) ;
#1882 = LINE ( 'NONE', #1021, #2854 ) ;
#1883 = DIRECTION ( 'NONE',  ( 1.000000000000000000, 0.000000000000000000, 0.000000000000000000 ) ) ;
#1884 = ORIENTED_EDGE ( 'NONE', *, *, #663, .F. ) ;
#1885 = DIRECTION ( 'NONE',  ( 0.000000000000000000, 0.000000000000000000, 1.000000000000000000 ) ) ;
#1886 = VECTOR ( 'NONE', #147, 1000.000000000000000 ) ;
#1887 = CIRCLE ( 'NONE', #2401, 5.799999999999999822 ) ;
#1888 = DIRECTION ( 'NONE',  ( 1.000000000000000000, 0.000000000000000000, 0.000000000000000000 ) ) ;
#1889 = CIRCLE ( 'NONE', #3822, 4.700000000000000178 ) ;
#1890 = CARTESIAN_POINT ( 'NONE',  ( 3.700000000000000178, 5.143516556418882928E-16, -41.99999999999999289 ) ) ;
#1891 = ADVANCED_FACE ( 'NONE', ( #760 ), #3354, .T. ) ;
#1892 = EDGE_CURVE ( 'NONE', #1970, #3398, #345, .T. ) ;
#1893 = FACE_OUTER_BOUND ( 'NONE', #1806, .T. ) ;
#1894 = EDGE_CURVE ( 'NONE', #1112, #3806, #2899, .T. ) ;
#1895 = AXIS2_PLACEMENT_3D ( 'NONE', #2322, #3171, #1710 ) ;
#1896 = AXIS2_PLACEMENT_3D ( 'NONE', #3665, #1467, #1165 ) ;
#1897 = VERTEX_POINT ( 'NONE', #800 ) ;
#1898 = CARTESIAN_POINT ( 'NONE',  ( 0.000000000000000000, 0.000000000000000000, -40.99999999999999289 ) ) ;
#1899 = CARTESIAN_POINT ( 'NONE',  ( 0.000000000000000000, 0.000000000000000000, 36.60000000000000142 ) ) ;
#1900 = EDGE_CURVE ( 'NONE', #243, #325, #3816, .T. ) ;
#1901 = VERTEX_POINT ( 'NONE', #740 ) ;
#1902 = DIRECTION ( 'NONE',  ( 1.000000000000000000, 0.000000000000000000, 0.000000000000000000 ) ) ;
#1903 = ORIENTED_EDGE ( 'NONE', *, *, #3150, .T. ) ;
#1904 = ORIENTED_EDGE ( 'NONE', *, *, #1573, .F. ) ;
#1905 = PRESENTATION_STYLE_ASSIGNMENT (( #3416 ) ) ;
#1906 = DIRECTION ( 'NONE',  ( 0.7071067811865321406, 8.659560562354745504E-17, -0.7071067811865627828 ) ) ;
#1907 = CARTESIAN_POINT ( 'NONE',  ( 0.000000000000000000, 0.000000000000000000, 36.60000000000000142 ) ) ;
#1908 = CARTESIAN_POINT ( 'NONE',  ( 11.14004334816453401, -0.4406105763984631829, -42.69093140040179435 ) ) ;
#1909 = ORIENTED_EDGE ( 'NONE', *, *, #3432, .F. ) ;
#1910 = DIRECTION ( 'NONE',  ( 1.000000000000000000, 0.000000000000000000, 0.000000000000000000 ) ) ;
#1911 = VECTOR ( 'NONE', #707, 1000.000000000000000 ) ;
#1912 = ADVANCED_FACE ( 'NONE', ( #425, #2583 ), #3233, .T. ) ;
#1913 = CYLINDRICAL_SURFACE ( 'NONE', #2646, 5.799999999999999822 ) ;
#1914 = LINE ( 'NONE', #2836, #819 ) ;
#1915 = AXIS2_PLACEMENT_3D ( 'NONE', #662, #3136, #3400 ) ;
#1916 = DIRECTION ( 'NONE',  ( -0.000000000000000000, -0.000000000000000000, 1.000000000000000000 ) ) ;
#1917 = EDGE_CURVE ( 'NONE', #1774, #996, #1355, .T. ) ;
#1918 = EDGE_CURVE ( 'NONE', #1935, #3108, #3867, .T. ) ;
#1919 = EDGE_LOOP ( 'NONE', ( #3104, #778 ) ) ;
#1920 = CARTESIAN_POINT ( 'NONE',  ( -2.999999999999999112, 4.031657386773941809, 39.60000000000000142 ) ) ;
#1921 = ORIENTED_EDGE ( 'NONE', *, *, #311, .T. ) ;
#1922 = CYLINDRICAL_SURFACE ( 'NONE', #733, 1.529999999999999805 ) ;
#1923 = ADVANCED_FACE ( 'NONE', ( #167 ), #3559, .F. ) ;
#1924 = ORIENTED_EDGE ( 'NONE', *, *, #267, .T. ) ;
#1925 = PLANE ( 'NONE',  #718 ) ;
#1926 = CARTESIAN_POINT ( 'NONE',  ( 0.000000000000000000, 0.000000000000000000, 38.60000000000000142 ) ) ;
#1927 = LINE ( 'NONE', #1620, #2621 ) ;
#1928 = EDGE_LOOP ( 'NONE', ( #1496, #1042, #1921, #2550 ) ) ;
#1929 = ORIENTED_EDGE ( 'NONE', *, *, #137, .F. ) ;
#1930 = CARTESIAN_POINT ( 'NONE',  ( -11.14004334816453401, 1.154342185340587523, -45.00000000000000000 ) ) ;
#1931 = CARTESIAN_POINT ( 'NONE',  ( 0.000000000000000000, 0.000000000000000000, -38.00000000000000000 ) ) ;
#1932 =( NAMED_UNIT ( * ) PLANE_ANGLE_UNIT ( ) SI_UNIT ( $, .RADIAN. ) );
#1933 = EDGE_CURVE ( 'NONE', #1748, #3472, #484, .T. ) ;
#1934 = CARTESIAN_POINT ( 'NONE',  ( -0.8999999999999998002, 5.004870093650514384, 38.60000000000000142 ) ) ;
#1935 = VERTEX_POINT ( 'NONE', #1728 ) ;
#1936 = AXIS2_PLACEMENT_3D ( 'NONE', #2005, #190, #3191 ) ;
#1937 = CARTESIAN_POINT ( 'NONE',  ( -0.6999999999999992895, 4.039801975344831320, 38.60000000000000142 ) ) ;
#1938 = ORIENTED_EDGE ( 'NONE', *, *, #1592, .F. ) ;
#1939 = VECTOR ( 'NONE', #728, 1000.000000000000000 ) ;
#1940 = PLANE ( 'NONE',  #3046 ) ;
#1941 = EDGE_LOOP ( 'NONE', ( #540, #1609, #2426, #3546 ) ) ;
#1942 = EDGE_CURVE ( 'NONE', #2059, #1636, #969, .T. ) ;
#1943 = DIRECTION ( 'NONE',  ( 1.000000000000000000, 0.000000000000000000, -0.000000000000000000 ) ) ;
#1944 = DIRECTION ( 'NONE',  ( 0.000000000000000000, 0.000000000000000000, 1.000000000000000000 ) ) ;
#1945 = CARTESIAN_POINT ( 'NONE',  ( 0.000000000000000000, 0.000000000000000000, 36.60000000000000142 ) ) ;
#1946 = ORIENTED_EDGE ( 'NONE', *, *, #2776, .F. ) ;
#1947 = VERTEX_POINT ( 'NONE', #446 ) ;
#1948 = PLANE ( 'NONE',  #1277 ) ;
#1949 = FACE_OUTER_BOUND ( 'NONE', #1919, .T. ) ;
#1950 = AXIS2_PLACEMENT_3D ( 'NONE', #3852, #2864, #2279 ) ;
#1951 = CARTESIAN_POINT ( 'NONE',  ( -9.140043348164534009, -0.4406105763984632384, -42.69093140040179435 ) ) ;
#1952 = AXIS2_PLACEMENT_3D ( 'NONE', #556, #870, #7 ) ;
#1953 = VECTOR ( 'NONE', #1124, 1000.000000000000000 ) ;
#1954 = ORIENTED_EDGE ( 'NONE', *, *, #1427, .T. ) ;
#1955 = VECTOR ( 'NONE', #3866, 1000.000000000000000 ) ;
#1956 = ORIENTED_EDGE ( 'NONE', *, *, #1775, .F. ) ;
#1957 = EDGE_CURVE ( 'NONE', #445, #1783, #30, .T. ) ;
#1958 = VECTOR ( 'NONE', #539, 1000.000000000000000 ) ;
#1959 = LINE ( 'NONE', #1368, #367 ) ;
#1960 = ORIENTED_EDGE ( 'NONE', *, *, #1177, .F. ) ;
#1961 = CIRCLE ( 'NONE', #239, 0.5035647862710255218 ) ;
#1962 = EDGE_CURVE ( 'NONE', #3711, #395, #2513, .T. ) ;
#1963 = DIRECTION ( 'NONE',  ( 1.000000000000000000, -0.000000000000000000, -0.000000000000000000 ) ) ;
#1964 = ORIENTED_EDGE ( 'NONE', *, *, #3930, .F. ) ;
#1965 = DIRECTION ( 'NONE',  ( 1.000000000000000000, 0.000000000000000000, 0.000000000000000000 ) ) ;
#1966 = EDGE_CURVE ( 'NONE', #3358, #2563, #1061, .T. ) ;
#1967 = DIRECTION ( 'NONE',  ( 1.000000000000000000, 0.000000000000000000, 0.000000000000000000 ) ) ;
#1968 = EDGE_CURVE ( 'NONE', #1712, #3398, #779, .T. ) ;
#1969 = CARTESIAN_POINT ( 'NONE',  ( -10.85995665183546421, 0.06295420987255921641, -42.18736661413077371 ) ) ;
#1970 = VERTEX_POINT ( 'NONE', #1987 ) ;
#1971 = ORIENTED_EDGE ( 'NONE', *, *, #474, .F. ) ;
#1972 = CARTESIAN_POINT ( 'NONE',  ( 0.000000000000000000, 0.2900000000000003131, 38.60000000000000142 ) ) ;
#1973 = FACE_OUTER_BOUND ( 'NONE', #3489, .T. ) ;
#1974 = LINE ( 'NONE', #3469, #1843 ) ;
#1975 = ADVANCED_FACE ( 'NONE', ( #3212 ), #463, .F. ) ;
#1976 = DIRECTION ( 'NONE',  ( 0.000000000000000000, 0.000000000000000000, -1.000000000000000000 ) ) ;
#1977 = CIRCLE ( 'NONE', #693, 0.5035647862710255218 ) ;
#1978 = ORIENTED_EDGE ( 'NONE', *, *, #3507, .T. ) ;
#1979 = CIRCLE ( 'NONE', #384, 1.500000000000000000 ) ;
#1980 = EDGE_LOOP ( 'NONE', ( #144, #456, #597, #1409 ) ) ;
#1981 = AXIS2_PLACEMENT_3D ( 'NONE', #1763, #2669, #3239 ) ;
#1982 = FACE_OUTER_BOUND ( 'NONE', #1328, .T. ) ;
#1983 = VERTEX_POINT ( 'NONE', #1457 ) ;
#1984 = CARTESIAN_POINT ( 'NONE',  ( -0.7000000000000000666, 5.004870093650514384, 39.60000000000000142 ) ) ;
#1985 = DIRECTION ( 'NONE',  ( -1.000000000000000000, 2.168404344971010594E-16, -0.000000000000000000 ) ) ;
#1986 = EDGE_LOOP ( 'NONE', ( #2058, #3357, #387, #401 ) ) ;
#1987 = CARTESIAN_POINT ( 'NONE',  ( 14.00000000000000000, 1.714505518806294638E-15, 0.9999999999999940048 ) ) ;
#1988 = CARTESIAN_POINT ( 'NONE',  ( 0.000000000000000000, 0.000000000000000000, 0.9999999999999940048 ) ) ;
#1989 = VERTEX_POINT ( 'NONE', #3955 ) ;
#1990 = EDGE_LOOP ( 'NONE', ( #1698, #2840, #1214, #3057 ) ) ;
#1991 = AXIS2_PLACEMENT_3D ( 'NONE', #3383, #2737, #1466 ) ;
#1992 = ORIENTED_EDGE ( 'NONE', *, *, #3591, .T. ) ;
#1993 = DIRECTION ( 'NONE',  ( -0.000000000000000000, -0.000000000000000000, 1.000000000000000000 ) ) ;
#1994 = FACE_OUTER_BOUND ( 'NONE', #892, .T. ) ;
#1995 = CYLINDRICAL_SURFACE ( 'NONE', #2, 2.494876383510878259 ) ;
#1996 = CYLINDRICAL_SURFACE ( 'NONE', #1243, 1.120000000000000107 ) ;
#1997 = ORIENTED_EDGE ( 'NONE', *, *, #2807, .T. ) ;
#1998 = CARTESIAN_POINT ( 'NONE',  ( 0.000000000000000000, 0.000000000000000000, -44.00000000000000000 ) ) ;
#1999 = ORIENTED_EDGE ( 'NONE', *, *, #2086, .T. ) ;
#2000 = CYLINDRICAL_SURFACE ( 'NONE', #542, 0.5035647862710255218 ) ;
#2001 = AXIS2_PLACEMENT_3D ( 'NONE', #3837, #2321, #3875 ) ;
#2002 = DIRECTION ( 'NONE',  ( -0.000000000000000000, -0.000000000000000000, 1.000000000000000000 ) ) ;
#2003 = EDGE_LOOP ( 'NONE', ( #2681, #1064, #1815, #412 ) ) ;
#2004 = CIRCLE ( 'NONE', #3929, 0.6499999999999991340 ) ;
#2005 = CARTESIAN_POINT ( 'NONE',  ( 0.000000000000000000, 0.000000000000000000, 38.40000000000001279 ) ) ;
#2006 = DIRECTION ( 'NONE',  ( 0.000000000000000000, 0.000000000000000000, 1.000000000000000000 ) ) ;
#2007 = FACE_OUTER_BOUND ( 'NONE', #3475, .T. ) ;
#2008 = ORIENTED_EDGE ( 'NONE', *, *, #2386, .F. ) ;
#2009 = ORIENTED_EDGE ( 'NONE', *, *, #2530, .T. ) ;
#2010 = CARTESIAN_POINT ( 'NONE',  ( -10.85995665183546421, 1.154342185340587523, -39.00000000000000000 ) ) ;
#2011 = LINE ( 'NONE', #452, #42 ) ;
#2012 = DIRECTION ( 'NONE',  ( 0.000000000000000000, 0.000000000000000000, -1.000000000000000000 ) ) ;
#2013 = DIRECTION ( 'NONE',  ( 1.000000000000000000, -0.000000000000000000, -0.000000000000000000 ) ) ;
#2014 = ORIENTED_EDGE ( 'NONE', *, *, #2133, .F. ) ;
#2015 = EDGE_CURVE ( 'NONE', #3307, #3911, #3096, .T. ) ;
#2016 = ADVANCED_FACE ( 'NONE', ( #538 ), #2360, .T. ) ;
#2017 = LINE ( 'NONE', #2656, #616 ) ;
#2018 = ORIENTED_EDGE ( 'NONE', *, *, #3742, .T. ) ;
#2019 = CIRCLE ( 'NONE', #298, 1.000000000000000000 ) ;
#2020 = AXIS2_PLACEMENT_3D ( 'NONE', #2447, #2126, #3360 ) ;
#2021 = CARTESIAN_POINT ( 'NONE',  ( 12.00000000000000000, 2.500000000000000444, -39.00000000000000000 ) ) ;
#2022 = CIRCLE ( 'NONE', #44, 2.999999999999999556 ) ;
#2023 = DIRECTION ( 'NONE',  ( 0.000000000000000000, 0.000000000000000000, 1.000000000000000000 ) ) ;
#2024 = EDGE_CURVE ( 'NONE', #1384, #2162, #218, .T. ) ;
#2025 = ORIENTED_EDGE ( 'NONE', *, *, #2678, .T. ) ;
#2026 = VECTOR ( 'NONE', #2886, 1000.000000000000000 ) ;
#2027 = DIRECTION ( 'NONE',  ( 0.000000000000000000, 0.000000000000000000, 1.000000000000000000 ) ) ;
#2028 = AXIS2_PLACEMENT_3D ( 'NONE', #848, #3922, #555 ) ;
#2029 = DIRECTION ( 'NONE',  ( 1.000000000000000000, 0.000000000000000000, 0.000000000000000000 ) ) ;
#2030 = CARTESIAN_POINT ( 'NONE',  ( 2.777777777777777235, 4.447397096415489415, 39.60000000000000142 ) ) ;
#2031 = ORIENTED_EDGE ( 'NONE', *, *, #2356, .F. ) ;
#2032 = DIRECTION ( 'NONE',  ( 1.000000000000000000, 0.000000000000000000, 0.000000000000000000 ) ) ;
#2033 = DIRECTION ( 'NONE',  ( 1.000000000000000000, 0.000000000000000000, 0.000000000000000000 ) ) ;
#2034 = FACE_OUTER_BOUND ( 'NONE', #1571, .T. ) ;
#2035 = LINE ( 'NONE', #1109, #3754 ) ;
#2036 = ADVANCED_FACE ( 'NONE', ( #1173 ), #2103, .T. ) ;
#2037 = DIRECTION ( 'NONE',  ( 0.000000000000000000, 0.000000000000000000, 1.000000000000000000 ) ) ;
#2038 = EDGE_CURVE ( 'NONE', #722, #1228, #2320, .T. ) ;
#2039 = VECTOR ( 'NONE', #2887, 1000.000000000000000 ) ;
#2040 = ORIENTED_EDGE ( 'NONE', *, *, #3807, .F. ) ;
#2041 = AXIS2_PLACEMENT_3D ( 'NONE', #860, #2091, #3602 ) ;
#2042 = CYLINDRICAL_SURFACE ( 'NONE', #3430, 0.1999999999999996503 ) ;
#2043 = DIRECTION ( 'NONE',  ( -1.000000000000000000, -1.224646799147353207E-16, 0.000000000000000000 ) ) ;
#2044 = VERTEX_POINT ( 'NONE', #578 ) ;
#2045 = DIRECTION ( 'NONE',  ( -0.000000000000000000, -0.000000000000000000, -1.000000000000000000 ) ) ;
#2046 = DIRECTION ( 'NONE',  ( 1.000000000000000000, 0.000000000000000000, 0.000000000000000000 ) ) ;
#2047 = FACE_OUTER_BOUND ( 'NONE', #1990, .T. ) ;
#2048 = VERTEX_POINT ( 'NONE', #2402 ) ;
#2049 = CARTESIAN_POINT ( 'NONE',  ( 0.000000000000000000, 0.000000000000000000, 38.60000000000000142 ) ) ;
#2050 = DIRECTION ( 'NONE',  ( 0.000000000000000000, 0.000000000000000000, 1.000000000000000000 ) ) ;
#2051 = DIRECTION ( 'NONE',  ( -1.000000000000000000, -0.000000000000000000, -0.000000000000000000 ) ) ;
#2052 = AXIS2_PLACEMENT_3D ( 'NONE', #2877, #2250, #2639 ) ;
#2053 = CYLINDRICAL_SURFACE ( 'NONE', #1380, 2.999999999999999556 ) ;
#2054 = AXIS2_PLACEMENT_3D ( 'NONE', #2719, #618, #3028 ) ;
#2055 = ORIENTED_EDGE ( 'NONE', *, *, #2745, .T. ) ;
#2056 = FACE_OUTER_BOUND ( 'NONE', #3451, .T. ) ;
#2057 = CARTESIAN_POINT ( 'NONE',  ( 3.700000000000000178, 4.531193156845206201E-16, -40.99999999999999289 ) ) ;
#2058 = ORIENTED_EDGE ( 'NONE', *, *, #3762, .F. ) ;
#2059 = VERTEX_POINT ( 'NONE', #877 ) ;
#2060 = LINE ( 'NONE', #270, #1423 ) ;
#2061 = DIRECTION ( 'NONE',  ( 1.000000000000000000, 2.168404344971010840E-16, 0.000000000000000000 ) ) ;
#2062 = EDGE_CURVE ( 'NONE', #1597, #1756, #2704, .T. ) ;
#2063 = AXIS2_PLACEMENT_3D ( 'NONE', #3496, #2608, #2629 ) ;
#2064 = ORIENTED_EDGE ( 'NONE', *, *, #3522, .F. ) ;
#2065 = ORIENTED_EDGE ( 'NONE', *, *, #2489, .F. ) ;
#2066 = DIRECTION ( 'NONE',  ( -1.000000000000000000, -2.168404344971008868E-16, 0.000000000000000000 ) ) ;
#2067 = CARTESIAN_POINT ( 'NONE',  ( 0.000000000000000000, 0.000000000000000000, 38.60000000000000142 ) ) ;
#2068 = CARTESIAN_POINT ( 'NONE',  ( 0.000000000000000000, 0.000000000000000000, 38.60000000000000142 ) ) ;
#2069 = ADVANCED_FACE ( 'NONE', ( #3314 ), #3912, .T. ) ;
#2070 = DIRECTION ( 'NONE',  ( 0.000000000000000000, 0.000000000000000000, 1.000000000000000000 ) ) ;
#2071 = CARTESIAN_POINT ( 'NONE',  ( 10.85995665183546421, -1.154342185340587523, -45.00000000000000000 ) ) ;
#2072 = CARTESIAN_POINT ( 'NONE',  ( 0.000000000000000000, 0.000000000000000000, -1.000000000000000888 ) ) ;
#2073 = ORIENTED_EDGE ( 'NONE', *, *, #2115, .T. ) ;
#2074 = EDGE_CURVE ( 'NONE', #2880, #1901, #2060, .T. ) ;
#2075 = SURFACE_STYLE_USAGE ( .BOTH. , #2474 ) ;
#2076 = COLOUR_RGB ( '',1.000000000000000000, 0.7882352941176470340, 0.000000000000000000 ) ;
#2077 = DIRECTION ( 'NONE',  ( 0.000000000000000000, 1.000000000000000000, 0.000000000000000000 ) ) ;
#2078 = ORIENTED_EDGE ( 'NONE', *, *, #1968, .F. ) ;
#2079 = ORIENTED_EDGE ( 'NONE', *, *, #904, .F. ) ;
#2080 = EDGE_LOOP ( 'NONE', ( #3668, #28 ) ) ;
#2081 = VECTOR ( 'NONE', #3280, 1000.000000000000000 ) ;
#2082 = DIRECTION ( 'NONE',  ( 1.000000000000000000, 0.000000000000000000, 0.000000000000000000 ) ) ;
#2083 = VECTOR ( 'NONE', #1871, 1000.000000000000000 ) ;
#2084 = LINE ( 'NONE', #3615, #3698 ) ;
#2085 = CIRCLE ( 'NONE', #366, 1.500000000000000000 ) ;
#2086 = EDGE_CURVE ( 'NONE', #1621, #287, #3031, .T. ) ;
#2087 = ORIENTED_EDGE ( 'NONE', *, *, #1836, .T. ) ;
#2088 = ORIENTED_EDGE ( 'NONE', *, *, #1319, .T. ) ;
#2089 = VECTOR ( 'NONE', #6, 1000.000000000000114 ) ;
#2090 = ADVANCED_FACE ( 'NONE', ( #288, #1497 ), #897, .F. ) ;
#2091 = DIRECTION ( 'NONE',  ( 0.000000000000000000, 0.000000000000000000, 1.000000000000000000 ) ) ;
#2092 = DIRECTION ( 'NONE',  ( 1.000000000000000000, 0.000000000000000000, 0.000000000000000000 ) ) ;
#2093 = DIRECTION ( 'NONE',  ( 0.000000000000000000, 0.000000000000000000, 1.000000000000000000 ) ) ;
#2094 = FACE_BOUND ( 'NONE', #3613, .T. ) ;
#2095 = ADVANCED_FACE ( 'NONE', ( #2422, #1784 ), #3012, .F. ) ;
#2096 = PLANE ( 'NONE',  #868 ) ;
#2097 = CARTESIAN_POINT ( 'NONE',  ( -13.43290166331306601, 0.000000000000000000, -37.00000000000000000 ) ) ;
#2098 = ORIENTED_EDGE ( 'NONE', *, *, #767, .T. ) ;
#2099 = CARTESIAN_POINT ( 'NONE',  ( 0.000000000000000000, 0.000000000000000000, -44.00000000000000000 ) ) ;
#2100 = ORIENTED_EDGE ( 'NONE', *, *, #2324, .T. ) ;
#2101 = VECTOR ( 'NONE', #3604, 1000.000000000000000 ) ;
#2102 = ORIENTED_EDGE ( 'NONE', *, *, #2973, .F. ) ;
#2103 = PLANE ( 'NONE',  #2451 ) ;
#2104 = FACE_OUTER_BOUND ( 'NONE', #2334, .T. ) ;
#2105 = AXIS2_PLACEMENT_3D ( 'NONE', #2068, #2093, #255 ) ;
#2106 = ORIENTED_EDGE ( 'NONE', *, *, #3009, .F. ) ;
#2107 = ORIENTED_EDGE ( 'NONE', *, *, #2304, .F. ) ;
#2108 = EDGE_LOOP ( 'NONE', ( #183, #3367, #1393, #2078 ) ) ;
#2109 = PLANE ( 'NONE',  #2230 ) ;
#2110 = DIRECTION ( 'NONE',  ( 0.000000000000000000, 0.000000000000000000, 1.000000000000000000 ) ) ;
#2111 = CYLINDRICAL_SURFACE ( 'NONE', #3003, 0.4999999999999995559 ) ;
#2112 = DIRECTION ( 'NONE',  ( 1.000000000000000000, 0.000000000000000000, 0.000000000000000000 ) ) ;
#2113 = CARTESIAN_POINT ( 'NONE',  ( -8.800000000000016698, 0.000000000000000000, 38.60000000000000142 ) ) ;
#2114 = DIRECTION ( 'NONE',  ( 1.000000000000000000, -0.000000000000000000, -0.000000000000000000 ) ) ;
#2115 = EDGE_CURVE ( 'NONE', #3224, #3036, #3052, .T. ) ;
#2116 = CIRCLE ( 'NONE', #2239, 2.999999999999999556 ) ;
#2117 = EDGE_LOOP ( 'NONE', ( #11, #1001, #2804, #2687, #2663, #140, #1757, #67, #1220, #2548, #992, #3520 ) ) ;
#2118 = DIRECTION ( 'NONE',  ( -0.000000000000000000, -0.000000000000000000, -1.000000000000000000 ) ) ;
#2119 = ORIENTED_EDGE ( 'NONE', *, *, #874, .T. ) ;
#2120 = EDGE_LOOP ( 'NONE', ( #1461, #1115, #3084, #2810, #1765 ) ) ;
#2121 = CARTESIAN_POINT ( 'NONE',  ( 0.000000000000000000, 0.000000000000000000, -39.00000000000000000 ) ) ;
#2122 = DIRECTION ( 'NONE',  ( 1.000000000000000000, 0.000000000000000000, 0.000000000000000000 ) ) ;
#2123 = ORIENTED_EDGE ( 'NONE', *, *, #2086, .F. ) ;
#2124 = ORIENTED_EDGE ( 'NONE', *, *, #2857, .T. ) ;
#2125 = CARTESIAN_POINT ( 'NONE',  ( -10.00000000000000000, 2.500000000000000888, -39.00000000000000000 ) ) ;
#2126 = DIRECTION ( 'NONE',  ( 0.000000000000000000, 0.000000000000000000, -1.000000000000000000 ) ) ;
#2127 = DIRECTION ( 'NONE',  ( -1.000000000000000000, 1.065814103640150279E-14, 0.000000000000000000 ) ) ;
#2128 = AXIS2_PLACEMENT_3D ( 'NONE', #3795, #2027, #820 ) ;
#2129 = CYLINDRICAL_SURFACE ( 'NONE', #3275, 3.000000000000000444 ) ;
#2130 = VECTOR ( 'NONE', #2855, 1000.000000000000000 ) ;
#2131 = FACE_OUTER_BOUND ( 'NONE', #1686, .T. ) ;
#2132 = CARTESIAN_POINT ( 'NONE',  ( 11.14004334816453401, 1.154342185340587523, -39.00000000000000000 ) ) ;
#2133 = EDGE_CURVE ( 'NONE', #795, #3472, #724, .T. ) ;
#2134 = EDGE_CURVE ( 'NONE', #3763, #187, #2004, .T. ) ;
#2135 = ORIENTED_EDGE ( 'NONE', *, *, #2024, .T. ) ;
#2136 = EDGE_CURVE ( 'NONE', #1403, #3612, #224, .T. ) ;
#2137 = CARTESIAN_POINT ( 'NONE',  ( 0.000000000000000000, 0.000000000000000000, 38.60000000000000142 ) ) ;
#2138 = ORIENTED_EDGE ( 'NONE', *, *, #2931, .F. ) ;
#2139 = ORIENTED_EDGE ( 'NONE', *, *, #1422, .F. ) ;
#2140 = DIRECTION ( 'NONE',  ( 2.168404344971010840E-16, 1.000000000000000000, 0.000000000000000000 ) ) ;
#2141 = CIRCLE ( 'NONE', #3624, 7.200000000000000178 ) ;
#2142 = CARTESIAN_POINT ( 'NONE',  ( 0.000000000000000000, 0.000000000000000000, 36.60000000000000142 ) ) ;
#2143 = ADVANCED_FACE ( 'NONE', ( #621 ), #3073, .F. ) ;
#2144 = ORIENTED_EDGE ( 'NONE', *, *, #20, .T. ) ;
#2145 = ORIENTED_EDGE ( 'NONE', *, *, #3487, .F. ) ;
#2146 = CARTESIAN_POINT ( 'NONE',  ( -4.099999999999999645, 5.021051876504147385E-16, 38.60000000000000142 ) ) ;
#2147 = LINE ( 'NONE', #3381, #3305 ) ;
#2148 = VECTOR ( 'NONE', #1906, 1000.000000000000114 ) ;
#2149 = DIRECTION ( 'NONE',  ( -0.000000000000000000, -0.000000000000000000, -1.000000000000000000 ) ) ;
#2150 = AXIS2_PLACEMENT_3D ( 'NONE', #741, #1642, #1085 ) ;
#2151 = PLANE ( 'NONE',  #1991 ) ;
#2152 = VECTOR ( 'NONE', #1718, 1000.000000000000000 ) ;
#2153 = DIRECTION ( 'NONE',  ( -0.000000000000000000, -0.000000000000000000, -1.000000000000000000 ) ) ;
#2154 = DIRECTION ( 'NONE',  ( -0.000000000000000000, -0.000000000000000000, -1.000000000000000000 ) ) ;
#2155 = ADVANCED_FACE ( 'NONE', ( #1840 ), #983, .T. ) ;
#2156 = VERTEX_POINT ( 'NONE', #3180 ) ;
#2157 = CYLINDRICAL_SURFACE ( 'NONE', #3106, 1.500000000000001332 ) ;
#2158 = ORIENTED_EDGE ( 'NONE', *, *, #3818, .F. ) ;
#2159 = ORIENTED_EDGE ( 'NONE', *, *, #1009, .T. ) ;
#2160 = CARTESIAN_POINT ( 'NONE',  ( 0.000000000000000000, 0.000000000000000000, 38.60000000000000142 ) ) ;
#2161 = CIRCLE ( 'NONE', #3193, 3.000000000000000444 ) ;
#2162 = VERTEX_POINT ( 'NONE', #965 ) ;
#2163 = ORIENTED_EDGE ( 'NONE', *, *, #2324, .F. ) ;
#2164 = CARTESIAN_POINT ( 'NONE',  ( 0.000000000000000000, 11.00000000000000000, 24.60000000000000142 ) ) ;
#2165 = DIRECTION ( 'NONE',  ( -1.000000000000000000, -2.168404344971008868E-16, 0.000000000000000000 ) ) ;
#2166 = CARTESIAN_POINT ( 'NONE',  ( 0.000000000000000000, 0.000000000000000000, 54.60000000000000142 ) ) ;
#2167 = DIRECTION ( 'NONE',  ( -0.000000000000000000, -0.000000000000000000, 1.000000000000000000 ) ) ;
#2168 = LINE ( 'NONE', #55, #2130 ) ;
#2169 = CARTESIAN_POINT ( 'NONE',  ( 0.000000000000000000, 0.2900000000000003131, 39.60000000000000142 ) ) ;
#2170 = DIRECTION ( 'NONE',  ( 0.000000000000000000, 0.000000000000000000, 1.000000000000000000 ) ) ;
#2171 = VERTEX_POINT ( 'NONE', #2248 ) ;
#2172 = DIRECTION ( 'NONE',  ( -0.000000000000000000, -0.000000000000000000, -1.000000000000000000 ) ) ;
#2173 = AXIS2_PLACEMENT_3D ( 'NONE', #964, #74, #1282 ) ;
#2174 = VERTEX_POINT ( 'NONE', #414 ) ;
#2175 = ORIENTED_EDGE ( 'NONE', *, *, #2924, .T. ) ;
#2176 = DIRECTION ( 'NONE',  ( 0.000000000000000000, -1.000000000000000000, 0.000000000000000000 ) ) ;
#2177 = ORIENTED_EDGE ( 'NONE', *, *, #3515, .T. ) ;
#2178 = EDGE_LOOP ( 'NONE', ( #1574, #2445, #3056, #2458, #1075 ) ) ;
#2179 = SURFACE_SIDE_STYLE ('',( #660 ) ) ;
#2180 = EDGE_CURVE ( 'NONE', #1520, #1897, #135, .T. ) ;
#2181 = EDGE_CURVE ( 'NONE', #15, #1774, #2168, .T. ) ;
#2182 = CARTESIAN_POINT ( 'NONE',  ( 0.000000000000000000, 0.000000000000000000, 38.60000000000000142 ) ) ;
#2183 = EDGE_CURVE ( 'NONE', #64, #2585, #436, .T. ) ;
#2184 = CARTESIAN_POINT ( 'NONE',  ( -2.399999999999999023, 3.886873642484539371, 38.60000000000000142 ) ) ;
#2185 = ORIENTED_EDGE ( 'NONE', *, *, #2975, .T. ) ;
#2186 = FACE_OUTER_BOUND ( 'NONE', #1514, .T. ) ;
#2187 = AXIS2_PLACEMENT_3D ( 'NONE', #902, #2385, #1502 ) ;
#2188 = DIRECTION ( 'NONE',  ( 1.000000000000000000, 0.000000000000000000, 0.000000000000000000 ) ) ;
#2189 = DIRECTION ( 'NONE',  ( -1.000000000000000000, -1.953992523340275511E-14, 0.000000000000000000 ) ) ;
#2190 = ADVANCED_FACE ( 'NONE', ( #1585, #2532 ), #1028, .T. ) ;
#2191 = DIRECTION ( 'NONE',  ( -0.000000000000000000, -0.000000000000000000, -1.000000000000000000 ) ) ;
#2192 = ADVANCED_FACE ( 'NONE', ( #3446 ), #3766, .T. ) ;
#2193 = ORIENTED_EDGE ( 'NONE', *, *, #2437, .F. ) ;
#2194 = CARTESIAN_POINT ( 'NONE',  ( -2.777777777777777235, 4.447397096415490303, 39.60000000000000142 ) ) ;
#2195 = CARTESIAN_POINT ( 'NONE',  ( -2.236067977499790693, 2.000000000000000000, 42.60000000000000142 ) ) ;
#2196 = EDGE_LOOP ( 'NONE', ( #1617, #1358, #50, #3617 ) ) ;
#2197 = DIRECTION ( 'NONE',  ( 1.000000000000000000, 0.000000000000000000, 0.000000000000000000 ) ) ;
#2198 = ORIENTED_EDGE ( 'NONE', *, *, #3591, .F. ) ;
#2199 = ADVANCED_FACE ( 'NONE', ( #1949 ), #75, .T. ) ;
#2200 = ORIENTED_EDGE ( 'NONE', *, *, #379, .T. ) ;
#2201 = CARTESIAN_POINT ( 'NONE',  ( 0.000000000000000000, 0.000000000000000000, 54.60000000000000142 ) ) ;
#2202 = FACE_OUTER_BOUND ( 'NONE', #152, .T. ) ;
#2203 = DIRECTION ( 'NONE',  ( -0.000000000000000000, -0.000000000000000000, -1.000000000000000000 ) ) ;
#2204 = ADVANCED_FACE ( 'NONE', ( #2473 ), #1265, .T. ) ;
#2205 = AXIS2_PLACEMENT_3D ( 'NONE', #776, #2926, #1244 ) ;
#2206 = ADVANCED_FACE ( 'NONE', ( #944 ), #1913, .F. ) ;
#2207 = CARTESIAN_POINT ( 'NONE',  ( 4.000000000000000000, 3.290000000000001368, 38.60000000000000142 ) ) ;
#2208 = EDGE_LOOP ( 'NONE', ( #3177, #2464, #2275, #3237 ) ) ;
#2209 = LINE ( 'NONE', #1026, #1911 ) ;
#2210 = AXIS2_PLACEMENT_3D ( 'NONE', #535, #2023, #2581 ) ;
#2211 = AXIS2_PLACEMENT_3D ( 'NONE', #177, #2591, #1362 ) ;
#2212 = CARTESIAN_POINT ( 'NONE',  ( -10.85995665183546421, 1.154342185340587523, -45.00000000000000000 ) ) ;
#2213 = DIRECTION ( 'NONE',  ( 0.000000000000000000, 0.000000000000000000, -1.000000000000000000 ) ) ;
#2214 = DIRECTION ( 'NONE',  ( 1.000000000000000000, 0.000000000000000000, 0.000000000000000000 ) ) ;
#2215 = AXIS2_PLACEMENT_3D ( 'NONE', #999, #1316, #3093 ) ;
#2216 = VECTOR ( 'NONE', #2922, 1000.000000000000000 ) ;
#2217 = ORIENTED_EDGE ( 'NONE', *, *, #1918, .T. ) ;
#2218 = EDGE_CURVE ( 'NONE', #2731, #391, #911, .T. ) ;
#2219 = LINE ( 'NONE', #361, #756 ) ;
#2220 = ORIENTED_EDGE ( 'NONE', *, *, #2668, .F. ) ;
#2221 = LINE ( 'NONE', #2806, #1051 ) ;
#2222 = ORIENTED_EDGE ( 'NONE', *, *, #1654, .T. ) ;
#2223 = CARTESIAN_POINT ( 'NONE',  ( 8.800000000000016698, 1.089935651241145343E-15, 38.60000000000000142 ) ) ;
#2224 = CIRCLE ( 'NONE', #1717, 4.099999999999999645 ) ;
#2225 = LINE ( 'NONE', #431, #1588 ) ;
#2226 = EDGE_LOOP ( 'NONE', ( #3932, #2144, #2582, #1874 ) ) ;
#2227 = AXIS2_PLACEMENT_3D ( 'NONE', #3498, #2949, #2302 ) ;
#2228 = ORIENTED_EDGE ( 'NONE', *, *, #1681, .F. ) ;
#2229 = FACE_BOUND ( 'NONE', #683, .T. ) ;
#2230 = AXIS2_PLACEMENT_3D ( 'NONE', #1789, #919, #625 ) ;
#2231 = DIRECTION ( 'NONE',  ( 0.000000000000000000, 0.000000000000000000, 1.000000000000000000 ) ) ;
#2232 = PRESENTATION_STYLE_ASSIGNMENT (( #3181 ) ) ;
#2233 = DIRECTION ( 'NONE',  ( 0.000000000000000000, 0.000000000000000000, 1.000000000000000000 ) ) ;
#2234 = EDGE_LOOP ( 'NONE', ( #1233, #1682, #2742, #3782 ) ) ;
#2235 = ADVANCED_FACE ( 'NONE', ( #3403 ), #1606, .T. ) ;
#2236 = CARTESIAN_POINT ( 'NONE',  ( 12.84999999999999964, 0.000000000000000000, 0.000000000000000000 ) ) ;
#2237 = EDGE_LOOP ( 'NONE', ( #613, #1002, #3268, #3414 ) ) ;
#2238 = CYLINDRICAL_SURFACE ( 'NONE', #2332, 14.00000000000000000 ) ;
#2239 = AXIS2_PLACEMENT_3D ( 'NONE', #3847, #3243, #495 ) ;
#2240 = ORIENTED_EDGE ( 'NONE', *, *, #2180, .F. ) ;
#2241 = CARTESIAN_POINT ( 'NONE',  ( 5.599999999999999645, 0.000000000000000000, 36.60000000000000142 ) ) ;
#2242 = DIRECTION ( 'NONE',  ( -1.000000000000000000, 0.000000000000000000, 0.000000000000000000 ) ) ;
#2243 = DIRECTION ( 'NONE',  ( 0.000000000000000000, 0.000000000000000000, 1.000000000000000000 ) ) ;
#2244 = VERTEX_POINT ( 'NONE', #116 ) ;
#2245 = EDGE_CURVE ( 'NONE', #2987, #1403, #1703, .T. ) ;
#2246 = ORIENTED_EDGE ( 'NONE', *, *, #3362, .F. ) ;
#2247 = DIRECTION ( 'NONE',  ( -1.000000000000000000, 0.000000000000000000, 0.000000000000000000 ) ) ;
#2248 = CARTESIAN_POINT ( 'NONE',  ( -9.499999999999998224, 0.000000000000000000, 24.60000000000000142 ) ) ;
#2249 = DIRECTION ( 'NONE',  ( 1.000000000000000000, 0.000000000000000000, 0.000000000000000000 ) ) ;
#2250 = DIRECTION ( 'NONE',  ( -1.000000000000000000, 0.000000000000000000, 0.000000000000000000 ) ) ;
#2251 = EDGE_CURVE ( 'NONE', #1817, #2156, #803, .T. ) ;
#2252 = EDGE_LOOP ( 'NONE', ( #449, #1570, #1371, #2518 ) ) ;
#2253 = CIRCLE ( 'NONE', #2772, 0.6500000000000007994 ) ;
#2254 = VECTOR ( 'NONE', #2947, 1000.000000000000000 ) ;
#2255 = CARTESIAN_POINT ( 'NONE',  ( 2.999999999999999112, 4.031657386773941809, 38.60000000000000142 ) ) ;
#2256 = ADVANCED_FACE ( 'NONE', ( #3785 ), #708, .F. ) ;
#2257 = ORIENTED_EDGE ( 'NONE', *, *, #2455, .T. ) ;
#2258 = EDGE_CURVE ( 'NONE', #2710, #2372, #863, .T. ) ;
#2259 = DIRECTION ( 'NONE',  ( 0.000000000000000000, 0.000000000000000000, -1.000000000000000000 ) ) ;
#2260 = EDGE_LOOP ( 'NONE', ( #1549, #3777, #1472, #1904 ) ) ;
#2261 = CARTESIAN_POINT ( 'NONE',  ( -11.14004334816453401, 1.154342185340587523, -45.00000000000000000 ) ) ;
#2262 = CYLINDRICAL_SURFACE ( 'NONE', #2535, 4.999999999999999112 ) ;
#2263 = EDGE_CURVE ( 'NONE', #722, #3398, #2011, .T. ) ;
#2264 = DIRECTION ( 'NONE',  ( 0.000000000000000000, 1.000000000000000000, 0.000000000000000000 ) ) ;
#2265 = ORIENTED_EDGE ( 'NONE', *, *, #1017, .F. ) ;
#2266 = EDGE_LOOP ( 'NONE', ( #202, #3478 ) ) ;
#2267 = DIRECTION ( 'NONE',  ( -0.000000000000000000, -0.000000000000000000, 1.000000000000000000 ) ) ;
#2268 = CARTESIAN_POINT ( 'NONE',  ( 2.999999999999999112, 4.031657386773941809, 39.60000000000000142 ) ) ;
#2269 = CIRCLE ( 'NONE', #3747, 0.6499999999999991340 ) ;
#2270 = DIRECTION ( 'NONE',  ( 0.000000000000000000, 0.000000000000000000, -1.000000000000000000 ) ) ;
#2271 = LINE ( 'NONE', #791, #1955 ) ;
#2272 = AXIS2_PLACEMENT_3D ( 'NONE', #3000, #3607, #3065 ) ;
#2273 = CIRCLE ( 'NONE', #1054, 0.5035647862710255218 ) ;
#2274 = CIRCLE ( 'NONE', #1564, 13.84999999999999964 ) ;
#2275 = ORIENTED_EDGE ( 'NONE', *, *, #1084, .F. ) ;
#2276 = AXIS2_PLACEMENT_3D ( 'NONE', #3149, #90, #2523 ) ;
#2277 = CARTESIAN_POINT ( 'NONE',  ( -0.6999999999999992895, 3.207190429162964040, 38.60000000000000142 ) ) ;
#2278 = ORIENTED_EDGE ( 'NONE', *, *, #835, .T. ) ;
#2279 = DIRECTION ( 'NONE',  ( 0.000000000000000000, -0.000000000000000000, -1.000000000000000000 ) ) ;
#2280 = DIRECTION ( 'NONE',  ( 1.000000000000000000, 0.000000000000000000, -0.000000000000000000 ) ) ;
#2281 = EDGE_LOOP ( 'NONE', ( #3511, #2478, #771, #3435 ) ) ;
#2282 = CARTESIAN_POINT ( 'NONE',  ( 9.140043348164534009, 0.5665189961435816990, -42.69093140040179435 ) ) ;
#2283 = FACE_OUTER_BOUND ( 'NONE', #1645, .T. ) ;
#2284 = LINE ( 'NONE', #2030, #2039 ) ;
#2285 = ORIENTED_EDGE ( 'NONE', *, *, #1962, .T. ) ;
#2286 = VERTEX_POINT ( 'NONE', #215 ) ;
#2287 = CARTESIAN_POINT ( 'NONE',  ( 0.000000000000000000, 0.2900000000000003131, 39.60000000000000142 ) ) ;
#2288 = DIRECTION ( 'NONE',  ( -0.000000000000000000, -0.000000000000000000, -1.000000000000000000 ) ) ;
#2289 = PLANE ( 'NONE',  #942 ) ;
#2290 = DIRECTION ( 'NONE',  ( 0.000000000000000000, 0.000000000000000000, 1.000000000000000000 ) ) ;
#2291 = CIRCLE ( 'NONE', #3324, 7.349999999999999645 ) ;
#2292 = AXIS2_PLACEMENT_3D ( 'NONE', #3880, #1668, #3862 ) ;
#2293 = ORIENTED_EDGE ( 'NONE', *, *, #1942, .T. ) ;
#2294 = AXIS2_PLACEMENT_3D ( 'NONE', #1907, #1559, #1579 ) ;
#2295 = DIRECTION ( 'NONE',  ( -0.000000000000000000, -0.000000000000000000, 1.000000000000000000 ) ) ;
#2296 = EDGE_LOOP ( 'NONE', ( #3821, #1720, #2645, #3726 ) ) ;
#2297 = CYLINDRICAL_SURFACE ( 'NONE', #2205, 2.494876383510878259 ) ;
#2298 = PLANE ( 'NONE',  #3434 ) ;
#2299 = ORIENTED_EDGE ( 'NONE', *, *, #3570, .F. ) ;
#2300 = DIRECTION ( 'NONE',  ( -0.000000000000000000, -0.000000000000000000, -1.000000000000000000 ) ) ;
#2301 = DIRECTION ( 'NONE',  ( 1.000000000000000000, 0.000000000000000000, 0.000000000000000000 ) ) ;
#2302 = DIRECTION ( 'NONE',  ( -1.000000000000000000, 0.000000000000000000, 0.000000000000000000 ) ) ;
#2303 = EDGE_LOOP ( 'NONE', ( #348, #765, #25, #1192 ) ) ;
#2304 = EDGE_CURVE ( 'NONE', #3764, #2563, #808, .T. ) ;
#2305 = AXIS2_PLACEMENT_3D ( 'NONE', #2472, #2070, #553 ) ;
#2306 = VERTEX_POINT ( 'NONE', #3200 ) ;
#2307 = CARTESIAN_POINT ( 'NONE',  ( 0.000000000000000000, 0.000000000000000000, 0.9999999999999940048 ) ) ;
#2308 = EDGE_CURVE ( 'NONE', #3045, #634, #3240, .T. ) ;
#2309 = APPLICATION_PROTOCOL_DEFINITION ( 'draft international standard', 'automotive_design', 1998, #1633 ) ;
#2310 = CYLINDRICAL_SURFACE ( 'NONE', #3886, 7.200000000000000178 ) ;
#2311 = CARTESIAN_POINT ( 'NONE',  ( -5.799999999999999822, 7.102951435054647665E-16, 38.60000000000000142 ) ) ;
#2312 = DIRECTION ( 'NONE',  ( 1.000000000000000000, 0.000000000000000000, 0.000000000000000000 ) ) ;
#2313 = VERTEX_POINT ( 'NONE', #1670 ) ;
#2314 = ADVANCED_FACE ( 'NONE', ( #1994 ), #470, .T. ) ;
#2315 = DIRECTION ( 'NONE',  ( 0.000000000000000000, 0.000000000000000000, -1.000000000000000000 ) ) ;
#2316 = VERTEX_POINT ( 'NONE', #529 ) ;
#2317 = LINE ( 'NONE', #460, #1626 ) ;
#2318 = CARTESIAN_POINT ( 'NONE',  ( -2.337645500118155084, 3.609073775330360334, 38.60000000000000142 ) ) ;
#2319 = EDGE_LOOP ( 'NONE', ( #2783, #1997 ) ) ;
#2320 = CIRCLE ( 'NONE', #595, 12.99999999999999822 ) ;
#2321 = DIRECTION ( 'NONE',  ( -0.000000000000000000, -0.000000000000000000, 1.000000000000000000 ) ) ;
#2322 = CARTESIAN_POINT ( 'NONE',  ( 0.000000000000000000, 0.000000000000000000, 38.60000000000000142 ) ) ;
#2323 = CARTESIAN_POINT ( 'NONE',  ( -11.00000000000000000, 0.000000000000000000, 36.60000000000000142 ) ) ;
#2324 = EDGE_CURVE ( 'NONE', #3612, #2919, #2273, .T. ) ;
#2325 = ORIENTED_EDGE ( 'NONE', *, *, #1473, .F. ) ;
#2326 = LINE ( 'NONE', #3563, #883 ) ;
#2327 = DIRECTION ( 'NONE',  ( 1.000000000000000000, 0.000000000000000000, 0.000000000000000000 ) ) ;
#2328 = CARTESIAN_POINT ( 'NONE',  ( 10.00000000000000000, 2.500000000000000888, -39.00000000000000000 ) ) ;
#2329 = EDGE_CURVE ( 'NONE', #1651, #3541, #300, .T. ) ;
#2330 = CARTESIAN_POINT ( 'NONE',  ( -2.999999999999999556, 0.2900000000000003131, 38.60000000000000142 ) ) ;
#2331 = CARTESIAN_POINT ( 'NONE',  ( 0.000000000000000000, 0.000000000000000000, 36.60000000000000142 ) ) ;
#2332 = AXIS2_PLACEMENT_3D ( 'NONE', #145, #3538, #479 ) ;
#2333 = EDGE_CURVE ( 'NONE', #1989, #3011, #1090, .T. ) ;
#2334 = EDGE_LOOP ( 'NONE', ( #2479, #1456, #705, #1271 ) ) ;
#2335 = AXIS2_PLACEMENT_3D ( 'NONE', #1768, #2995, #1540 ) ;
#2336 = DIRECTION ( 'NONE',  ( -1.000000000000000000, 0.000000000000000000, 0.000000000000000000 ) ) ;
#2337 = ORIENTED_EDGE ( 'NONE', *, *, #3009, .T. ) ;
#2338 = CIRCLE ( 'NONE', #1246, 3.000000000000000444 ) ;
#2339 = CARTESIAN_POINT ( 'NONE',  ( -10.00000000000000000, 2.500000000000000888, -39.00000000000000000 ) ) ;
#2340 = CIRCLE ( 'NONE', #1896, 1.529999999999999805 ) ;
#2341 = CARTESIAN_POINT ( 'NONE',  ( -3.199999999999999734, 2.689999999999999503, 38.60000000000000142 ) ) ;
#2342 =( NAMED_UNIT ( * ) PLANE_ANGLE_UNIT ( ) SI_UNIT ( $, .RADIAN. ) );
#2343 = EDGE_CURVE ( 'NONE', #1712, #3593, #924, .T. ) ;
#2344 = EDGE_LOOP ( 'NONE', ( #1954, #3749, #2863, #3957 ) ) ;
#2345 = EDGE_CURVE ( 'NONE', #205, #450, #2913, .T. ) ;
#2346 = CYLINDRICAL_SURFACE ( 'NONE', #1330, 1.500000000000000000 ) ;
#2347 = CARTESIAN_POINT ( 'NONE',  ( 10.85995665183546421, 0.06295420987255921641, -44.64334925594382497 ) ) ;
#2348 = PLANE ( 'NONE',  #1392 ) ;
#2349 = VECTOR ( 'NONE', #398, 1000.000000000000000 ) ;
#2350 = DIRECTION ( 'NONE',  ( -1.000000000000000000, 0.000000000000000000, -0.000000000000000000 ) ) ;
#2351 = CIRCLE ( 'NONE', #3002, 5.599999999999999645 ) ;
#2352 = EDGE_CURVE ( 'NONE', #1799, #3378, #233, .T. ) ;
#2353 = AXIS2_PLACEMENT_3D ( 'NONE', #3877, #3525, #525 ) ;
#2354 = ORIENTED_EDGE ( 'NONE', *, *, #3345, .T. ) ;
#2355 = VECTOR ( 'NONE', #2551, 1000.000000000000000 ) ;
#2356 = EDGE_CURVE ( 'NONE', #3004, #2059, #1759, .T. ) ;
#2357 = PLANE ( 'NONE',  #2525 ) ;
#2358 = FACE_OUTER_BOUND ( 'NONE', #997, .T. ) ;
#2359 = ORIENTED_EDGE ( 'NONE', *, *, #1420, .T. ) ;
#2360 = CYLINDRICAL_SURFACE ( 'NONE', #3869, 1.120000000000000107 ) ;
#2361 = CARTESIAN_POINT ( 'NONE',  ( 2.400000000000000799, 3.886873642484539371, 39.60000000000000142 ) ) ;
#2362 = ORIENTED_EDGE ( 'NONE', *, *, #3187, .F. ) ;
#2363 = ORIENTED_EDGE ( 'NONE', *, *, #420, .F. ) ;
#2364 = DIRECTION ( 'NONE',  ( 0.000000000000000000, 0.000000000000000000, 1.000000000000000000 ) ) ;
#2365 = DIRECTION ( 'NONE',  ( 1.000000000000000000, 0.000000000000000000, 0.000000000000000000 ) ) ;
#2366 = FACE_OUTER_BOUND ( 'NONE', #2884, .T. ) ;
#2367 = VECTOR ( 'NONE', #96, 1000.000000000000000 ) ;
#2368 = EDGE_CURVE ( 'NONE', #2444, #522, #2615, .T. ) ;
#2369 = ORIENTED_EDGE ( 'NONE', *, *, #1550, .T. ) ;
#2370 = CARTESIAN_POINT ( 'NONE',  ( -9.140043348164534009, -0.4406105763984632384, -44.13978446967280433 ) ) ;
#2371 = AXIS2_PLACEMENT_3D ( 'NONE', #3651, #2509, #23 ) ;
#2372 = VERTEX_POINT ( 'NONE', #2976 ) ;
#2373 = CARTESIAN_POINT ( 'NONE',  ( 0.6999999999999992895, 5.004870093650514384, 39.60000000000000142 ) ) ;
#2374 = ADVANCED_FACE ( 'NONE', ( #2892 ), #3506, .T. ) ;
#2375 = DIRECTION ( 'NONE',  ( 1.000000000000000000, 0.000000000000000000, -0.000000000000000000 ) ) ;
#2376 = ORIENTED_EDGE ( 'NONE', *, *, #197, .F. ) ;
#2377 = ADVANCED_FACE ( 'NONE', ( #1973 ), #2310, .T. ) ;
#2378 = ORIENTED_EDGE ( 'NONE', *, *, #1493, .T. ) ;
#2379 = VERTEX_POINT ( 'NONE', #1424 ) ;
#2380 = DIRECTION ( 'NONE',  ( 0.000000000000000000, -1.000000000000000000, 0.000000000000000000 ) ) ;
#2381 = CARTESIAN_POINT ( 'NONE',  ( 0.000000000000000000, 0.000000000000000000, 38.60000000000000142 ) ) ;
#2382 = AXIS2_PLACEMENT_3D ( 'NONE', #1315, #1943, #1276 ) ;
#2383 = EDGE_LOOP ( 'NONE', ( #1701, #2933 ) ) ;
#2384 = ORIENTED_EDGE ( 'NONE', *, *, #1770, .F. ) ;
#2385 = DIRECTION ( 'NONE',  ( 0.000000000000000000, 0.000000000000000000, 1.000000000000000000 ) ) ;
#2386 = EDGE_CURVE ( 'NONE', #577, #875, #2652, .T. ) ;
#2387 = FACE_OUTER_BOUND ( 'NONE', #2703, .T. ) ;
#2388 = DIRECTION ( 'NONE',  ( -0.000000000000000000, -0.000000000000000000, 1.000000000000000000 ) ) ;
#2389 = DIRECTION ( 'NONE',  ( 0.000000000000000000, 0.000000000000000000, 1.000000000000000000 ) ) ;
#2390 = LINE ( 'NONE', #2113, #2089 ) ;
#2391 = CARTESIAN_POINT ( 'NONE',  ( -9.000000000000000000, 0.000000000000000000, 36.60000000000000142 ) ) ;
#2392 = EDGE_LOOP ( 'NONE', ( #3710, #3037, #365, #1623, #2185 ) ) ;
#2393 = FILL_AREA_STYLE_COLOUR ( '', #2076 ) ;
#2394 = VECTOR ( 'NONE', #3727, 1000.000000000000000 ) ;
#2395 = ORIENTED_EDGE ( 'NONE', *, *, #2807, .F. ) ;
#2396 = FACE_OUTER_BOUND ( 'NONE', #1839, .T. ) ;
#2397 = ORIENTED_EDGE ( 'NONE', *, *, #476, .T. ) ;
#2398 = ADVANCED_BREP_SHAPE_REPRESENTATION ( 'PA28-28245800-G100', ( #3332, #1981 ), #631 ) ;
#2399 = ORIENTED_EDGE ( 'NONE', *, *, #2557, .T. ) ;
#2400 = AXIS2_PLACEMENT_3D ( 'NONE', #2831, #2758, #3737 ) ;
#2401 = AXIS2_PLACEMENT_3D ( 'NONE', #2067, #2110, #1485 ) ;
#2402 = CARTESIAN_POINT ( 'NONE',  ( -1.100000000000000755, 3.886873642484539371, 39.60000000000000142 ) ) ;
#2403 = VECTOR ( 'NONE', #1916, 1000.000000000000000 ) ;
#2404 = DIRECTION ( 'NONE',  ( 0.000000000000000000, 0.000000000000000000, 1.000000000000000000 ) ) ;
#2405 = AXIS2_PLACEMENT_3D ( 'NONE', #3876, #3581, #2301 ) ;
#2406 = ORIENTED_EDGE ( 'NONE', *, *, #2857, .F. ) ;
#2407 = VERTEX_POINT ( 'NONE', #2347 ) ;
#2408 = AXIS2_PLACEMENT_3D ( 'NONE', #3126, #2172, #3409 ) ;
#2409 = CARTESIAN_POINT ( 'NONE',  ( 9.140043348164534009, 0.5665189961435816990, -42.69093140040179435 ) ) ;
#2410 = DIRECTION ( 'NONE',  ( 1.000000000000000000, 0.000000000000000000, 0.000000000000000000 ) ) ;
#2411 = CARTESIAN_POINT ( 'NONE',  ( 1.120000000000000107, 0.000000000000000000, -43.50000000000000000 ) ) ;
#2412 = DIRECTION ( 'NONE',  ( 0.000000000000000000, -0.000000000000000000, -1.000000000000000000 ) ) ;
#2413 = DIRECTION ( 'NONE',  ( -0.000000000000000000, -0.000000000000000000, -1.000000000000000000 ) ) ;
#2414 = DIRECTION ( 'NONE',  ( 0.000000000000000000, 1.000000000000000000, 0.000000000000000000 ) ) ;
#2415 = ORIENTED_EDGE ( 'NONE', *, *, #893, .T. ) ;
#2416 = MECHANICAL_DESIGN_GEOMETRIC_PRESENTATION_REPRESENTATION (  '', ( #2808 ), #2868 ) ;
#2417 = CARTESIAN_POINT ( 'NONE',  ( 12.00000000000000000, 2.500000000000000444, -39.00000000000000000 ) ) ;
#2418 = EDGE_LOOP ( 'NONE', ( #1515, #1802 ) ) ;
#2419 = AXIS2_PLACEMENT_3D ( 'NONE', #2429, #3062, #316 ) ;
#2420 = AXIS2_PLACEMENT_3D ( 'NONE', #1605, #2833, #2247 ) ;
#2421 = ORIENTED_EDGE ( 'NONE', *, *, #610, .F. ) ;
#2422 = FACE_BOUND ( 'NONE', #2598, .T. ) ;
#2423 = PLANE ( 'NONE',  #3695 ) ;
#2424 = AXIS2_PLACEMENT_3D ( 'NONE', #961, #2203, #465 ) ;
#2425 = ORIENTED_EDGE ( 'NONE', *, *, #526, .F. ) ;
#2426 = ORIENTED_EDGE ( 'NONE', *, *, #1892, .F. ) ;
#2427 = DIRECTION ( 'NONE',  ( 0.000000000000000000, 0.000000000000000000, 1.000000000000000000 ) ) ;
#2428 = FACE_OUTER_BOUND ( 'NONE', #1321, .T. ) ;
#2429 = CARTESIAN_POINT ( 'NONE',  ( 0.000000000000000000, 0.000000000000000000, 36.60000000000000142 ) ) ;
#2430 = ADVANCED_FACE ( 'NONE', ( #3586 ), #3803, .T. ) ;
#2431 = EDGE_CURVE ( 'NONE', #2779, #2925, #735, .T. ) ;
#2432 = FACE_OUTER_BOUND ( 'NONE', #2730, .T. ) ;
#2433 = CARTESIAN_POINT ( 'NONE',  ( 1.120000000000000107, 0.000000000000000000, -40.99999999999999289 ) ) ;
#2434 = DIRECTION ( 'NONE',  ( 0.000000000000000000, 0.000000000000000000, 1.000000000000000000 ) ) ;
#2435 = EDGE_LOOP ( 'NONE', ( #3729, #2354, #86, #1956 ) ) ;
#2436 = EDGE_CURVE ( 'NONE', #3090, #207, #488, .T. ) ;
#2437 = EDGE_CURVE ( 'NONE', #938, #1586, #253, .T. ) ;
#2438 = FACE_OUTER_BOUND ( 'NONE', #3008, .T. ) ;
#2439 = CLOSED_SHELL ( 'NONE', ( #3799, #1128, #2547, #1082, #3453, #1820, #2192, #3961, #389, #259, #3394, #3204, #3279, #1402, #3810, #35, #3512, #2510, #1240, #1844, #475, #2452, #406, #3322, #2204, #601, #1577, #3210, #170, #2155, #1336, #2190, #1912, #2090, #1647, #2314, #3269, #2638, #3047, #3907, #185, #594, #786, #2972, #65, #1367, #2676, #1195, #2630, #2235, #438, #3389, #1295, #2199, #1622, #3734, #1304, #2036, #3034, #2590, #2555, #3697, #2377, #254, #2206, #845, #2801, #1794, #1923, #3296, #1129, #3372, #356, #2430, #3872, #3878, #3467, #84, #2950, #1975, #794, #837, #2846, #112, #3686, #1006, #2069, #3849, #1202, #3272, #2866, #115, #1801, #546, #1533, #3861, #935, #1416, #1480, #3102, #3448, #3252, #544, #2016, #3321, #1891, #380, #2143, #248, #3518, #3494, #375, #3228, #3639, #26, #2374, #1658, #1852, #2896, #2095, #3225, #1256, #3450, #3155, #1675, #2726, #2256, #1544, #1162, #3622, #1226 ) ) ;
#2440 = ORIENTED_EDGE ( 'NONE', *, *, #3043, .F. ) ;
#2441 = ORIENTED_EDGE ( 'NONE', *, *, #1543, .F. ) ;
#2442 = DIRECTION ( 'NONE',  ( -1.000000000000000000, 0.000000000000000000, 0.000000000000000000 ) ) ;
#2443 = DIRECTION ( 'NONE',  ( 1.000000000000000000, 0.000000000000000000, 0.000000000000000000 ) ) ;
#2444 = VERTEX_POINT ( 'NONE', #3620 ) ;
#2445 = ORIENTED_EDGE ( 'NONE', *, *, #3778, .T. ) ;
#2446 = FACE_BOUND ( 'NONE', #559, .T. ) ;
#2447 = CARTESIAN_POINT ( 'NONE',  ( 0.000000000000000000, 0.000000000000000000, -43.50000000000000000 ) ) ;
#2448 = EDGE_CURVE ( 'NONE', #323, #3108, #1445, .T. ) ;
#2449 = CARTESIAN_POINT ( 'NONE',  ( 4.299999999999999822, 0.000000000000000000, 38.60000000000000142 ) ) ;
#2450 = FACE_OUTER_BOUND ( 'NONE', #682, .T. ) ;
#2451 = AXIS2_PLACEMENT_3D ( 'NONE', #523, #839, #246 ) ;
#2452 = ADVANCED_FACE ( 'NONE', ( #2387 ), #277, .F. ) ;
#2453 = CARTESIAN_POINT ( 'NONE',  ( 0.000000000000000000, 0.2900000000000003131, 39.60000000000000142 ) ) ;
#2454 = ORIENTED_EDGE ( 'NONE', *, *, #764, .F. ) ;
#2455 = EDGE_CURVE ( 'NONE', #2044, #2459, #2147, .T. ) ;
#2456 = EDGE_LOOP ( 'NONE', ( #1346, #2009, #3377, #2951, #2454, #3791 ) ) ;
#2457 = CARTESIAN_POINT ( 'NONE',  ( -10.85995665183546421, 1.154342185340587523, -39.00000000000000000 ) ) ;
#2458 = ORIENTED_EDGE ( 'NONE', *, *, #2251, .F. ) ;
#2459 = VERTEX_POINT ( 'NONE', #1808 ) ;
#2460 = VECTOR ( 'NONE', #337, 1000.000000000000000 ) ;
#2461 = FACE_OUTER_BOUND ( 'NONE', #1398, .T. ) ;
#2462 = EDGE_LOOP ( 'NONE', ( #714, #3015 ) ) ;
#2463 = AXIS2_PLACEMENT_3D ( 'NONE', #1280, #573, #908 ) ;
#2464 = ORIENTED_EDGE ( 'NONE', *, *, #137, .T. ) ;
#2465 = AXIS2_PLACEMENT_3D ( 'NONE', #1183, #1524, #2092 ) ;
#2466 = AXIS2_PLACEMENT_3D ( 'NONE', #869, #2413, #3346 ) ;
#2467 = CARTESIAN_POINT ( 'NONE',  ( -11.14004334816453401, 1.154342185340587523, -45.00000000000000000 ) ) ;
#2468 = CARTESIAN_POINT ( 'NONE',  ( 0.000000000000000000, 0.000000000000000000, -37.00000000000000000 ) ) ;
#2469 = AXIS2_PLACEMENT_3D ( 'NONE', #2648, #3543, #129 ) ;
#2470 = DIRECTION ( 'NONE',  ( -0.000000000000000000, -0.000000000000000000, -1.000000000000000000 ) ) ;
#2471 = VECTOR ( 'NONE', #1572, 1000.000000000000000 ) ;
#2472 = CARTESIAN_POINT ( 'NONE',  ( -1.749999999999999778, 3.886873642484539371, 39.60000000000000142 ) ) ;
#2473 = FACE_OUTER_BOUND ( 'NONE', #1272, .T. ) ;
#2474 = SURFACE_SIDE_STYLE ('',( #1410 ) ) ;
#2475 = CARTESIAN_POINT ( 'NONE',  ( -7.349999999999999645, 9.001153973733045617E-16, 38.60000000000000142 ) ) ;
#2476 = EDGE_LOOP ( 'NONE', ( #2124, #2749, #381, #2384 ) ) ;
#2477 = FACE_OUTER_BOUND ( 'NONE', #1269, .T. ) ;
#2478 = ORIENTED_EDGE ( 'NONE', *, *, #731, .F. ) ;
#2479 = ORIENTED_EDGE ( 'NONE', *, *, #668, .F. ) ;
#2480 = EDGE_CURVE ( 'NONE', #3411, #478, #2596, .T. ) ;
#2481 = DIRECTION ( 'NONE',  ( 0.000000000000000000, 0.000000000000000000, -1.000000000000000000 ) ) ;
#2482 = CIRCLE ( 'NONE', #1454, 1.120000000000000107 ) ;
#2483 = CIRCLE ( 'NONE', #1584, 14.00000000000000000 ) ;
#2484 = EDGE_LOOP ( 'NONE', ( #3333, #3843, #2073, #2860 ) ) ;
#2485 = EDGE_LOOP ( 'NONE', ( #250, #2766, #307, #2889 ) ) ;
#2486 = DIRECTION ( 'NONE',  ( -1.000000000000000000, 0.000000000000000000, 0.000000000000000000 ) ) ;
#2487 = CIRCLE ( 'NONE', #1267, 3.000000000000000444 ) ;
#2488 = DIRECTION ( 'NONE',  ( 0.000000000000000000, 0.000000000000000000, 1.000000000000000000 ) ) ;
#2489 = EDGE_CURVE ( 'NONE', #3455, #1652, #1887, .T. ) ;
#2490 = FACE_OUTER_BOUND ( 'NONE', #2456, .T. ) ;
#2491 = CYLINDRICAL_SURFACE ( 'NONE', #3599, 13.43290166331306601 ) ;
#2492 = DIRECTION ( 'NONE',  ( 0.000000000000000000, 0.000000000000000000, 1.000000000000000000 ) ) ;
#2493 = DIRECTION ( 'NONE',  ( -0.000000000000000000, -0.000000000000000000, -1.000000000000000000 ) ) ;
#2494 = DIRECTION ( 'NONE',  ( -1.000000000000000000, 0.000000000000000000, 0.000000000000000000 ) ) ;
#2495 = ORIENTED_EDGE ( 'NONE', *, *, #2917, .T. ) ;
#2496 = EDGE_CURVE ( 'NONE', #2316, #3307, #674, .T. ) ;
#2497 = DIRECTION ( 'NONE',  ( 0.000000000000000000, 0.000000000000000000, 1.000000000000000000 ) ) ;
#2498 = AXIS2_PLACEMENT_3D ( 'NONE', #2714, #2389, #295 ) ;
#2499 = ORIENTED_EDGE ( 'NONE', *, *, #427, .T. ) ;
#2500 = ORIENTED_EDGE ( 'NONE', *, *, #2554, .F. ) ;
#2501 = EDGE_CURVE ( 'NONE', #3109, #467, #3941, .T. ) ;
#2502 = DIRECTION ( 'NONE',  ( 0.000000000000000000, 0.000000000000000000, 1.000000000000000000 ) ) ;
#2503 = ORIENTED_EDGE ( 'NONE', *, *, #2745, .F. ) ;
#2504 = ORIENTED_EDGE ( 'NONE', *, *, #773, .T. ) ;
#2505 = CARTESIAN_POINT ( 'NONE',  ( -12.00000000000000000, 2.500000000000000444, -37.00000000000000000 ) ) ;
#2506 = VECTOR ( 'NONE', #1876, 1000.000000000000000 ) ;
#2507 = FACE_OUTER_BOUND ( 'NONE', #3407, .T. ) ;
#2508 = CARTESIAN_POINT ( 'NONE',  ( -11.14004334816453401, -1.154342185340587523, -45.00000000000000000 ) ) ;
#2509 = DIRECTION ( 'NONE',  ( 0.000000000000000000, 0.000000000000000000, 1.000000000000000000 ) ) ;
#2510 = ADVANCED_FACE ( 'NONE', ( #846 ), #3901, .T. ) ;
#2511 = ORIENTED_EDGE ( 'NONE', *, *, #83, .T. ) ;
#2512 = DIRECTION ( 'NONE',  ( 0.000000000000000000, 0.000000000000000000, -1.000000000000000000 ) ) ;
#2513 = CIRCLE ( 'NONE', #282, 4.299999999999999822 ) ;
#2514 = DIRECTION ( 'NONE',  ( 1.000000000000000000, 0.000000000000000000, 0.000000000000000000 ) ) ;
#2515 = CARTESIAN_POINT ( 'NONE',  ( 0.000000000000000000, 0.000000000000000000, 42.60000000000000142 ) ) ;
#2516 = ORIENTED_EDGE ( 'NONE', *, *, #1611, .T. ) ;
#2517 = DIRECTION ( 'NONE',  ( 1.000000000000000000, 0.000000000000000000, 0.000000000000000000 ) ) ;
#2518 = ORIENTED_EDGE ( 'NONE', *, *, #1174, .F. ) ;
#2519 = CARTESIAN_POINT ( 'NONE',  ( 0.000000000000000000, 0.000000000000000000, 38.60000000000000142 ) ) ;
#2520 = VERTEX_POINT ( 'NONE', #17 ) ;
#2521 = ORIENTED_EDGE ( 'NONE', *, *, #1798, .F. ) ;
#2522 = DIRECTION ( 'NONE',  ( 0.000000000000000000, 0.000000000000000000, -1.000000000000000000 ) ) ;
#2523 = DIRECTION ( 'NONE',  ( 1.000000000000000000, 0.000000000000000000, 0.000000000000000000 ) ) ;
#2524 = DIRECTION ( 'NONE',  ( -1.000000000000000000, -0.000000000000000000, -0.000000000000000000 ) ) ;
#2525 = AXIS2_PLACEMENT_3D ( 'NONE', #3908, #2661, #38 ) ;
#2526 = ORIENTED_EDGE ( 'NONE', *, *, #2654, .T. ) ;
#2527 = EDGE_CURVE ( 'NONE', #910, #3764, #3436, .T. ) ;
#2528 = VERTEX_POINT ( 'NONE', #3298 ) ;
#2529 = DIRECTION ( 'NONE',  ( 0.000000000000000000, 0.000000000000000000, -1.000000000000000000 ) ) ;
#2530 = EDGE_CURVE ( 'NONE', #2925, #2779, #989, .T. ) ;
#2531 = AXIS2_PLACEMENT_3D ( 'NONE', #3679, #920, #3039 ) ;
#2532 = FACE_BOUND ( 'NONE', #1390, .T. ) ;
#2533 = AXIS2_PLACEMENT_3D ( 'NONE', #1934, #2170, #415 ) ;
#2534 = DIRECTION ( 'NONE',  ( -0.000000000000000000, -0.000000000000000000, -1.000000000000000000 ) ) ;
#2535 = AXIS2_PLACEMENT_3D ( 'NONE', #1381, #485, #2565 ) ;
#2536 = VECTOR ( 'NONE', #609, 1000.000000000000000 ) ;
#2537 = VERTEX_POINT ( 'NONE', #3018 ) ;
#2538 = UNCERTAINTY_MEASURE_WITH_UNIT (LENGTH_MEASURE( 1.000000000000000082E-05 ), #1439, 'distance_accuracy_value', 'NONE');
#2539 = CARTESIAN_POINT ( 'NONE',  ( 10.85995665183546421, 1.154342185340587523, -39.00000000000000000 ) ) ;
#2540 = ORIENTED_EDGE ( 'NONE', *, *, #501, .F. ) ;
#2541 = CARTESIAN_POINT ( 'NONE',  ( 2.999999999999999112, 4.031657386773941809, 39.60000000000000142 ) ) ;
#2542 = EDGE_LOOP ( 'NONE', ( #1429, #3127, #3757, #2325 ) ) ;
#2543 = CARTESIAN_POINT ( 'NONE',  ( 1.099999999999998979, 3.886873642484539371, 38.60000000000000142 ) ) ;
#2544 = CARTESIAN_POINT ( 'NONE',  ( 0.000000000000000000, 0.000000000000000000, 0.000000000000000000 ) ) ;
#2545 = CIRCLE ( 'NONE', #2677, 4.099999999999999645 ) ;
#2546 = CARTESIAN_POINT ( 'NONE',  ( 4.000000000000000000, 3.290000000000001368, 38.60000000000000142 ) ) ;
#2547 = ADVANCED_FACE ( 'NONE', ( #2428 ), #3753, .T. ) ;
#2548 = ORIENTED_EDGE ( 'NONE', *, *, #2782, .T. ) ;
#2549 = AXIS2_PLACEMENT_3D ( 'NONE', #1103, #823, #2610 ) ;
#2550 = ORIENTED_EDGE ( 'NONE', *, *, #62, .T. ) ;
#2551 = DIRECTION ( 'NONE',  ( 0.000000000000000000, -1.000000000000000000, 0.000000000000000000 ) ) ;
#2552 = DIRECTION ( 'NONE',  ( -0.000000000000000000, -0.000000000000000000, -1.000000000000000000 ) ) ;
#2553 =( NAMED_UNIT ( * ) SI_UNIT ( $, .STERADIAN. ) SOLID_ANGLE_UNIT ( ) );
#2554 = EDGE_CURVE ( 'NONE', #1483, #1983, #3662, .T. ) ;
#2555 = ADVANCED_FACE ( 'NONE', ( #1145 ), #315, .F. ) ;
#2556 = CARTESIAN_POINT ( 'NONE',  ( 0.000000000000000000, 0.000000000000000000, -44.00000000000000000 ) ) ;
#2557 = EDGE_CURVE ( 'NONE', #1652, #3455, #3568, .T. ) ;
#2558 = ORIENTED_EDGE ( 'NONE', *, *, #1422, .T. ) ;
#2559 = DIRECTION ( 'NONE',  ( -0.000000000000000000, -0.000000000000000000, -1.000000000000000000 ) ) ;
#2560 = EDGE_CURVE ( 'NONE', #2316, #2827, #1882, .T. ) ;
#2561 = ORIENTED_EDGE ( 'NONE', *, *, #1672, .F. ) ;
#2562 = CARTESIAN_POINT ( 'NONE',  ( 11.14004334816453401, 1.154342185340587523, -45.00000000000000000 ) ) ;
#2563 = VERTEX_POINT ( 'NONE', #52 ) ;
#2564 = DIRECTION ( 'NONE',  ( 0.000000000000000000, 0.000000000000000000, 1.000000000000000000 ) ) ;
#2565 = DIRECTION ( 'NONE',  ( -1.000000000000000000, 0.000000000000000000, 0.000000000000000000 ) ) ;
#2566 = DIRECTION ( 'NONE',  ( 1.000000000000000000, 0.000000000000000000, 0.000000000000000000 ) ) ;
#2567 = CIRCLE ( 'NONE', #840, 0.6200000000000001066 ) ;
#2568 = ORIENTED_EDGE ( 'NONE', *, *, #2604, .F. ) ;
#2569 = VECTOR ( 'NONE', #3953, 1000.000000000000000 ) ;
#2570 = ORIENTED_EDGE ( 'NONE', *, *, #1723, .F. ) ;
#2571 = CARTESIAN_POINT ( 'NONE',  ( -4.099999999999999645, 5.021051876504147385E-16, 36.60000000000000142 ) ) ;
#2572 = EDGE_CURVE ( 'NONE', #243, #1058, #1120, .T. ) ;
#2573 = DIRECTION ( 'NONE',  ( -3.469446951953614189E-16, -1.000000000000000000, 0.000000000000000000 ) ) ;
#2574 = FILL_AREA_STYLE ('',( #3486 ) ) ;
#2575 = DIRECTION ( 'NONE',  ( -0.000000000000000000, -0.000000000000000000, -1.000000000000000000 ) ) ;
#2576 = EDGE_LOOP ( 'NONE', ( #1538, #1097, #2495, #2278, #2159, #825, #1903, #2958, #2293, #1482, #2257, #3413, #373, #3596, #2222, #1196, #1037, #1667, #3746, #3049, #901 ) ) ;
#2577 = VECTOR ( 'NONE', #2300, 1000.000000000000000 ) ;
#2578 = CARTESIAN_POINT ( 'NONE',  ( 4.299999999999999822, 0.000000000000000000, 36.60000000000000142 ) ) ;
#2579 = EDGE_LOOP ( 'NONE', ( #956, #3608, #1212, #812 ) ) ;
#2580 = CARTESIAN_POINT ( 'NONE',  ( 10.85995665183546421, 1.154342185340587523, -39.00000000000000000 ) ) ;
#2581 = DIRECTION ( 'NONE',  ( 1.000000000000000000, 0.000000000000000000, 0.000000000000000000 ) ) ;
#2582 = ORIENTED_EDGE ( 'NONE', *, *, #1744, .T. ) ;
#2583 = FACE_BOUND ( 'NONE', #853, .T. ) ;
#2584 = CARTESIAN_POINT ( 'NONE',  ( -2.999999999999999112, 4.031657386773941809, 38.60000000000000142 ) ) ;
#2585 = VERTEX_POINT ( 'NONE', #1578 ) ;
#2586 = DIRECTION ( 'NONE',  ( 1.000000000000000000, 0.000000000000000000, 0.000000000000000000 ) ) ;
#2587 = VERTEX_POINT ( 'NONE', #3078 ) ;
#2588 = ORIENTED_EDGE ( 'NONE', *, *, #125, .F. ) ;
#2589 = CYLINDRICAL_SURFACE ( 'NONE', #632, 3.999999999999999112 ) ;
#2590 = ADVANCED_FACE ( 'NONE', ( #2507 ), #2793, .T. ) ;
#2591 = DIRECTION ( 'NONE',  ( 0.000000000000000000, 0.000000000000000000, 1.000000000000000000 ) ) ;
#2592 = AXIS2_PLACEMENT_3D ( 'NONE', #1451, #3005, #945 ) ;
#2593 = CARTESIAN_POINT ( 'NONE',  ( 10.85995665183546421, 0.5665189961435816990, -44.13978446967280433 ) ) ;
#2594 = DIRECTION ( 'NONE',  ( 0.000000000000000000, 0.000000000000000000, 1.000000000000000000 ) ) ;
#2595 = CIRCLE ( 'NONE', #2463, 1.500000000000001332 ) ;
#2596 = CIRCLE ( 'NONE', #3114, 12.84999999999999964 ) ;
#2597 = AXIS2_PLACEMENT_3D ( 'NONE', #118, #3550, #749 ) ;
#2598 = EDGE_LOOP ( 'NONE', ( #10, #1442, #1194, #876 ) ) ;
#2599 = CIRCLE ( 'NONE', #1637, 7.349999999999999645 ) ;
#2600 = CARTESIAN_POINT ( 'NONE',  ( -4.700000000000000178, 5.755839955992559655E-16, -41.99999999999999289 ) ) ;
#2601 = CIRCLE ( 'NONE', #1447, 0.5035647862710255218 ) ;
#2602 = ORIENTED_EDGE ( 'NONE', *, *, #1727, .T. ) ;
#2603 = CARTESIAN_POINT ( 'NONE',  ( -3.999999999999999112, 0.2900000000000003131, 38.60000000000000142 ) ) ;
#2604 = EDGE_CURVE ( 'NONE', #8, #68, #552, .T. ) ;
#2605 = DIRECTION ( 'NONE',  ( 0.000000000000000000, 0.000000000000000000, 1.000000000000000000 ) ) ;
#2606 = VERTEX_POINT ( 'NONE', #1236 ) ;
#2607 = EDGE_CURVE ( 'NONE', #1897, #1823, #34, .T. ) ;
#2608 = DIRECTION ( 'NONE',  ( 0.000000000000000000, 0.000000000000000000, -1.000000000000000000 ) ) ;
#2609 = DIRECTION ( 'NONE',  ( 1.000000000000000000, 0.000000000000000000, 0.000000000000000000 ) ) ;
#2610 = DIRECTION ( 'NONE',  ( -1.000000000000000000, 0.000000000000000000, 0.000000000000000000 ) ) ;
#2611 = ORIENTED_EDGE ( 'NONE', *, *, #2984, .T. ) ;
#2612 = EDGE_LOOP ( 'NONE', ( #2717, #3879, #3145, #1065 ) ) ;
#2613 = CARTESIAN_POINT ( 'NONE',  ( -10.00000000000000000, 2.500000000000000888, -39.00000000000000000 ) ) ;
#2614 = EDGE_CURVE ( 'NONE', #2313, #3185, #3950, .T. ) ;
#2615 = LINE ( 'NONE', #2268, #1632 ) ;
#2616 = PLANE ( 'NONE',  #252 ) ;
#2617 = FACE_OUTER_BOUND ( 'NONE', #3153, .T. ) ;
#2618 = CIRCLE ( 'NONE', #504, 0.5035647862710255218 ) ;
#2619 = CIRCLE ( 'NONE', #3458, 3.999999999999999112 ) ;
#2620 = ORIENTED_EDGE ( 'NONE', *, *, #3079, .F. ) ;
#2621 = VECTOR ( 'NONE', #72, 1000.000000000000000 ) ;
#2622 = CARTESIAN_POINT ( 'NONE',  ( -0.9374999999999985567, 5.201323014219284779, 38.60000000000000142 ) ) ;
#2623 = VERTEX_POINT ( 'NONE', #3733 ) ;
#2624 = EDGE_CURVE ( 'NONE', #659, #651, #1707, .T. ) ;
#2625 = LINE ( 'NONE', #2580, #2914 ) ;
#2626 = ORIENTED_EDGE ( 'NONE', *, *, #3762, .T. ) ;
#2627 = CARTESIAN_POINT ( 'NONE',  ( 0.000000000000000000, 0.000000000000000000, 0.000000000000000000 ) ) ;
#2628 = VERTEX_POINT ( 'NONE', #3480 ) ;
#2629 = DIRECTION ( 'NONE',  ( -1.000000000000000000, 0.000000000000000000, 0.000000000000000000 ) ) ;
#2630 = ADVANCED_FACE ( 'NONE', ( #3439 ), #3758, .T. ) ;
#2631 = FACE_OUTER_BOUND ( 'NONE', #2178, .T. ) ;
#2632 = DIRECTION ( 'NONE',  ( -0.000000000000000000, -0.000000000000000000, 1.000000000000000000 ) ) ;
#2633 = ORIENTED_EDGE ( 'NONE', *, *, #1739, .T. ) ;
#2634 = VECTOR ( 'NONE', #2707, 1000.000000000000000 ) ;
#2635 = DIRECTION ( 'NONE',  ( -0.000000000000000000, -0.000000000000000000, 1.000000000000000000 ) ) ;
#2636 = DIRECTION ( 'NONE',  ( -0.7071067811865505703, 8.659560562354969836E-17, 0.7071067811865444641 ) ) ;
#2637 = CARTESIAN_POINT ( 'NONE',  ( -9.140043348164534009, -0.4406105763984632384, -42.69093140040179435 ) ) ;
#2638 = ADVANCED_FACE ( 'NONE', ( #2202 ), #978, .T. ) ;
#2639 = DIRECTION ( 'NONE',  ( 0.000000000000000000, 0.000000000000000000, 1.000000000000000000 ) ) ;
#2640 = DIRECTION ( 'NONE',  ( -0.000000000000000000, -1.000000000000000000, -0.000000000000000000 ) ) ;
#2641 = ORIENTED_EDGE ( 'NONE', *, *, #94, .F. ) ;
#2642 = LINE ( 'NONE', #2373, #3067 ) ;
#2643 = AXIS2_PLACEMENT_3D ( 'NONE', #3715, #69, #1618 ) ;
#2644 = LINE ( 'NONE', #3854, #2981 ) ;
#2645 = ORIENTED_EDGE ( 'NONE', *, *, #3432, .T. ) ;
#2646 = AXIS2_PLACEMENT_3D ( 'NONE', #3157, #397, #2514 ) ;
#2647 = DIRECTION ( 'NONE',  ( 0.000000000000000000, 0.000000000000000000, -1.000000000000000000 ) ) ;
#2648 = CARTESIAN_POINT ( 'NONE',  ( 4.000000000000000000, 3.290000000000001368, 39.60000000000000142 ) ) ;
#2649 = FACE_OUTER_BOUND ( 'NONE', #3329, .T. ) ;
#2650 = ORIENTED_EDGE ( 'NONE', *, *, #3685, .T. ) ;
#2651 = DIRECTION ( 'NONE',  ( 0.000000000000000000, 0.000000000000000000, -1.000000000000000000 ) ) ;
#2652 = LINE ( 'NONE', #3881, #1953 ) ;
#2653 = DIRECTION ( 'NONE',  ( -0.000000000000000000, -0.000000000000000000, -1.000000000000000000 ) ) ;
#2654 = EDGE_CURVE ( 'NONE', #2710, #3806, #1296, .T. ) ;
#2655 = UNCERTAINTY_MEASURE_WITH_UNIT (LENGTH_MEASURE( 1.000000000000000082E-05 ), #719, 'distance_accuracy_value', 'NONE');
#2656 = CARTESIAN_POINT ( 'NONE',  ( 2.996493784408704286, 0.1450000000000091216, 39.10000000000000142 ) ) ;
#2657 = AXIS2_PLACEMENT_3D ( 'NONE', #1411, #2927, #164 ) ;
#2658 = VECTOR ( 'NONE', #1714, 1000.000000000000000 ) ;
#2659 = EDGE_LOOP ( 'NONE', ( #306, #759, #763, #783 ) ) ;
#2660 = VECTOR ( 'NONE', #428, 1000.000000000000000 ) ;
#2661 = DIRECTION ( 'NONE',  ( 0.000000000000000000, 0.000000000000000000, -1.000000000000000000 ) ) ;
#2662 = CYLINDRICAL_SURFACE ( 'NONE', #2657, 0.6500000000000007994 ) ;
#2663 = ORIENTED_EDGE ( 'NONE', *, *, #3341, .T. ) ;
#2664 = CIRCLE ( 'NONE', #3510, 3.999999999999999112 ) ;
#2665 = CARTESIAN_POINT ( 'NONE',  ( 0.8999999999999998002, 5.004870093650514384, 39.60000000000000142 ) ) ;
#2666 = CIRCLE ( 'NONE', #3184, 1.529999999999999805 ) ;
#2667 = CARTESIAN_POINT ( 'NONE',  ( 4.000000000000000000, 3.290000000000001368, 38.60000000000000142 ) ) ;
#2668 = EDGE_CURVE ( 'NONE', #467, #3411, #2729, .T. ) ;
#2669 = DIRECTION ( 'NONE',  ( 0.000000000000000000, 0.000000000000000000, 1.000000000000000000 ) ) ;
#2670 = ORIENTED_EDGE ( 'NONE', *, *, #3214, .F. ) ;
#2671 = ORIENTED_EDGE ( 'NONE', *, *, #1594, .T. ) ;
#2672 = PLANE ( 'NONE',  #2744 ) ;
#2673 = DIRECTION ( 'NONE',  ( 1.000000000000000000, 0.000000000000000000, 0.000000000000000000 ) ) ;
#2674 = CARTESIAN_POINT ( 'NONE',  ( 9.499999999999998224, 1.836970198721029441E-16, 24.60000000000000142 ) ) ;
#2675 = EDGE_CURVE ( 'NONE', #1228, #722, #3440, .T. ) ;
#2676 = ADVANCED_FACE ( 'NONE', ( #392, #1600 ), #1866, .F. ) ;
#2677 = AXIS2_PLACEMENT_3D ( 'NONE', #2856, #3423, #2189 ) ;
#2678 = EDGE_CURVE ( 'NONE', #593, #3783, #1378, .T. ) ;
#2679 = DIRECTION ( 'NONE',  ( 1.000000000000000000, 0.000000000000000000, -0.000000000000000000 ) ) ;
#2680 = VECTOR ( 'NONE', #2388, 1000.000000000000000 ) ;
#2681 = ORIENTED_EDGE ( 'NONE', *, *, #1247, .T. ) ;
#2682 = FACE_OUTER_BOUND ( 'NONE', #3091, .T. ) ;
#2683 = DIRECTION ( 'NONE',  ( -1.000000000000000000, 0.000000000000000000, 0.000000000000000000 ) ) ;
#2684 = EDGE_CURVE ( 'NONE', #3203, #3045, #107, .T. ) ;
#2685 = ORIENTED_EDGE ( 'NONE', *, *, #534, .T. ) ;
#2686 = ORIENTED_EDGE ( 'NONE', *, *, #364, .F. ) ;
#2687 = ORIENTED_EDGE ( 'NONE', *, *, #583, .F. ) ;
#2688 = CARTESIAN_POINT ( 'NONE',  ( 0.000000000000000000, 0.000000000000000000, -44.00000000000000000 ) ) ;
#2689 = DIRECTION ( 'NONE',  ( -0.000000000000000000, 0.000000000000000000, -1.000000000000000000 ) ) ;
#2690 = ORIENTED_EDGE ( 'NONE', *, *, #131, .F. ) ;
#2691 = ORIENTED_EDGE ( 'NONE', *, *, #3914, .T. ) ;
#2692 = LINE ( 'NONE', #3917, #1873 ) ;
#2693 = CARTESIAN_POINT ( 'NONE',  ( 0.000000000000000000, 0.2900000000000003131, 39.60000000000000142 ) ) ;
#2694 = DIRECTION ( 'NONE',  ( 0.000000000000000000, 0.000000000000000000, 1.000000000000000000 ) ) ;
#2695 = CIRCLE ( 'NONE', #2173, 5.799999999999999822 ) ;
#2696 = CARTESIAN_POINT ( 'NONE',  ( 0.7000000000000007327, 3.207190429162964040, 39.60000000000000142 ) ) ;
#2697 = CARTESIAN_POINT ( 'NONE',  ( 10.85995665183546421, 1.154342185340587523, -45.00000000000000000 ) ) ;
#2698 = LINE ( 'NONE', #2132, #3112 ) ;
#2699 = ORIENTED_EDGE ( 'NONE', *, *, #2931, .T. ) ;
#2700 = CARTESIAN_POINT ( 'NONE',  ( -0.8999999999999998002, 5.004870093650514384, 39.60000000000000142 ) ) ;
#2701 = DIRECTION ( 'NONE',  ( -1.000000000000000000, 0.000000000000000000, 0.000000000000000000 ) ) ;
#2702 = VERTEX_POINT ( 'NONE', #3756 ) ;
#2703 = EDGE_LOOP ( 'NONE', ( #1019, #2499, #3229, #3800 ) ) ;
#2704 = LINE ( 'NONE', #1760, #3553 ) ;
#2705 = AXIS2_PLACEMENT_3D ( 'NONE', #1379, #3256, #505 ) ;
#2706 = DIRECTION ( 'NONE',  ( -0.000000000000000000, -0.000000000000000000, -1.000000000000000000 ) ) ;
#2707 = DIRECTION ( 'NONE',  ( -1.000000000000000000, 0.000000000000000000, 0.000000000000000000 ) ) ;
#2708 = AXIS2_PLACEMENT_3D ( 'NONE', #3292, #1478, #3335 ) ;
#2709 = ORIENTED_EDGE ( 'NONE', *, *, #1933, .F. ) ;
#2710 = VERTEX_POINT ( 'NONE', #2223 ) ;
#2711 = DIRECTION ( 'NONE',  ( 0.000000000000000000, 0.000000000000000000, -1.000000000000000000 ) ) ;
#2712 = DIRECTION ( 'NONE',  ( 0.000000000000000000, 0.000000000000000000, 1.000000000000000000 ) ) ;
#2713 = LINE ( 'NONE', #3342, #3900 ) ;
#2714 = CARTESIAN_POINT ( 'NONE',  ( 1.749999999999999778, 3.886873642484539371, 38.60000000000000142 ) ) ;
#2715 = FACE_BOUND ( 'NONE', #2080, .T. ) ;
#2716 = DIRECTION ( 'NONE',  ( -1.000000000000000000, 0.000000000000000000, 0.000000000000000000 ) ) ;
#2717 = ORIENTED_EDGE ( 'NONE', *, *, #1252, .T. ) ;
#2718 = VECTOR ( 'NONE', #638, 1000.000000000000000 ) ;
#2719 = CARTESIAN_POINT ( 'NONE',  ( 0.000000000000000000, 0.000000000000000000, 54.60000000000000142 ) ) ;
#2720 = LINE ( 'NONE', #1532, #2569 ) ;
#2721 = ORIENTED_EDGE ( 'NONE', *, *, #2924, .F. ) ;
#2722 = CIRCLE ( 'NONE', #171, 4.299999999999999822 ) ;
#2723 = AXIS2_PLACEMENT_3D ( 'NONE', #861, #585, #293 ) ;
#2724 = CARTESIAN_POINT ( 'NONE',  ( 0.000000000000000000, 0.000000000000000000, -39.00000000000000000 ) ) ;
#2725 = AXIS2_PLACEMENT_3D ( 'NONE', #3805, #3202, #811 ) ;
#2726 = ADVANCED_FACE ( 'NONE', ( #1619 ), #2847, .F. ) ;
#2727 = DIRECTION ( 'NONE',  ( 1.000000000000000000, 0.000000000000000000, 0.000000000000000000 ) ) ;
#2728 = EDGE_CURVE ( 'NONE', #3131, #207, #801, .T. ) ;
#2729 = CIRCLE ( 'NONE', #2920, 1.000000000000000888 ) ;
#2730 = EDGE_LOOP ( 'NONE', ( #1659, #370, #244, #102 ) ) ;
#2731 = VERTEX_POINT ( 'NONE', #210 ) ;
#2732 = VECTOR ( 'NONE', #3850, 1000.000000000000000 ) ;
#2733 = DIRECTION ( 'NONE',  ( 1.000000000000000000, 0.000000000000000000, 0.000000000000000000 ) ) ;
#2734 = CARTESIAN_POINT ( 'NONE',  ( 0.000000000000000000, 0.000000000000000000, 0.000000000000000000 ) ) ;
#2735 = DIRECTION ( 'NONE',  ( 1.000000000000000000, 0.000000000000000000, 0.000000000000000000 ) ) ;
#2736 = EDGE_CURVE ( 'NONE', #1360, #63, #1060, .T. ) ;
#2737 = DIRECTION ( 'NONE',  ( 0.000000000000000000, 1.000000000000000000, 0.000000000000000000 ) ) ;
#2738 = FACE_BOUND ( 'NONE', #3006, .T. ) ;
#2739 = ORIENTED_EDGE ( 'NONE', *, *, #2181, .F. ) ;
#2740 = AXIS2_PLACEMENT_3D ( 'NONE', #1769, #3040, #570 ) ;
#2741 = FACE_BOUND ( 'NONE', #1153, .T. ) ;
#2742 = ORIENTED_EDGE ( 'NONE', *, *, #1594, .F. ) ;
#2743 = AXIS2_PLACEMENT_3D ( 'NONE', #3094, #2243, #1883 ) ;
#2744 = AXIS2_PLACEMENT_3D ( 'NONE', #2125, #3318, #2066 ) ;
#2745 = EDGE_CURVE ( 'NONE', #699, #582, #191, .T. ) ;
#2746 = ORIENTED_EDGE ( 'NONE', *, *, #1966, .F. ) ;
#2747 = DIRECTION ( 'NONE',  ( 0.000000000000000000, 0.000000000000000000, 1.000000000000000000 ) ) ;
#2748 = DIRECTION ( 'NONE',  ( 0.000000000000000000, 0.000000000000000000, 1.000000000000000000 ) ) ;
#2749 = ORIENTED_EDGE ( 'NONE', *, *, #2136, .F. ) ;
#2750 = ORIENTED_EDGE ( 'NONE', *, *, #2134, .T. ) ;
#2751 = EDGE_CURVE ( 'NONE', #450, #2890, #2085, .T. ) ;
#2752 = CARTESIAN_POINT ( 'NONE',  ( -10.85995665183546421, 0.5665189961435816990, -45.00000000000000000 ) ) ;
#2753 = CARTESIAN_POINT ( 'NONE',  ( -13.84999999999999964, 1.696135816819084011E-15, -38.00000000000000000 ) ) ;
#2754 = PLANE ( 'NONE',  #2419 ) ;
#2755 = DIRECTION ( 'NONE',  ( -0.000000000000000000, -0.000000000000000000, -1.000000000000000000 ) ) ;
#2756 = AXIS2_PLACEMENT_3D ( 'NONE', #922, #608, #3363 ) ;
#2757 = FACE_OUTER_BOUND ( 'NONE', #2484, .T. ) ;
#2758 = DIRECTION ( 'NONE',  ( 0.000000000000000000, 0.000000000000000000, 1.000000000000000000 ) ) ;
#2759 = ORIENTED_EDGE ( 'NONE', *, *, #2134, .F. ) ;
#2760 = EDGE_LOOP ( 'NONE', ( #2770, #1149, #3251, #1023 ) ) ;
#2761 = VECTOR ( 'NONE', #521, 1000.000000000000000 ) ;
#2762 = FACE_OUTER_BOUND ( 'NONE', #2993, .T. ) ;
#2763 = EDGE_LOOP ( 'NONE', ( #2620, #104 ) ) ;
#2764 = VERTEX_POINT ( 'NONE', #3497 ) ;
#2765 = CARTESIAN_POINT ( 'NONE',  ( 10.00000000000000000, 2.500000000000000888, -37.00000000000000000 ) ) ;
#2766 = ORIENTED_EDGE ( 'NONE', *, *, #3218, .F. ) ;
#2767 = ORIENTED_EDGE ( 'NONE', *, *, #62, .F. ) ;
#2768 = PLANE ( 'NONE',  #2643 ) ;
#2769 = DIRECTION ( 'NONE',  ( 1.000000000000000000, 0.000000000000000000, 0.000000000000000000 ) ) ;
#2770 = ORIENTED_EDGE ( 'NONE', *, *, #1370, .T. ) ;
#2771 = DIRECTION ( 'NONE',  ( 0.000000000000000000, 0.000000000000000000, 1.000000000000000000 ) ) ;
#2772 = AXIS2_PLACEMENT_3D ( 'NONE', #3745, #3452, #2803 ) ;
#2773 = AXIS2_PLACEMENT_3D ( 'NONE', #1641, #1688, #2885 ) ;
#2774 = DIRECTION ( 'NONE',  ( 0.000000000000000000, 0.000000000000000000, 1.000000000000000000 ) ) ;
#2775 = FACE_OUTER_BOUND ( 'NONE', #2781, .T. ) ;
#2776 = EDGE_CURVE ( 'NONE', #3398, #1970, #1310, .T. ) ;
#2777 = CARTESIAN_POINT ( 'NONE',  ( -12.50000000000000000, 1.836970198721029441E-16, 24.60000000000000142 ) ) ;
#2778 = EDGE_CURVE ( 'NONE', #1656, #1947, #993, .T. ) ;
#2779 = VERTEX_POINT ( 'NONE', #3234 ) ;
#2780 = LINE ( 'NONE', #1920, #3517 ) ;
#2781 = EDGE_LOOP ( 'NONE', ( #195, #3890 ) ) ;
#2782 = EDGE_CURVE ( 'NONE', #734, #32, #780, .T. ) ;
#2783 = ORIENTED_EDGE ( 'NONE', *, *, #197, .T. ) ;
#2784 = CIRCLE ( 'NONE', #1431, 4.299999999999999822 ) ;
#2785 = LINE ( 'NONE', #2765, #1754 ) ;
#2786 = ORIENTED_EDGE ( 'NONE', *, *, #3428, .T. ) ;
#2787 = VECTOR ( 'NONE', #2414, 1000.000000000000000 ) ;
#2788 = ORIENTED_EDGE ( 'NONE', *, *, #474, .T. ) ;
#2789 = VECTOR ( 'NONE', #547, 1000.000000000000000 ) ;
#2790 = VECTOR ( 'NONE', #1608, 1000.000000000000000 ) ;
#2791 = DIRECTION ( 'NONE',  ( -0.000000000000000000, -0.000000000000000000, 1.000000000000000000 ) ) ;
#2792 = EDGE_CURVE ( 'NONE', #2444, #2825, #3248, .T. ) ;
#2793 = PLANE ( 'NONE',  #1435 ) ;
#2794 = VECTOR ( 'NONE', #408, 1000.000000000000000 ) ;
#2795 = CARTESIAN_POINT ( 'NONE',  ( 0.6999999999999992895, 5.004870093650514384, 39.60000000000000142 ) ) ;
#2796 = CYLINDRICAL_SURFACE ( 'NONE', #457, 4.099999999999999645 ) ;
#2797 = EDGE_CURVE ( 'NONE', #639, #953, #3376, .T. ) ;
#2798 = DIRECTION ( 'NONE',  ( 0.000000000000000000, 0.000000000000000000, -1.000000000000000000 ) ) ;
#2799 = CARTESIAN_POINT ( 'NONE',  ( 0.000000000000000000, 0.000000000000000000, 38.60000000000000142 ) ) ;
#2800 = DIRECTION ( 'NONE',  ( 1.000000000000000000, 0.000000000000000000, 0.000000000000000000 ) ) ;
#2801 = ADVANCED_FACE ( 'NONE', ( #2283 ), #2908, .T. ) ;
#2802 = ORIENTED_EDGE ( 'NONE', *, *, #2263, .F. ) ;
#2803 = DIRECTION ( 'NONE',  ( 1.000000000000000000, 0.000000000000000000, 0.000000000000000000 ) ) ;
#2804 = ORIENTED_EDGE ( 'NONE', *, *, #309, .F. ) ;
#2805 = ORIENTED_EDGE ( 'NONE', *, *, #2906, .F. ) ;
#2806 = CARTESIAN_POINT ( 'NONE',  ( 0.6999999999999992895, 5.004870093650514384, 38.60000000000000142 ) ) ;
#2807 = EDGE_CURVE ( 'NONE', #577, #850, #2599, .T. ) ;
#2808 = STYLED_ITEM ( 'NONE', ( #2232 ), #3332 ) ;
#2809 = VECTOR ( 'NONE', #3278, 1000.000000000000000 ) ;
#2810 = ORIENTED_EDGE ( 'NONE', *, *, #3146, .T. ) ;
#2811 = ORIENTED_EDGE ( 'NONE', *, *, #317, .T. ) ;
#2812 = CARTESIAN_POINT ( 'NONE',  ( -3.700000000000000178, 0.000000000000000000, -41.99999999999999289 ) ) ;
#2813 = CIRCLE ( 'NONE', #3328, 1.000000000000000888 ) ;
#2814 = DIRECTION ( 'NONE',  ( 1.000000000000000000, 0.000000000000000000, -0.000000000000000000 ) ) ;
#2815 = CYLINDRICAL_SURFACE ( 'NONE', #887, 0.5035647862710255218 ) ;
#2816 = ORIENTED_EDGE ( 'NONE', *, *, #213, .T. ) ;
#2817 = CARTESIAN_POINT ( 'NONE',  ( 0.000000000000000000, 0.000000000000000000, -37.00000000000000000 ) ) ;
#2818 = DIRECTION ( 'NONE',  ( -0.000000000000000000, -0.000000000000000000, 1.000000000000000000 ) ) ;
#2819 = CARTESIAN_POINT ( 'NONE',  ( 11.14004334816453401, 0.06295420987255921641, -44.64334925594382497 ) ) ;
#2820 = ORIENTED_EDGE ( 'NONE', *, *, #2906, .T. ) ;
#2821 = CARTESIAN_POINT ( 'NONE',  ( 3.000000000000000000, 3.290000000000001368, 39.60000000000000142 ) ) ;
#2822 = VECTOR ( 'NONE', #867, 1000.000000000000000 ) ;
#2823 = ORIENTED_EDGE ( 'NONE', *, *, #833, .T. ) ;
#2824 = DIRECTION ( 'NONE',  ( -0.000000000000000000, -0.000000000000000000, 1.000000000000000000 ) ) ;
#2825 = VERTEX_POINT ( 'NONE', #3796 ) ;
#2826 = EDGE_CURVE ( 'NONE', #2528, #3109, #108, .T. ) ;
#2827 = VERTEX_POINT ( 'NONE', #2341 ) ;
#2828 = FACE_OUTER_BOUND ( 'NONE', #1824, .T. ) ;
#2829 = DIRECTION ( 'NONE',  ( 1.000000000000000000, 0.000000000000000000, -0.000000000000000000 ) ) ;
#2830 = DIRECTION ( 'NONE',  ( -0.000000000000000000, 1.000000000000000000, -0.000000000000000000 ) ) ;
#2831 = CARTESIAN_POINT ( 'NONE',  ( -2.499999999999999556, 4.031657386773941809, 39.60000000000000142 ) ) ;
#2832 = EDGE_LOOP ( 'NONE', ( #468, #2425, #2983, #3811 ) ) ;
#2833 = DIRECTION ( 'NONE',  ( 0.000000000000000000, 0.000000000000000000, -1.000000000000000000 ) ) ;
#2834 = PRESENTATION_LAYER_ASSIGNMENT (  '', '', ( #3032 ) ) ;
#2835 = CARTESIAN_POINT ( 'NONE',  ( -11.14004334816453401, 0.06295420987255921641, -44.13978446967280433 ) ) ;
#2836 = CARTESIAN_POINT ( 'NONE',  ( -12.50000000000000000, 1.836970198721030427E-16, 24.60000000000000142 ) ) ;
#2837 = DIRECTION ( 'NONE',  ( 1.000000000000000000, 0.000000000000000000, 0.000000000000000000 ) ) ;
#2838 = VECTOR ( 'NONE', #308, 1000.000000000000000 ) ;
#2839 = EDGE_LOOP ( 'NONE', ( #2739, #2441, #3483, #1476 ) ) ;
#2840 = ORIENTED_EDGE ( 'NONE', *, *, #1665, .F. ) ;
#2841 = LINE ( 'NONE', #1034, #1458 ) ;
#2842 = EDGE_LOOP ( 'NONE', ( #3723, #2065 ) ) ;
#2843 = CARTESIAN_POINT ( 'NONE',  ( 0.7000000000000007327, 3.207190429162964040, 38.60000000000000142 ) ) ;
#2844 = ORIENTED_EDGE ( 'NONE', *, *, #2826, .F. ) ;
#2845 = CARTESIAN_POINT ( 'NONE',  ( -11.14004334816453401, 1.154342185340587523, -45.00000000000000000 ) ) ;
#2846 = ADVANCED_FACE ( 'NONE', ( #2631 ), #3857, .F. ) ;
#2847 = CYLINDRICAL_SURFACE ( 'NONE', #3117, 0.5035647862710255218 ) ;
#2848 = EDGE_CURVE ( 'NONE', #3277, #2606, #3213, .T. ) ;
#2849 = CARTESIAN_POINT ( 'NONE',  ( 2.225335759266584112, 3.443527371537709936, 38.60000000000000142 ) ) ;
#2850 = VECTOR ( 'NONE', #1333, 1000.000000000000000 ) ;
#2851 = ORIENTED_EDGE ( 'NONE', *, *, #2973, .T. ) ;
#2852 = ORIENTED_EDGE ( 'NONE', *, *, #3187, .T. ) ;
#2853 = CARTESIAN_POINT ( 'NONE',  ( -10.85995665183546421, -1.154342185340587523, -45.00000000000000000 ) ) ;
#2854 = VECTOR ( 'NONE', #940, 1000.000000000000000 ) ;
#2855 = DIRECTION ( 'NONE',  ( 3.469446951953614189E-16, -1.000000000000000000, 0.000000000000000000 ) ) ;
#2856 = CARTESIAN_POINT ( 'NONE',  ( 0.000000000000000000, 0.000000000000000000, 38.60000000000000142 ) ) ;
#2857 = EDGE_CURVE ( 'NONE', #561, #3612, #1337, .T. ) ;
#2858 = DIRECTION ( 'NONE',  ( 0.000000000000000000, 0.000000000000000000, 1.000000000000000000 ) ) ;
#2859 = VECTOR ( 'NONE', #2165, 1000.000000000000000 ) ;
#2860 = ORIENTED_EDGE ( 'NONE', *, *, #962, .T. ) ;
#2861 = ORIENTED_EDGE ( 'NONE', *, *, #3818, .T. ) ;
#2862 = CARTESIAN_POINT ( 'NONE',  ( 11.00000000000000000, 0.000000000000000000, 24.60000000000000142 ) ) ;
#2863 = ORIENTED_EDGE ( 'NONE', *, *, #3199, .F. ) ;
#2864 = DIRECTION ( 'NONE',  ( 0.000000000000000000, -1.000000000000000000, 0.000000000000000000 ) ) ;
#2865 = ORIENTED_EDGE ( 'NONE', *, *, #267, .F. ) ;
#2866 = ADVANCED_FACE ( 'NONE', ( #1356 ), #2262, .T. ) ;
#2867 = CARTESIAN_POINT ( 'NONE',  ( 0.000000000000000000, 0.000000000000000000, 36.60000000000000142 ) ) ;
#2868 =( GEOMETRIC_REPRESENTATION_CONTEXT ( 3 ) GLOBAL_UNCERTAINTY_ASSIGNED_CONTEXT ( ( #3266 ) ) GLOBAL_UNIT_ASSIGNED_CONTEXT ( ( #354, #1932, #2553 ) ) REPRESENTATION_CONTEXT ( 'NONE', 'WORKASPACE' ) );
#2869 = DIRECTION ( 'NONE',  ( -0.000000000000000000, -0.000000000000000000, -1.000000000000000000 ) ) ;
#2870 = ORIENTED_EDGE ( 'NONE', *, *, #2792, .F. ) ;
#2871 = VECTOR ( 'NONE', #1331, 1000.000000000000000 ) ;
#2872 = ORIENTED_EDGE ( 'NONE', *, *, #3809, .T. ) ;
#2873 = DIRECTION ( 'NONE',  ( -0.000000000000000000, -0.000000000000000000, -1.000000000000000000 ) ) ;
#2874 = VECTOR ( 'NONE', #451, 1000.000000000000000 ) ;
#2875 = DIRECTION ( 'NONE',  ( 1.000000000000000000, 0.000000000000000000, -0.000000000000000000 ) ) ;
#2876 = DIRECTION ( 'NONE',  ( -0.000000000000000000, -0.000000000000000000, 1.000000000000000000 ) ) ;
#2877 = CARTESIAN_POINT ( 'NONE',  ( -0.6999999999999992895, 5.004870093650514384, 39.60000000000000142 ) ) ;
#2878 = ORIENTED_EDGE ( 'NONE', *, *, #3016, .T. ) ;
#2879 = LINE ( 'NONE', #2600, #2152 ) ;
#2880 = VERTEX_POINT ( 'NONE', #2584 ) ;
#2881 = FACE_OUTER_BOUND ( 'NONE', #1418, .T. ) ;
#2882 = AXIS2_PLACEMENT_3D ( 'NONE', #1224, #2774, #3 ) ;
#2883 = DIRECTION ( 'NONE',  ( -1.000000000000000000, -1.224646799147353454E-16, 0.000000000000000000 ) ) ;
#2884 = EDGE_LOOP ( 'NONE', ( #3284, #3583, #1035, #2521 ) ) ;
#2885 = DIRECTION ( 'NONE',  ( -1.000000000000000000, 0.000000000000000000, 0.000000000000000000 ) ) ;
#2886 = DIRECTION ( 'NONE',  ( -0.000000000000000000, -0.000000000000000000, -1.000000000000000000 ) ) ;
#2887 = DIRECTION ( 'NONE',  ( -0.000000000000000000, -0.000000000000000000, -1.000000000000000000 ) ) ;
#2888 = AXIS2_PLACEMENT_3D ( 'NONE', #242, #266, #9 ) ;
#2889 = ORIENTED_EDGE ( 'NONE', *, *, #2180, .T. ) ;
#2890 = VERTEX_POINT ( 'NONE', #1102 ) ;
#2891 = DIRECTION ( 'NONE',  ( 1.000000000000000000, 0.000000000000000000, 0.000000000000000000 ) ) ;
#2892 = FACE_OUTER_BOUND ( 'NONE', #1052, .T. ) ;
#2893 = CARTESIAN_POINT ( 'NONE',  ( 4.000000000000000000, 3.290000000000001368, 38.60000000000000142 ) ) ;
#2894 = LINE ( 'NONE', #1071, #301 ) ;
#2895 = ORIENTED_EDGE ( 'NONE', *, *, #1635, .F. ) ;
#2896 = ADVANCED_FACE ( 'NONE', ( #2104 ), #2423, .T. ) ;
#2897 = EDGE_CURVE ( 'NONE', #395, #593, #866, .T. ) ;
#2898 = EDGE_CURVE ( 'NONE', #205, #2702, #807, .T. ) ;
#2899 = CIRCLE ( 'NONE', #1936, 9.000000000000000000 ) ;
#2900 = CARTESIAN_POINT ( 'NONE',  ( 0.8999999999999998002, 5.004870093650514384, 39.60000000000000142 ) ) ;
#2901 = ORIENTED_EDGE ( 'NONE', *, *, #1297, .T. ) ;
#2902 = DIRECTION ( 'NONE',  ( 1.000000000000000000, 0.000000000000000000, 0.000000000000000000 ) ) ;
#2903 = CARTESIAN_POINT ( 'NONE',  ( 0.000000000000000000, 0.000000000000000000, 54.60000000000000142 ) ) ;
#2904 = EDGE_CURVE ( 'NONE', #582, #3938, #3895, .T. ) ;
#2905 = ORIENTED_EDGE ( 'NONE', *, *, #189, .F. ) ;
#2906 = EDGE_CURVE ( 'NONE', #3370, #1519, #898, .T. ) ;
#2907 = DIRECTION ( 'NONE',  ( -0.000000000000000000, 0.000000000000000000, 1.000000000000000000 ) ) ;
#2908 = CYLINDRICAL_SURFACE ( 'NONE', #303, 5.599999999999999645 ) ;
#2909 = PLANE ( 'NONE',  #3070 ) ;
#2910 = ORIENTED_EDGE ( 'NONE', *, *, #962, .F. ) ;
#2911 = ORIENTED_EDGE ( 'NONE', *, *, #1681, .T. ) ;
#2912 = CARTESIAN_POINT ( 'NONE',  ( 10.00000000000000000, 2.500000000000000888, -39.00000000000000000 ) ) ;
#2913 = LINE ( 'NONE', #2953, #549 ) ;
#2914 = VECTOR ( 'NONE', #1055, 1000.000000000000000 ) ;
#2915 = DIRECTION ( 'NONE',  ( -0.000000000000000000, -0.000000000000000000, 1.000000000000000000 ) ) ;
#2916 = DIRECTION ( 'NONE',  ( 0.000000000000000000, 0.000000000000000000, -1.000000000000000000 ) ) ;
#2917 = EDGE_CURVE ( 'NONE', #2606, #462, #2338, .T. ) ;
#2918 = AXIS2_PLACEMENT_3D ( 'NONE', #2693, #2712, #2673 ) ;
#2919 = VERTEX_POINT ( 'NONE', #1217 ) ;
#2920 = AXIS2_PLACEMENT_3D ( 'NONE', #3135, #3417, #3116 ) ;
#2921 = EDGE_CURVE ( 'NONE', #2059, #623, #310, .T. ) ;
#2922 = DIRECTION ( 'NONE',  ( 0.000000000000000000, 0.000000000000000000, 1.000000000000000000 ) ) ;
#2923 = CIRCLE ( 'NONE', #1709, 13.43290166331306601 ) ;
#2924 = EDGE_CURVE ( 'NONE', #1597, #1621, #3315, .T. ) ;
#2925 = VERTEX_POINT ( 'NONE', #2361 ) ;
#2926 = DIRECTION ( 'NONE',  ( -0.000000000000000000, -0.000000000000000000, -1.000000000000000000 ) ) ;
#2927 = DIRECTION ( 'NONE',  ( -0.000000000000000000, -0.000000000000000000, -1.000000000000000000 ) ) ;
#2928 = ORIENTED_EDGE ( 'NONE', *, *, #886, .F. ) ;
#2929 = CARTESIAN_POINT ( 'NONE',  ( 0.000000000000000000, 0.000000000000000000, 0.9999999999999940048 ) ) ;
#2930 = DIRECTION ( 'NONE',  ( 0.000000000000000000, 0.000000000000000000, -1.000000000000000000 ) ) ;
#2931 = EDGE_CURVE ( 'NONE', #369, #3090, #247, .T. ) ;
#2932 = DIRECTION ( 'NONE',  ( 1.000000000000000000, 0.000000000000000000, -0.000000000000000000 ) ) ;
#2933 = ORIENTED_EDGE ( 'NONE', *, *, #2604, .T. ) ;
#2934 = LINE ( 'NONE', #2613, #2874 ) ;
#2935 = CIRCLE ( 'NONE', #1581, 0.6500000000000007994 ) ;
#2936 = CARTESIAN_POINT ( 'NONE',  ( 0.6999999999999992895, 5.004870093650514384, 38.60000000000000142 ) ) ;
#2937 = CARTESIAN_POINT ( 'NONE',  ( -10.85995665183546421, 0.06295420987255921641, -42.69093140040179435 ) ) ;
#2938 = DIRECTION ( 'NONE',  ( -0.000000000000000000, -0.000000000000000000, 1.000000000000000000 ) ) ;
#2939 = AXIS2_PLACEMENT_3D ( 'NONE', #3019, #2996, #2127 ) ;
#2940 = CIRCLE ( 'NONE', #1721, 8.800000000000016698 ) ;
#2941 = CARTESIAN_POINT ( 'NONE',  ( 0.000000000000000000, 0.2900000000000003131, 38.60000000000000142 ) ) ;
#2942 = ORIENTED_EDGE ( 'NONE', *, *, #1359, .F. ) ;
#2943 = CARTESIAN_POINT ( 'NONE',  ( -4.700000000000000178, 5.755839955992559655E-16, -37.00000000000000000 ) ) ;
#2944 = EDGE_LOOP ( 'NONE', ( #519, #1200 ) ) ;
#2945 = DIRECTION ( 'NONE',  ( -1.224646799147353207E-16, 1.000000000000000000, 0.000000000000000000 ) ) ;
#2946 = ORIENTED_EDGE ( 'NONE', *, *, #2898, .F. ) ;
#2947 = DIRECTION ( 'NONE',  ( 1.000000000000000000, -0.000000000000000000, -0.000000000000000000 ) ) ;
#2948 = DIRECTION ( 'NONE',  ( -1.000000000000000000, -0.000000000000000000, -0.000000000000000000 ) ) ;
#2949 = DIRECTION ( 'NONE',  ( -0.000000000000000000, -0.000000000000000000, 1.000000000000000000 ) ) ;
#2950 = ADVANCED_FACE ( 'NONE', ( #1459 ), #3638, .T. ) ;
#2951 = ORIENTED_EDGE ( 'NONE', *, *, #1297, .F. ) ;
#2952 = FACE_OUTER_BOUND ( 'NONE', #2392, .T. ) ;
#2953 = CARTESIAN_POINT ( 'NONE',  ( 1.500000000000000000, -11.00000000000000000, 24.60000000000000142 ) ) ;
#2954 = CARTESIAN_POINT ( 'NONE',  ( 0.000000000000000000, 0.000000000000000000, -40.99999999999999289 ) ) ;
#2955 = AXIS2_PLACEMENT_3D ( 'NONE', #1899, #3427, #971 ) ;
#2956 = LINE ( 'NONE', #3936, #518 ) ;
#2957 = CARTESIAN_POINT ( 'NONE',  ( 11.99999999999999822, -2.499999999999999556, -37.00000000000000000 ) ) ;
#2958 = ORIENTED_EDGE ( 'NONE', *, *, #2356, .T. ) ;
#2959 = EDGE_CURVE ( 'NONE', #3958, #325, #2985, .T. ) ;
#2960 = FACE_OUTER_BOUND ( 'NONE', #3655, .T. ) ;
#2961 = CIRCLE ( 'NONE', #656, 4.700000000000000178 ) ;
#2962 = ORIENTED_EDGE ( 'NONE', *, *, #2678, .F. ) ;
#2963 = DIRECTION ( 'NONE',  ( 0.000000000000000000, 0.000000000000000000, 1.000000000000000000 ) ) ;
#2964 = ORIENTED_EDGE ( 'NONE', *, *, #1125, .T. ) ;
#2965 = AXIS2_PLACEMENT_3D ( 'NONE', #97, #2231, #2188 ) ;
#2966 = EDGE_CURVE ( 'NONE', #3836, #938, #2084, .T. ) ;
#2967 = DIRECTION ( 'NONE',  ( 1.000000000000000000, 0.000000000000000000, 0.000000000000000000 ) ) ;
#2968 = DIRECTION ( 'NONE',  ( 1.000000000000000000, 0.000000000000000000, 0.000000000000000000 ) ) ;
#2969 = DIRECTION ( 'NONE',  ( 1.000000000000000000, 0.000000000000000000, 0.000000000000000000 ) ) ;
#2970 = ORIENTED_EDGE ( 'NONE', *, *, #3350, .F. ) ;
#2971 = ORIENTED_EDGE ( 'NONE', *, *, #3732, .F. ) ;
#2972 = ADVANCED_FACE ( 'NONE', ( #3013 ), #742, .T. ) ;
#2973 = EDGE_CURVE ( 'NONE', #2585, #910, #1961, .T. ) ;
#2974 = DIRECTION ( 'NONE',  ( -1.000000000000000000, 0.000000000000000000, 0.000000000000000000 ) ) ;
#2975 = EDGE_CURVE ( 'NONE', #651, #3216, #2664, .T. ) ;
#2976 = CARTESIAN_POINT ( 'NONE',  ( -8.800000000000016698, 0.000000000000000000, 38.60000000000000142 ) ) ;
#2977 = DIRECTION ( 'NONE',  ( 0.7071067811865505703, 0.000000000000000000, 0.7071067811865444641 ) ) ;
#2978 = CIRCLE ( 'NONE', #3366, 3.999999999999999112 ) ;
#2979 = EDGE_CURVE ( 'NONE', #241, #3694, #1250, .T. ) ;
#2980 = CARTESIAN_POINT ( 'NONE',  ( 10.85995665183546421, -1.154342185340587523, -39.00000000000000000 ) ) ;
#2981 = VECTOR ( 'NONE', #1985, 1000.000000000000000 ) ;
#2982 = CIRCLE ( 'NONE', #2597, 1.500000000000001332 ) ;
#2983 = ORIENTED_EDGE ( 'NONE', *, *, #1942, .F. ) ;
#2984 = EDGE_CURVE ( 'NONE', #3011, #918, #930, .T. ) ;
#2985 = CIRCLE ( 'NONE', #3505, 7.200000000000000178 ) ;
#2986 = CARTESIAN_POINT ( 'NONE',  ( 1.120000000000000107, 0.000000000000000000, -44.00000000000000000 ) ) ;
#2987 = VERTEX_POINT ( 'NONE', #3956 ) ;
#2988 = AXIS2_PLACEMENT_3D ( 'NONE', #1479, #3598, #3935 ) ;
#2989 = VERTEX_POINT ( 'NONE', #3355 ) ;
#2990 = CARTESIAN_POINT ( 'NONE',  ( 10.00000000000000000, 2.500000000000000888, -37.00000000000000000 ) ) ;
#2991 = CARTESIAN_POINT ( 'NONE',  ( 10.00000000000000000, -2.499999999999999112, -39.00000000000000000 ) ) ;
#2992 = ORIENTED_EDGE ( 'NONE', *, *, #1739, .F. ) ;
#2993 = EDGE_LOOP ( 'NONE', ( #3798, #2119, #2971, #1541, #2759, #2246 ) ) ;
#2994 = DIRECTION ( 'NONE',  ( 1.000000000000000000, 0.000000000000000000, 0.000000000000000000 ) ) ;
#2995 = DIRECTION ( 'NONE',  ( 0.000000000000000000, 0.000000000000000000, 1.000000000000000000 ) ) ;
#2996 = DIRECTION ( 'NONE',  ( 0.000000000000000000, 0.000000000000000000, 1.000000000000000000 ) ) ;
#2997 = CARTESIAN_POINT ( 'NONE',  ( 10.85995665183546421, -0.4406105763984632384, -42.69093140040179435 ) ) ;
#2998 = CONICAL_SURFACE ( 'NONE', #628, 8.800000000000016698, 0.7853981633974266297 ) ;
#2999 = CARTESIAN_POINT ( 'NONE',  ( 0.000000000000000000, 0.000000000000000000, -38.00000000000000000 ) ) ;
#3000 = CARTESIAN_POINT ( 'NONE',  ( -2.499999999999999556, 4.031657386773941809, 39.60000000000000142 ) ) ;
#3001 = VECTOR ( 'NONE', #2559, 1000.000000000000000 ) ;
#3002 = AXIS2_PLACEMENT_3D ( 'NONE', #383, #2497, #3085 ) ;
#3003 = AXIS2_PLACEMENT_3D ( 'NONE', #921, #2149, #1237 ) ;
#3004 = VERTEX_POINT ( 'NONE', #841 ) ;
#3005 = DIRECTION ( 'NONE',  ( 0.000000000000000000, 0.000000000000000000, 1.000000000000000000 ) ) ;
#3006 = EDGE_LOOP ( 'NONE', ( #1964, #274 ) ) ;
#3007 = CARTESIAN_POINT ( 'NONE',  ( -11.14004334816453401, -1.154342185340587523, -39.00000000000000000 ) ) ;
#3008 = EDGE_LOOP ( 'NONE', ( #82, #1742, #1170, #1385 ) ) ;
#3009 = EDGE_CURVE ( 'NONE', #1112, #119, #600, .T. ) ;
#3010 = ORIENTED_EDGE ( 'NONE', *, *, #1187, .F. ) ;
#3011 = VERTEX_POINT ( 'NONE', #2843 ) ;
#3012 = PLANE ( 'NONE',  #1687 ) ;
#3013 = FACE_OUTER_BOUND ( 'NONE', #1766, .T. ) ;
#3014 = VERTEX_POINT ( 'NONE', #955 ) ;
#3015 = ORIENTED_EDGE ( 'NONE', *, *, #2480, .T. ) ;
#3016 = EDGE_CURVE ( 'NONE', #287, #3045, #2785, .T. ) ;
#3017 = DIRECTION ( 'NONE',  ( 0.000000000000000000, -0.000000000000000000, 1.000000000000000000 ) ) ;
#3018 = CARTESIAN_POINT ( 'NONE',  ( 3.199999999999999734, 2.689999999999999059, 38.60000000000000142 ) ) ;
#3019 = CARTESIAN_POINT ( 'NONE',  ( 0.000000000000000000, 0.000000000000000000, 38.60000000000000142 ) ) ;
#3020 = CIRCLE ( 'NONE', #3788, 0.6499999999999991340 ) ;
#3021 = CYLINDRICAL_SURFACE ( 'NONE', #1666, 7.349999999999999645 ) ;
#3022 = CARTESIAN_POINT ( 'NONE',  ( -11.14004334816453401, 1.154342185340587523, -39.00000000000000000 ) ) ;
#3023 = CYLINDRICAL_SURFACE ( 'NONE', #2272, 0.4999999999999995559 ) ;
#3024 = EDGE_CURVE ( 'NONE', #734, #3316, #974, .T. ) ;
#3025 = EDGE_CURVE ( 'NONE', #440, #2585, #916, .T. ) ;
#3026 = ORIENTED_EDGE ( 'NONE', *, *, #429, .T. ) ;
#3027 = EDGE_CURVE ( 'NONE', #212, #3938, #986, .T. ) ;
#3028 = DIRECTION ( 'NONE',  ( 1.000000000000000000, 0.000000000000000000, -0.000000000000000000 ) ) ;
#3029 = CARTESIAN_POINT ( 'NONE',  ( -12.00000000000000000, 2.500000000000000444, -39.00000000000000000 ) ) ;
#3030 = ORIENTED_EDGE ( 'NONE', *, *, #2921, .F. ) ;
#3031 = LINE ( 'NONE', #2990, #787 ) ;
#3032 = STYLED_ITEM ( 'NONE', ( #1905 ), #1794 ) ;
#3033 = DIRECTION ( 'NONE',  ( 0.000000000000000000, 0.000000000000000000, 1.000000000000000000 ) ) ;
#3034 = ADVANCED_FACE ( 'NONE', ( #31 ), #1922, .F. ) ;
#3035 = AXIS2_PLACEMENT_3D ( 'NONE', #2212, #666, #376 ) ;
#3036 = VERTEX_POINT ( 'NONE', #404 ) ;
#3037 = ORIENTED_EDGE ( 'NONE', *, *, #2496, .F. ) ;
#3038 = CARTESIAN_POINT ( 'NONE',  ( 0.000000000000000000, 0.000000000000000000, 38.60000000000000142 ) ) ;
#3039 = DIRECTION ( 'NONE',  ( -1.000000000000000000, 0.000000000000000000, 0.000000000000000000 ) ) ;
#3040 = DIRECTION ( 'NONE',  ( 0.000000000000000000, 1.000000000000000000, 0.000000000000000000 ) ) ;
#3041 = DIRECTION ( 'NONE',  ( 1.000000000000000000, 0.000000000000000000, 0.000000000000000000 ) ) ;
#3042 = LINE ( 'NONE', #2071, #2536 ) ;
#3043 = EDGE_CURVE ( 'NONE', #187, #2313, #2784, .T. ) ;
#3044 = FACE_OUTER_BOUND ( 'NONE', #3579, .T. ) ;
#3045 = VERTEX_POINT ( 'NONE', #346 ) ;
#3046 = AXIS2_PLACEMENT_3D ( 'NONE', #2562, #755, #1704 ) ;
#3047 = ADVANCED_FACE ( 'NONE', ( #3128 ), #48, .T. ) ;
#3048 = CARTESIAN_POINT ( 'NONE',  ( -1.120000000000000107, 1.371604415045035760E-16, -40.99999999999999289 ) ) ;
#3049 = ORIENTED_EDGE ( 'NONE', *, *, #617, .T. ) ;
#3050 = ORIENTED_EDGE ( 'NONE', *, *, #1125, .F. ) ;
#3051 = VECTOR ( 'NONE', #1827, 1000.000000000000000 ) ;
#3052 = LINE ( 'NONE', #1137, #2838 ) ;
#3053 = CIRCLE ( 'NONE', #2533, 0.1999999999999996503 ) ;
#3054 = CARTESIAN_POINT ( 'NONE',  ( 0.000000000000000000, 0.000000000000000000, 38.60000000000000142 ) ) ;
#3055 = AXIS2_PLACEMENT_3D ( 'NONE', #3274, #1175, #878 ) ;
#3056 = ORIENTED_EDGE ( 'NONE', *, *, #543, .F. ) ;
#3057 = ORIENTED_EDGE ( 'NONE', *, *, #2782, .F. ) ;
#3058 = CIRCLE ( 'NONE', #1311, 0.5035647862710255218 ) ;
#3059 = DIRECTION ( 'NONE',  ( 0.000000000000000000, 0.000000000000000000, -1.000000000000000000 ) ) ;
#3060 = EDGE_CURVE ( 'NONE', #557, #226, #1181, .T. ) ;
#3061 = CARTESIAN_POINT ( 'NONE',  ( 1.749999999999999778, 3.886873642484539371, 39.60000000000000142 ) ) ;
#3062 = DIRECTION ( 'NONE',  ( 0.000000000000000000, 0.000000000000000000, 1.000000000000000000 ) ) ;
#3063 = DIRECTION ( 'NONE',  ( -0.000000000000000000, -0.000000000000000000, -1.000000000000000000 ) ) ;
#3064 = CARTESIAN_POINT ( 'NONE',  ( 7.349999999999999645, 0.000000000000000000, 36.60000000000000142 ) ) ;
#3065 = DIRECTION ( 'NONE',  ( -1.000000000000000000, 0.000000000000000000, 0.000000000000000000 ) ) ;
#3066 = ORIENTED_EDGE ( 'NONE', *, *, #2258, .F. ) ;
#3067 = VECTOR ( 'NONE', #851, 1000.000000000000000 ) ;
#3068 = DIRECTION ( 'NONE',  ( 0.000000000000000000, 0.000000000000000000, -1.000000000000000000 ) ) ;
#3069 = EDGE_LOOP ( 'NONE', ( #3752, #3906 ) ) ;
#3070 = AXIS2_PLACEMENT_3D ( 'NONE', #802, #3797, #2932 ) ;
#3071 = VECTOR ( 'NONE', #3939, 1000.000000000000000 ) ;
#3072 = ORIENTED_EDGE ( 'NONE', *, *, #2904, .F. ) ;
#3073 = PLANE ( 'NONE',  #3160 ) ;
#3074 = CARTESIAN_POINT ( 'NONE',  ( -11.14004334816453401, -1.154342185340587523, -45.00000000000000000 ) ) ;
#3075 = EDGE_LOOP ( 'NONE', ( #3641, #1455, #1231, #2970, #1877, #3387 ) ) ;
#3076 = ORIENTED_EDGE ( 'NONE', *, *, #3809, .F. ) ;
#3077 = DIRECTION ( 'NONE',  ( 1.000000000000000000, 0.000000000000000000, 0.000000000000000000 ) ) ;
#3078 = CARTESIAN_POINT ( 'NONE',  ( -0.7000000000000000666, 5.004870093650514384, 38.60000000000000142 ) ) ;
#3079 = EDGE_CURVE ( 'NONE', #207, #3090, #3241, .T. ) ;
#3080 = PLANE ( 'NONE',  #3842 ) ;
#3081 = CARTESIAN_POINT ( 'NONE',  ( 0.000000000000000000, 0.000000000000000000, 54.60000000000000142 ) ) ;
#3082 = FILL_AREA_STYLE ('',( #2393 ) ) ;
#3083 = DIRECTION ( 'NONE',  ( 1.000000000000000000, 0.000000000000000000, 0.000000000000000000 ) ) ;
#3084 = ORIENTED_EDGE ( 'NONE', *, *, #672, .T. ) ;
#3085 = DIRECTION ( 'NONE',  ( 1.000000000000000000, 0.000000000000000000, 0.000000000000000000 ) ) ;
#3086 = CARTESIAN_POINT ( 'NONE',  ( 2.236067977499790693, 2.000000000000000000, 42.60000000000000142 ) ) ;
#3087 = EDGE_CURVE ( 'NONE', #3291, #212, #2221, .T. ) ;
#3088 = ORIENTED_EDGE ( 'NONE', *, *, #3920, .T. ) ;
#3089 = DIRECTION ( 'NONE',  ( 0.000000000000000000, 0.000000000000000000, -1.000000000000000000 ) ) ;
#3090 = VERTEX_POINT ( 'NONE', #3412 ) ;
#3091 = EDGE_LOOP ( 'NONE', ( #792, #3030, #2031, #1286 ) ) ;
#3092 = CARTESIAN_POINT ( 'NONE',  ( 0.000000000000000000, 0.000000000000000000, -37.00000000000000000 ) ) ;
#3093 = DIRECTION ( 'NONE',  ( 1.000000000000000000, 0.000000000000000000, 0.000000000000000000 ) ) ;
#3094 = CARTESIAN_POINT ( 'NONE',  ( 0.000000000000000000, 0.000000000000000000, 36.60000000000000142 ) ) ;
#3095 = AXIS2_PLACEMENT_3D ( 'NONE', #2862, #417, #2517 ) ;
#3096 = CIRCLE ( 'NONE', #2708, 3.999999999999999112 ) ;
#3097 = EDGE_CURVE ( 'NONE', #1774, #2379, #1291, .T. ) ;
#3098 = EDGE_CURVE ( 'NONE', #1058, #243, #2141, .T. ) ;
#3099 = DIRECTION ( 'NONE',  ( -0.000000000000000000, -0.000000000000000000, 1.000000000000000000 ) ) ;
#3100 = CARTESIAN_POINT ( 'NONE',  ( 4.000000000000000000, 3.290000000000001368, 39.60000000000000142 ) ) ;
#3101 = FACE_OUTER_BOUND ( 'NONE', #1332, .T. ) ;
#3102 = ADVANCED_FACE ( 'NONE', ( #700, #2461 ), #1273, .T. ) ;
#3103 = CARTESIAN_POINT ( 'NONE',  ( -10.85995665183546421, -0.4406105763984632384, -42.69093140040179435 ) ) ;
#3104 = ORIENTED_EDGE ( 'NONE', *, *, #1110, .T. ) ;
#3105 = EDGE_CURVE ( 'NONE', #3459, #3836, #1842, .T. ) ;
#3106 = AXIS2_PLACEMENT_3D ( 'NONE', #3634, #1213, #3669 ) ;
#3107 = CYLINDRICAL_SURFACE ( 'NONE', #3095, 1.500000000000001332 ) ;
#3108 = VERTEX_POINT ( 'NONE', #329 ) ;
#3109 = VERTEX_POINT ( 'NONE', #657 ) ;
#3110 = CARTESIAN_POINT ( 'NONE',  ( 0.000000000000000000, 0.2900000000000003131, 38.60000000000000142 ) ) ;
#3111 = ORIENTED_EDGE ( 'NONE', *, *, #833, .F. ) ;
#3112 = VECTOR ( 'NONE', #2114, 1000.000000000000000 ) ;
#3113 = ORIENTED_EDGE ( 'NONE', *, *, #3732, .T. ) ;
#3114 = AXIS2_PLACEMENT_3D ( 'NONE', #2734, #3340, #3918 ) ;
#3115 = VECTOR ( 'NONE', #1736, 1000.000000000000000 ) ;
#3116 = DIRECTION ( 'NONE',  ( -1.000000000000000000, 1.224646799147351482E-16, 0.000000000000000000 ) ) ;
#3117 = AXIS2_PLACEMENT_3D ( 'NONE', #1661, #3817, #2930 ) ;
#3118 = DIRECTION ( 'NONE',  ( 0.000000000000000000, 0.000000000000000000, 1.000000000000000000 ) ) ;
#3119 = AXIS2_PLACEMENT_3D ( 'NONE', #2900, #160, #774 ) ;
#3120 = ORIENTED_EDGE ( 'NONE', *, *, #2897, .F. ) ;
#3121 = DIRECTION ( 'NONE',  ( -3.469446951953614189E-16, -1.000000000000000000, 0.000000000000000000 ) ) ;
#3122 = DIRECTION ( 'NONE',  ( -0.000000000000000000, -0.000000000000000000, 1.000000000000000000 ) ) ;
#3123 = PLANE ( 'NONE',  #1780 ) ;
#3124 = CARTESIAN_POINT ( 'NONE',  ( -5.799999999999999822, 7.102951435054647665E-16, 36.60000000000000142 ) ) ;
#3125 = ORIENTED_EDGE ( 'NONE', *, *, #2333, .F. ) ;
#3126 = CARTESIAN_POINT ( 'NONE',  ( -4.000000000000000000, 3.290000000000001368, 39.60000000000000142 ) ) ;
#3127 = ORIENTED_EDGE ( 'NONE', *, *, #429, .F. ) ;
#3128 = FACE_OUTER_BOUND ( 'NONE', #24, .T. ) ;
#3129 = AXIS2_PLACEMENT_3D ( 'NONE', #691, #3720, #966 ) ;
#3130 = AXIS2_PLACEMENT_3D ( 'NONE', #1003, #3154, #114 ) ;
#3131 = VERTEX_POINT ( 'NONE', #66 ) ;
#3132 = ORIENTED_EDGE ( 'NONE', *, *, #2778, .T. ) ;
#3133 =( NAMED_UNIT ( * ) PLANE_ANGLE_UNIT ( ) SI_UNIT ( $, .RADIAN. ) );
#3134 = AXIS2_PLACEMENT_3D ( 'NONE', #723, #1643, #979 ) ;
#3135 = CARTESIAN_POINT ( 'NONE',  ( -12.84999999999999964, 1.573671136904348863E-15, -1.000000000000000888 ) ) ;
#3136 = DIRECTION ( 'NONE',  ( -0.000000000000000000, -0.000000000000000000, -1.000000000000000000 ) ) ;
#3137 = DIRECTION ( 'NONE',  ( 1.000000000000000000, 0.000000000000000000, 0.000000000000000000 ) ) ;
#3138 = EDGE_LOOP ( 'NONE', ( #2802, #3397, #730, #1946 ) ) ;
#3139 = LINE ( 'NONE', #665, #1095 ) ;
#3140 = DIRECTION ( 'NONE',  ( 0.000000000000000000, 0.000000000000000000, 1.000000000000000000 ) ) ;
#3141 = LINE ( 'NONE', #400, #1056 ) ;
#3142 = EDGE_LOOP ( 'NONE', ( #416, #3893, #1349, #2362 ) ) ;
#3143 = DIRECTION ( 'NONE',  ( -0.000000000000000000, -0.000000000000000000, -1.000000000000000000 ) ) ;
#3144 = EDGE_CURVE ( 'NONE', #3545, #3161, #2269, .T. ) ;
#3145 = ORIENTED_EDGE ( 'NONE', *, *, #617, .F. ) ;
#3146 = EDGE_CURVE ( 'NONE', #3700, #2537, #2978, .T. ) ;
#3147 = DIRECTION ( 'NONE',  ( 0.000000000000000000, 0.000000000000000000, 1.000000000000000000 ) ) ;
#3148 = ORIENTED_EDGE ( 'NONE', *, *, #644, .T. ) ;
#3149 = CARTESIAN_POINT ( 'NONE',  ( 0.000000000000000000, 0.000000000000000000, 38.60000000000000142 ) ) ;
#3150 = EDGE_CURVE ( 'NONE', #2623, #3004, #184, .T. ) ;
#3151 = CARTESIAN_POINT ( 'NONE',  ( -2.999999999999999112, 3.290000000000001368, 39.60000000000000142 ) ) ;
#3152 = ORIENTED_EDGE ( 'NONE', *, *, #71, .T. ) ;
#3153 = EDGE_LOOP ( 'NONE', ( #2055, #560, #2018, #2670, #148, #3677 ) ) ;
#3154 = DIRECTION ( 'NONE',  ( 0.000000000000000000, 0.000000000000000000, 1.000000000000000000 ) ) ;
#3155 = ADVANCED_FACE ( 'NONE', ( #1098 ), #2000, .F. ) ;
#3156 = CIRCLE ( 'NONE', #2773, 4.999999999999999112 ) ;
#3157 = CARTESIAN_POINT ( 'NONE',  ( 0.000000000000000000, 0.000000000000000000, 36.60000000000000142 ) ) ;
#3158 = DIRECTION ( 'NONE',  ( 1.000000000000000000, 0.000000000000000000, 0.000000000000000000 ) ) ;
#3159 = DIRECTION ( 'NONE',  ( -1.000000000000000000, 0.000000000000000000, 0.000000000000000000 ) ) ;
#3160 = AXIS2_PLACEMENT_3D ( 'NONE', #328, #2140, #3374 ) ;
#3161 = VERTEX_POINT ( 'NONE', #3492 ) ;
#3162 = ORIENTED_EDGE ( 'NONE', *, *, #326, .F. ) ;
#3163 = EDGE_CURVE ( 'NONE', #49, #1712, #2317, .T. ) ;
#3164 = FACE_OUTER_BOUND ( 'NONE', #327, .T. ) ;
#3165 = EDGE_LOOP ( 'NONE', ( #3555, #3255, #637, #3600 ) ) ;
#3166 = EDGE_CURVE ( 'NONE', #734, #2989, #1825, .T. ) ;
#3167 = LINE ( 'NONE', #1984, #1116 ) ;
#3168 = ORIENTED_EDGE ( 'NONE', *, *, #2736, .F. ) ;
#3169 = VECTOR ( 'NONE', #3230, 1000.000000000000000 ) ;
#3170 = EDGE_CURVE ( 'NONE', #3161, #3763, #1238, .T. ) ;
#3171 = DIRECTION ( 'NONE',  ( 0.000000000000000000, 0.000000000000000000, 1.000000000000000000 ) ) ;
#3172 = CARTESIAN_POINT ( 'NONE',  ( -4.000000000000000000, 3.290000000000001368, 38.60000000000000142 ) ) ;
#3173 = AXIS2_PLACEMENT_3D ( 'NONE', #1705, #2945, #2043 ) ;
#3174 = AXIS2_PLACEMENT_3D ( 'NONE', #3845, #3261, #198 ) ;
#3175 = ORIENTED_EDGE ( 'NONE', *, *, #3146, .F. ) ;
#3176 = AXIS2_PLACEMENT_3D ( 'NONE', #3424, #3386, #1225 ) ;
#3177 = ORIENTED_EDGE ( 'NONE', *, *, #1966, .T. ) ;
#3178 = CARTESIAN_POINT ( 'NONE',  ( 4.700000000000000178, 0.000000000000000000, -41.99999999999999289 ) ) ;
#3179 = AXIS2_PLACEMENT_3D ( 'NONE', #506, #1689, #150 ) ;
#3180 = CARTESIAN_POINT ( 'NONE',  ( 3.000000000000000000, 3.290000000000001368, 39.60000000000000142 ) ) ;
#3181 = SURFACE_STYLE_USAGE ( .BOTH. , #136 ) ;
#3182 = CARTESIAN_POINT ( 'NONE',  ( -10.85995665183546421, 0.5665189961435816990, -44.13978446967280433 ) ) ;
#3183 = AXIS2_PLACEMENT_3D ( 'NONE', #289, #1438, #2727 ) ;
#3184 = AXIS2_PLACEMENT_3D ( 'NONE', #1699, #1130, #1653 ) ;
#3185 = VERTEX_POINT ( 'NONE', #3189 ) ;
#3186 = DIRECTION ( 'NONE',  ( 0.000000000000000000, 0.000000000000000000, 1.000000000000000000 ) ) ;
#3187 = EDGE_CURVE ( 'NONE', #1281, #440, #1722, .T. ) ;
#3188 = ORIENTED_EDGE ( 'NONE', *, *, #713, .F. ) ;
#3189 = CARTESIAN_POINT ( 'NONE',  ( -4.299999999999999822, 5.265981236333618470E-16, 38.60000000000000142 ) ) ;
#3190 = ORIENTED_EDGE ( 'NONE', *, *, #3863, .F. ) ;
#3191 = DIRECTION ( 'NONE',  ( 1.000000000000000000, 0.000000000000000000, 0.000000000000000000 ) ) ;
#3192 = DIRECTION ( 'NONE',  ( -0.000000000000000000, -0.000000000000000000, -1.000000000000000000 ) ) ;
#3193 = AXIS2_PLACEMENT_3D ( 'NONE', #1565, #3508, #2249 ) ;
#3194 = CARTESIAN_POINT ( 'NONE',  ( -4.670005034419232537, 2.000000000000000000, 42.60000000000000142 ) ) ;
#3195 = VERTEX_POINT ( 'NONE', #1395 ) ;
#3196 = AXIS2_PLACEMENT_3D ( 'NONE', #193, #1662, #169 ) ;
#3197 = VERTEX_POINT ( 'NONE', #2943 ) ;
#3198 = DIRECTION ( 'NONE',  ( 0.000000000000000000, 0.000000000000000000, 1.000000000000000000 ) ) ;
#3199 = EDGE_CURVE ( 'NONE', #2156, #2444, #163, .T. ) ;
#3200 = CARTESIAN_POINT ( 'NONE',  ( 7.349999999999999645, 0.000000000000000000, 38.60000000000000142 ) ) ;
#3201 = FACE_BOUND ( 'NONE', #290, .T. ) ;
#3202 = DIRECTION ( 'NONE',  ( -0.000000000000000000, -0.000000000000000000, 1.000000000000000000 ) ) ;
#3203 = VERTEX_POINT ( 'NONE', #2021 ) ;
#3204 = ADVANCED_FACE ( 'NONE', ( #2881 ), #3793, .T. ) ;
#3205 = DIRECTION ( 'NONE',  ( 0.000000000000000000, 0.000000000000000000, 1.000000000000000000 ) ) ;
#3206 = EDGE_LOOP ( 'NONE', ( #3831, #2816, #3503, #1575 ) ) ;
#3207 = PRODUCT_DEFINITION_SHAPE ( 'NONE', 'NONE',  #1679 ) ;
#3208 = CARTESIAN_POINT ( 'NONE',  ( 9.140043348164534009, 0.06295420987255921641, -42.69093140040179435 ) ) ;
#3209 = CARTESIAN_POINT ( 'NONE',  ( -2.494876383510878259, 0.000000000000000000, -41.99999999999999289 ) ) ;
#3210 = ADVANCED_FACE ( 'NONE', ( #736 ), #2238, .T. ) ;
#3211 = ORIENTED_EDGE ( 'NONE', *, *, #2624, .F. ) ;
#3212 = FACE_OUTER_BOUND ( 'NONE', #3851, .T. ) ;
#3213 = LINE ( 'NONE', #1729, #430 ) ;
#3214 = EDGE_CURVE ( 'NONE', #3004, #2587, #3167, .T. ) ;
#3215 = ORIENTED_EDGE ( 'NONE', *, *, #1673, .F. ) ;
#3216 = VERTEX_POINT ( 'NONE', #2603 ) ;
#3217 = DIRECTION ( 'NONE',  ( 0.000000000000000000, 0.000000000000000000, 1.000000000000000000 ) ) ;
#3218 = EDGE_CURVE ( 'NONE', #996, #831, #444, .T. ) ;
#3219 = DIRECTION ( 'NONE',  ( 1.000000000000000000, 0.000000000000000000, 0.000000000000000000 ) ) ;
#3220 = CARTESIAN_POINT ( 'NONE',  ( 10.85995665183546421, 1.154342185340587523, -45.00000000000000000 ) ) ;
#3221 = EDGE_CURVE ( 'NONE', #725, #574, #2625, .T. ) ;
#3222 = DIRECTION ( 'NONE',  ( -0.000000000000000000, 1.000000000000000000, 0.000000000000000000 ) ) ;
#3223 = AXIS2_PLACEMENT_3D ( 'NONE', #2164, #998, #1557 ) ;
#3224 = VERTEX_POINT ( 'NONE', #3476 ) ;
#3225 = ADVANCED_FACE ( 'NONE', ( #1639 ), #3253, .T. ) ;
#3226 = AXIS2_PLACEMENT_3D ( 'NONE', #1931, #3140, #1888 ) ;
#3227 = DIRECTION ( 'NONE',  ( 0.000000000000000000, 0.000000000000000000, -1.000000000000000000 ) ) ;
#3228 = ADVANCED_FACE ( 'NONE', ( #716, #3516 ), #1940, .F. ) ;
#3229 = ORIENTED_EDGE ( 'NONE', *, *, #1525, .T. ) ;
#3230 = DIRECTION ( 'NONE',  ( 0.000000000000000000, 0.000000000000000000, -1.000000000000000000 ) ) ;
#3231 = DIRECTION ( 'NONE',  ( -1.000000000000000000, 0.000000000000000000, 0.000000000000000000 ) ) ;
#3232 = ORIENTED_EDGE ( 'NONE', *, *, #1615, .F. ) ;
#3233 = PLANE ( 'NONE',  #1164 ) ;
#3234 = CARTESIAN_POINT ( 'NONE',  ( 1.099999999999998979, 3.886873642484539371, 39.60000000000000142 ) ) ;
#3235 = DIRECTION ( 'NONE',  ( 0.000000000000000000, 0.000000000000000000, 1.000000000000000000 ) ) ;
#3236 = EDGE_LOOP ( 'NONE', ( #269, #640 ) ) ;
#3237 = ORIENTED_EDGE ( 'NONE', *, *, #143, .F. ) ;
#3238 = LINE ( 'NONE', #1404, #2809 ) ;
#3239 = DIRECTION ( 'NONE',  ( 1.000000000000000000, 0.000000000000000000, 0.000000000000000000 ) ) ;
#3240 = LINE ( 'NONE', #768, #3500 ) ;
#3241 = CIRCLE ( 'NONE', #3495, 2.494876383510878259 ) ;
#3242 = DIRECTION ( 'NONE',  ( -1.000000000000000000, 0.000000000000000000, 0.000000000000000000 ) ) ;
#3243 = DIRECTION ( 'NONE',  ( -0.000000000000000000, -0.000000000000000000, -1.000000000000000000 ) ) ;
#3244 = CIRCLE ( 'NONE', #2210, 7.349999999999999645 ) ;
#3245 = VECTOR ( 'NONE', #1159, 1000.000000000000000 ) ;
#3246 = AXIS2_PLACEMENT_3D ( 'NONE', #22, #3945, #1190 ) ;
#3247 = ORIENTED_EDGE ( 'NONE', *, *, #3098, .F. ) ;
#3248 = CIRCLE ( 'NONE', #2150, 0.4999999999999995559 ) ;
#3249 = DIRECTION ( 'NONE',  ( 1.000000000000000000, 0.000000000000000000, 0.000000000000000000 ) ) ;
#3250 = AXIS2_PLACEMENT_3D ( 'NONE', #1096, #2640, #2315 ) ;
#3251 = ORIENTED_EDGE ( 'NONE', *, *, #2062, .T. ) ;
#3252 = ADVANCED_FACE ( 'NONE', ( #3834 ), #2297, .F. ) ;
#3253 = PLANE ( 'NONE',  #1950 ) ;
#3254 = LINE ( 'NONE', #1725, #1886 ) ;
#3255 = ORIENTED_EDGE ( 'NONE', *, *, #256, .T. ) ;
#3256 = DIRECTION ( 'NONE',  ( -0.000000000000000000, -0.000000000000000000, 1.000000000000000000 ) ) ;
#3257 = CARTESIAN_POINT ( 'NONE',  ( 0.000000000000000000, 0.000000000000000000, 36.60000000000000142 ) ) ;
#3258 = LINE ( 'NONE', #762, #1011 ) ;
#3259 = VERTEX_POINT ( 'NONE', #1474 ) ;
#3260 = FACE_OUTER_BOUND ( 'NONE', #165, .T. ) ;
#3261 = DIRECTION ( 'NONE',  ( 0.000000000000000000, 0.000000000000000000, -1.000000000000000000 ) ) ;
#3262 = DIRECTION ( 'NONE',  ( -1.000000000000000000, 0.000000000000000000, 0.000000000000000000 ) ) ;
#3263 = CYLINDRICAL_SURFACE ( 'NONE', #3948, 0.5035647862710255218 ) ;
#3264 = CIRCLE ( 'NONE', #1522, 1.500000000000001332 ) ;
#3265 = AXIS2_PLACEMENT_3D ( 'NONE', #1713, #1089, #3504 ) ;
#3266 = UNCERTAINTY_MEASURE_WITH_UNIT (LENGTH_MEASURE( 1.000000000000000082E-05 ), #354, 'distance_accuracy_value', 'NONE');
#3267 = CARTESIAN_POINT ( 'NONE',  ( -2.225335759266584112, 3.443527371537709936, 38.60000000000000142 ) ) ;
#3268 = ORIENTED_EDGE ( 'NONE', *, *, #3770, .T. ) ;
#3269 = ADVANCED_FACE ( 'NONE', ( #2056 ), #816, .T. ) ;
#3270 = CARTESIAN_POINT ( 'NONE',  ( 1.529999999999999805, 11.00000000000000000, 24.60000000000000142 ) ) ;
#3271 = ORIENTED_EDGE ( 'NONE', *, *, #3578, .T. ) ;
#3272 = ADVANCED_FACE ( 'NONE', ( #2682 ), #2042, .T. ) ;
#3273 = DIRECTION ( 'NONE',  ( 0.000000000000000000, 0.000000000000000000, 1.000000000000000000 ) ) ;
#3274 = CARTESIAN_POINT ( 'NONE',  ( 0.000000000000000000, -11.00000000000000000, 24.60000000000000142 ) ) ;
#3275 = AXIS2_PLACEMENT_3D ( 'NONE', #3081, #3063, #3343 ) ;
#3276 = CARTESIAN_POINT ( 'NONE',  ( -13.43290166331306601, 0.000000000000000000, -37.00000000000000000 ) ) ;
#3277 = VERTEX_POINT ( 'NONE', #3706 ) ;
#3278 = DIRECTION ( 'NONE',  ( 1.000000000000000000, -0.000000000000000000, -0.000000000000000000 ) ) ;
#3279 = ADVANCED_FACE ( 'NONE', ( #2960 ), #3404, .F. ) ;
#3280 = DIRECTION ( 'NONE',  ( 0.000000000000000000, -1.000000000000000000, 0.000000000000000000 ) ) ;
#3281 = CARTESIAN_POINT ( 'NONE',  ( 10.85995665183546421, 0.06295420987255921641, -44.13978446967280433 ) ) ;
#3282 = AXIS2_PLACEMENT_3D ( 'NONE', #1432, #3892, #461 ) ;
#3283 = FACE_OUTER_BOUND ( 'NONE', #1201, .T. ) ;
#3284 = ORIENTED_EDGE ( 'NONE', *, *, #2966, .F. ) ;
#3285 = EDGE_CURVE ( 'NONE', #32, #29, #3594, .T. ) ;
#3286 = AXIS2_PLACEMENT_3D ( 'NONE', #2137, #1151, #2375 ) ;
#3287 = CARTESIAN_POINT ( 'NONE',  ( -3.999999999999999112, 0.2900000000000003131, 39.60000000000000142 ) ) ;
#3288 = AXIS2_PLACEMENT_3D ( 'NONE', #3642, #3297, #276 ) ;
#3289 = FACE_BOUND ( 'NONE', #2842, .T. ) ;
#3290 = EDGE_LOOP ( 'NONE', ( #976, #14, #859, #3933 ) ) ;
#3291 = VERTEX_POINT ( 'NONE', #648 ) ;
#3292 = CARTESIAN_POINT ( 'NONE',  ( 0.000000000000000000, 0.2900000000000003131, 39.60000000000000142 ) ) ;
#3293 = CARTESIAN_POINT ( 'NONE',  ( -0.6999999999999992895, 5.004870093650514384, 38.60000000000000142 ) ) ;
#3294 = ORIENTED_EDGE ( 'NONE', *, *, #2448, .F. ) ;
#3295 = VERTEX_POINT ( 'NONE', #3928 ) ;
#3296 = ADVANCED_FACE ( 'NONE', ( #221, #3384 ), #1870, .T. ) ;
#3297 = DIRECTION ( 'NONE',  ( 0.000000000000000000, 0.000000000000000000, 1.000000000000000000 ) ) ;
#3298 = CARTESIAN_POINT ( 'NONE',  ( 13.84999999999999964, 0.000000000000000000, -38.00000000000000000 ) ) ;
#3299 = CARTESIAN_POINT ( 'NONE',  ( -9.140043348164534009, 0.06295420987255921641, -44.13978446967280433 ) ) ;
#3300 = CARTESIAN_POINT ( 'NONE',  ( 12.99999999999999822, 0.000000000000000000, 0.000000000000000000 ) ) ;
#3301 = STYLED_ITEM ( 'NONE', ( #3891 ), #3269 ) ;
#3302 = DIRECTION ( 'NONE',  ( -0.000000000000000000, -0.000000000000000000, 1.000000000000000000 ) ) ;
#3303 = AXIS2_PLACEMENT_3D ( 'NONE', #3365, #1603, #93 ) ;
#3304 = CARTESIAN_POINT ( 'NONE',  ( -11.14004334816453401, -1.154342185340587523, -39.00000000000000000 ) ) ;
#3305 = VECTOR ( 'NONE', #1222, 1000.000000000000000 ) ;
#3306 = CIRCLE ( 'NONE', #737, 0.6500000000000007994 ) ;
#3307 = VERTEX_POINT ( 'NONE', #630 ) ;
#3308 = EDGE_CURVE ( 'NONE', #3307, #3216, #1854, .T. ) ;
#3309 = AXIS2_PLACEMENT_3D ( 'NONE', #1926, #2488, #1558 ) ;
#3310 = CIRCLE ( 'NONE', #3250, 1.000000000000000888 ) ;
#3311 = CARTESIAN_POINT ( 'NONE',  ( -10.85995665183546421, -1.154342185340587523, -39.00000000000000000 ) ) ;
#3312 = EDGE_LOOP ( 'NONE', ( #3076, #2397, #2088, #33 ) ) ;
#3313 = ORIENTED_EDGE ( 'NONE', *, *, #2778, .F. ) ;
#3314 = FACE_OUTER_BOUND ( 'NONE', #2612, .T. ) ;
#3315 = LINE ( 'NONE', #2991, #1958 ) ;
#3316 = VERTEX_POINT ( 'NONE', #1546 ) ;
#3317 = ORIENTED_EDGE ( 'NONE', *, *, #1543, .T. ) ;
#3318 = DIRECTION ( 'NONE',  ( -2.168404344971008868E-16, 1.000000000000000000, 0.000000000000000000 ) ) ;
#3319 = CARTESIAN_POINT ( 'NONE',  ( 0.000000000000000000, -11.00000000000000000, 24.60000000000000142 ) ) ;
#3320 = CARTESIAN_POINT ( 'NONE',  ( 11.99999999999999822, -2.499999999999999556, -39.00000000000000000 ) ) ;
#3321 = ADVANCED_FACE ( 'NONE', ( #2775 ), #2357, .T. ) ;
#3322 = ADVANCED_FACE ( 'NONE', ( #3101 ), #442, .T. ) ;
#3323 = FACE_BOUND ( 'NONE', #3915, .T. ) ;
#3324 = AXIS2_PLACEMENT_3D ( 'NONE', #3942, #1160, #294 ) ;
#3325 = AXIS2_PLACEMENT_3D ( 'NONE', #1361, #3584, #2032 ) ;
#3326 = PLANE ( 'NONE',  #3246 ) ;
#3327 = CARTESIAN_POINT ( 'NONE',  ( 0.000000000000000000, 0.000000000000000000, 38.60000000000000142 ) ) ;
#3328 = AXIS2_PLACEMENT_3D ( 'NONE', #2546, #1867, #109 ) ;
#3329 = EDGE_LOOP ( 'NONE', ( #2568, #1738, #3859, #624 ) ) ;
#3330 = EDGE_CURVE ( 'NONE', #358, #3291, #2642, .T. ) ;
#3331 = PLANE ( 'NONE',  #1676 ) ;
#3332 = MANIFOLD_SOLID_BREP ( '¾µÏò2', #2439 ) ;
#3333 = ORIENTED_EDGE ( 'NONE', *, *, #3688, .F. ) ;
#3334 = ORIENTED_EDGE ( 'NONE', *, *, #1027, .T. ) ;
#3335 = DIRECTION ( 'NONE',  ( 1.000000000000000000, 0.000000000000000000, 0.000000000000000000 ) ) ;
#3336 = DIRECTION ( 'NONE',  ( -0.000000000000000000, -0.000000000000000000, -1.000000000000000000 ) ) ;
#3337 = ORIENTED_EDGE ( 'NONE', *, *, #1110, .F. ) ;
#3338 = ORIENTED_EDGE ( 'NONE', *, *, #1209, .F. ) ;
#3339 = DIRECTION ( 'NONE',  ( 0.000000000000000000, 1.000000000000000000, 0.000000000000000000 ) ) ;
#3340 = DIRECTION ( 'NONE',  ( 0.000000000000000000, 0.000000000000000000, 1.000000000000000000 ) ) ;
#3341 = EDGE_CURVE ( 'NONE', #918, #3036, #2161, .T. ) ;
#3342 = CARTESIAN_POINT ( 'NONE',  ( -4.099999999999999645, 5.021051876504147385E-16, 36.60000000000000142 ) ) ;
#3343 = DIRECTION ( 'NONE',  ( -1.000000000000000000, 0.000000000000000000, 0.000000000000000000 ) ) ;
#3344 = EDGE_CURVE ( 'NONE', #2459, #2316, #1326, .T. ) ;
#3345 = EDGE_CURVE ( 'NONE', #3541, #1863, #1029, .T. ) ;
#3346 = DIRECTION ( 'NONE',  ( -1.000000000000000000, 0.000000000000000000, 0.000000000000000000 ) ) ;
#3347 = CARTESIAN_POINT ( 'NONE',  ( 10.85995665183546421, 0.06295420987255921641, -42.69093140040179435 ) ) ;
#3348 = ORIENTED_EDGE ( 'NONE', *, *, #476, .F. ) ;
#3349 = DIRECTION ( 'NONE',  ( -0.000000000000000000, -0.000000000000000000, 1.000000000000000000 ) ) ;
#3350 = EDGE_CURVE ( 'NONE', #1360, #3011, #1974, .T. ) ;
#3351 = VERTEX_POINT ( 'NONE', #117 ) ;
#3352 = ORIENTED_EDGE ( 'NONE', *, *, #3087, .F. ) ;
#3353 = DIRECTION ( 'NONE',  ( 0.000000000000000000, 0.000000000000000000, 1.000000000000000000 ) ) ;
#3354 = TOROIDAL_SURFACE ( 'NONE', #2063, 0.6200000000000001066, 0.5000000000000000000 ) ;
#3355 = CARTESIAN_POINT ( 'NONE',  ( -3.000000000000000444, 0.000000000000000000, 54.60000000000000142 ) ) ;
#3356 = AXIS2_PLACEMENT_3D ( 'NONE', #690, #1004, #3705 ) ;
#3357 = ORIENTED_EDGE ( 'NONE', *, *, #1218, .T. ) ;
#3358 = VERTEX_POINT ( 'NONE', #1303 ) ;
#3359 = FACE_OUTER_BOUND ( 'NONE', #3635, .T. ) ;
#3360 = DIRECTION ( 'NONE',  ( -1.000000000000000000, 0.000000000000000000, 0.000000000000000000 ) ) ;
#3361 = CYLINDRICAL_SURFACE ( 'NONE', #1008, 0.5035647862710255218 ) ;
#3362 = EDGE_CURVE ( 'NONE', #2286, #3763, #1587, .T. ) ;
#3363 = DIRECTION ( 'NONE',  ( -1.000000000000000000, 0.000000000000000000, 0.000000000000000000 ) ) ;
#3364 = CARTESIAN_POINT ( 'NONE',  ( 0.000000000000000000, 0.000000000000000000, 36.60000000000000142 ) ) ;
#3365 = CARTESIAN_POINT ( 'NONE',  ( 2.999999999999999112, 4.031657386773941809, 39.60000000000000142 ) ) ;
#3366 = AXIS2_PLACEMENT_3D ( 'NONE', #3110, #2502, #2197 ) ;
#3367 = ORIENTED_EDGE ( 'NONE', *, *, #236, .T. ) ;
#3368 = VECTOR ( 'NONE', #124, 1000.000000000000000 ) ;
#3369 = CARTESIAN_POINT ( 'NONE',  ( 11.14004334816453401, -1.154342185340587523, -45.00000000000000000 ) ) ;
#3370 = VERTEX_POINT ( 'NONE', #984 ) ;
#3371 = EDGE_LOOP ( 'NONE', ( #2942, #1706, #2337, #2911 ) ) ;
#3372 = ADVANCED_FACE ( 'NONE', ( #76 ), #3123, .T. ) ;
#3373 = AXIS2_PLACEMENT_3D ( 'NONE', #3100, #2552, #1302 ) ;
#3374 = DIRECTION ( 'NONE',  ( -1.000000000000000000, 2.168404344971010840E-16, 0.000000000000000000 ) ) ;
#3375 = CARTESIAN_POINT ( 'NONE',  ( 0.000000000000000000, 0.000000000000000000, 36.60000000000000142 ) ) ;
#3376 = CIRCLE ( 'NONE', #2405, 4.299999999999999822 ) ;
#3377 = ORIENTED_EDGE ( 'NONE', *, *, #1347, .T. ) ;
#3378 = VERTEX_POINT ( 'NONE', #1890 ) ;
#3379 = CIRCLE ( 'NONE', #1189, 0.6200000000000001066 ) ;
#3380 = CARTESIAN_POINT ( 'NONE',  ( -11.99999999999999822, -2.499999999999999556, -39.00000000000000000 ) ) ;
#3381 = CARTESIAN_POINT ( 'NONE',  ( -2.999999999999999112, 4.031657386773941809, 39.60000000000000142 ) ) ;
#3382 = CARTESIAN_POINT ( 'NONE',  ( -1.749999999999999778, 3.886873642484539371, 38.60000000000000142 ) ) ;
#3383 = CARTESIAN_POINT ( 'NONE',  ( -11.14004334816453401, 1.154342185340587523, -45.00000000000000000 ) ) ;
#3384 = FACE_OUTER_BOUND ( 'NONE', #3653, .T. ) ;
#3385 = EDGE_CURVE ( 'NONE', #1835, #3830, #2935, .T. ) ;
#3386 = DIRECTION ( 'NONE',  ( -0.000000000000000000, -0.000000000000000000, -1.000000000000000000 ) ) ;
#3387 = ORIENTED_EDGE ( 'NONE', *, *, #3330, .T. ) ;
#3388 = AXIS2_PLACEMENT_3D ( 'NONE', #2893, #809, #3262 ) ;
#3389 = ADVANCED_FACE ( 'NONE', ( #1324 ), #2998, .T. ) ;
#3390 = DIRECTION ( 'NONE',  ( -0.000000000000000000, -0.000000000000000000, 1.000000000000000000 ) ) ;
#3391 = DIRECTION ( 'NONE',  ( -0.000000000000000000, 0.000000000000000000, -1.000000000000000000 ) ) ;
#3392 = AXIS2_PLACEMENT_3D ( 'NONE', #3194, #1383, #486 ) ;
#3393 = ORIENTED_EDGE ( 'NONE', *, *, #2368, .T. ) ;
#3394 = ADVANCED_FACE ( 'NONE', ( #748 ), #1266, .T. ) ;
#3395 = DIRECTION ( 'NONE',  ( -1.000000000000000000, 0.000000000000000000, 0.000000000000000000 ) ) ;
#3396 = EDGE_CURVE ( 'NONE', #2174, #1989, #2545, .T. ) ;
#3397 = ORIENTED_EDGE ( 'NONE', *, *, #2675, .F. ) ;
#3398 = VERTEX_POINT ( 'NONE', #667 ) ;
#3399 = CARTESIAN_POINT ( 'NONE',  ( 0.000000000000000000, 0.000000000000000000, 38.60000000000000142 ) ) ;
#3400 = DIRECTION ( 'NONE',  ( -1.000000000000000000, 0.000000000000000000, 0.000000000000000000 ) ) ;
#3401 = EDGE_CURVE ( 'NONE', #1081, #917, #1977, .T. ) ;
#3402 = LINE ( 'NONE', #3421, #77 ) ;
#3403 = FACE_OUTER_BOUND ( 'NONE', #3371, .T. ) ;
#3404 = CYLINDRICAL_SURFACE ( 'NONE', #483, 2.999999999999999556 ) ;
#3405 = AXIS2_PLACEMENT_3D ( 'NONE', #889, #336, #37 ) ;
#3406 = CYLINDRICAL_SURFACE ( 'NONE', #1308, 0.6499999999999991340 ) ;
#3407 = EDGE_LOOP ( 'NONE', ( #1254, #1453 ) ) ;
#3408 = VECTOR ( 'NONE', #1475, 1000.000000000000000 ) ;
#3409 = DIRECTION ( 'NONE',  ( -1.000000000000000000, 0.000000000000000000, 0.000000000000000000 ) ) ;
#3410 = ORIENTED_EDGE ( 'NONE', *, *, #3868, .F. ) ;
#3411 = VERTEX_POINT ( 'NONE', #3447 ) ;
#3412 = CARTESIAN_POINT ( 'NONE',  ( 2.494876383510878259, 3.055342377334921616E-16, -41.99999999999999289 ) ) ;
#3413 = ORIENTED_EDGE ( 'NONE', *, *, #3344, .T. ) ;
#3414 = ORIENTED_EDGE ( 'NONE', *, *, #1777, .T. ) ;
#3415 =( GEOMETRIC_REPRESENTATION_CONTEXT ( 3 ) GLOBAL_UNCERTAINTY_ASSIGNED_CONTEXT ( ( #2655 ) ) GLOBAL_UNIT_ASSIGNED_CONTEXT ( ( #719, #3133, #1576 ) ) REPRESENTATION_CONTEXT ( 'NONE', 'WORKASPACE' ) );
#3416 = SURFACE_STYLE_USAGE ( .BOTH. , #2179 ) ;
#3417 = DIRECTION ( 'NONE',  ( 1.224646799147353207E-16, 1.000000000000000000, -0.000000000000000000 ) ) ;
#3418 = LINE ( 'NONE', #3151, #386 ) ;
#3419 = AXIS2_PLACEMENT_3D ( 'NONE', #2201, #958, #3438 ) ;
#3420 = ORIENTED_EDGE ( 'NONE', *, *, #3060, .F. ) ;
#3421 = CARTESIAN_POINT ( 'NONE',  ( 12.00000000000000000, 2.500000000000000444, -39.00000000000000000 ) ) ;
#3422 = DIRECTION ( 'NONE',  ( 0.000000000000000000, 0.000000000000000000, -1.000000000000000000 ) ) ;
#3423 = DIRECTION ( 'NONE',  ( 0.000000000000000000, 0.000000000000000000, 1.000000000000000000 ) ) ;
#3424 = CARTESIAN_POINT ( 'NONE',  ( 0.000000000000000000, 0.2900000000000003131, 38.60000000000000142 ) ) ;
#3425 = ORIENTED_EDGE ( 'NONE', *, *, #1791, .F. ) ;
#3426 = DIRECTION ( 'NONE',  ( -0.000000000000000000, -0.000000000000000000, -1.000000000000000000 ) ) ;
#3427 = DIRECTION ( 'NONE',  ( -0.000000000000000000, -0.000000000000000000, 1.000000000000000000 ) ) ;
#3428 = EDGE_CURVE ( 'NONE', #914, #391, #1914, .T. ) ;
#3429 = EDGE_LOOP ( 'NONE', ( #2378, #1644, #2870, #3393 ) ) ;
#3430 = AXIS2_PLACEMENT_3D ( 'NONE', #2700, #264, #520 ) ;
#3431 = CARTESIAN_POINT ( 'NONE',  ( 9.140043348164534009, -0.4406105763984632384, -44.13978446967280433 ) ) ;
#3432 = EDGE_CURVE ( 'NONE', #987, #3351, #1671, .T. ) ;
#3433 = ORIENTED_EDGE ( 'NONE', *, *, #649, .F. ) ;
#3434 = AXIS2_PLACEMENT_3D ( 'NONE', #817, #1396, #1685 ) ;
#3435 = ORIENTED_EDGE ( 'NONE', *, *, #790, .T. ) ;
#3436 = CIRCLE ( 'NONE', #2723, 0.5035647862710255218 ) ;
#3437 = VECTOR ( 'NONE', #2154, 1000.000000000000000 ) ;
#3438 = DIRECTION ( 'NONE',  ( 1.000000000000000000, 0.000000000000000000, 0.000000000000000000 ) ) ;
#3439 = FACE_OUTER_BOUND ( 'NONE', #2196, .T. ) ;
#3440 = CIRCLE ( 'NONE', #2215, 12.99999999999999822 ) ;
#3441 = DIRECTION ( 'NONE',  ( 1.000000000000000000, 0.000000000000000000, 0.000000000000000000 ) ) ;
#3442 = AXIS2_PLACEMENT_3D ( 'NONE', #2941, #517, #3888 ) ;
#3443 = DIRECTION ( 'NONE',  ( -1.000000000000000000, 0.000000000000000000, 0.000000000000000000 ) ) ;
#3444 = ORIENTED_EDGE ( 'NONE', *, *, #20, .F. ) ;
#3445 = DIRECTION ( 'NONE',  ( -0.000000000000000000, -0.000000000000000000, 1.000000000000000000 ) ) ;
#3446 = FACE_OUTER_BOUND ( 'NONE', #3290, .T. ) ;
#3447 = CARTESIAN_POINT ( 'NONE',  ( -12.84999999999999964, 1.634903476861716437E-15, 0.000000000000000000 ) ) ;
#3448 = ADVANCED_FACE ( 'NONE', ( #789 ), #122, .T. ) ;
#3449 = CARTESIAN_POINT ( 'NONE',  ( -10.00000000000000000, -2.499999999999999112, -39.00000000000000000 ) ) ;
#3450 = ADVANCED_FACE ( 'NONE', ( #2366 ), #2289, .T. ) ;
#3451 = EDGE_LOOP ( 'NONE', ( #1010, #3464, #2750 ) ) ;
#3452 = DIRECTION ( 'NONE',  ( 0.000000000000000000, 0.000000000000000000, 1.000000000000000000 ) ) ;
#3453 = ADVANCED_FACE ( 'NONE', ( #3846 ), #1995, .F. ) ;
#3454 = AXIS2_PLACEMENT_3D ( 'NONE', #1363, #1446, #1695 ) ;
#3455 = VERTEX_POINT ( 'NONE', #2311 ) ;
#3456 = DIRECTION ( 'NONE',  ( 1.000000000000000000, 0.000000000000000000, -0.000000000000000000 ) ) ;
#3457 = VECTOR ( 'NONE', #1298, 1000.000000000000000 ) ;
#3458 = AXIS2_PLACEMENT_3D ( 'NONE', #1972, #3198, #3824 ) ;
#3459 = VERTEX_POINT ( 'NONE', #3865 ) ;
#3460 = FACE_OUTER_BOUND ( 'NONE', #3165, .T. ) ;
#3461 = DIRECTION ( 'NONE',  ( 0.000000000000000000, 0.000000000000000000, -1.000000000000000000 ) ) ;
#3462 = ORIENTED_EDGE ( 'NONE', *, *, #481, .F. ) ;
#3463 = CARTESIAN_POINT ( 'NONE',  ( 11.14004334816453401, 0.5665189961435816990, -44.13978446967280433 ) ) ;
#3464 = ORIENTED_EDGE ( 'NONE', *, *, #3170, .T. ) ;
#3465 = EDGE_LOOP ( 'NONE', ( #1219, #1412, #434, #249 ) ) ;
#3466 = FACE_OUTER_BOUND ( 'NONE', #423, .T. ) ;
#3467 = ADVANCED_FACE ( 'NONE', ( #199 ), #3884, .T. ) ;
#3468 = CARTESIAN_POINT ( 'NONE',  ( 0.000000000000000000, 0.000000000000000000, 38.60000000000000142 ) ) ;
#3469 = CARTESIAN_POINT ( 'NONE',  ( 0.7000000000000007327, 3.207190429162964040, 39.60000000000000142 ) ) ;
#3470 = DIRECTION ( 'NONE',  ( -0.000000000000000000, -0.000000000000000000, -1.000000000000000000 ) ) ;
#3471 = EDGE_CURVE ( 'NONE', #440, #2407, #2618, .T. ) ;
#3472 = VERTEX_POINT ( 'NONE', #1425 ) ;
#3473 = ORIENTED_EDGE ( 'NONE', *, *, #3885, .F. ) ;
#3474 = DIRECTION ( 'NONE',  ( 1.000000000000000000, 0.000000000000000000, 0.000000000000000000 ) ) ;
#3475 = EDGE_LOOP ( 'NONE', ( #3113, #339, #482 ) ) ;
#3476 = CARTESIAN_POINT ( 'NONE',  ( -2.996493784408704730, 0.1450000000000087885, 39.60000000000000142 ) ) ;
#3477 = CIRCLE ( 'NONE', #2371, 1.529999999999999805 ) ;
#3478 = ORIENTED_EDGE ( 'NONE', *, *, #3285, .T. ) ;
#3479 = LINE ( 'NONE', #2845, #1684 ) ;
#3480 = CARTESIAN_POINT ( 'NONE',  ( 1.529999999999999805, 11.00000000000000000, 36.60000000000000142 ) ) ;
#3481 = FACE_OUTER_BOUND ( 'NONE', #3075, .T. ) ;
#3482 = ORIENTED_EDGE ( 'NONE', *, *, #3170, .F. ) ;
#3483 = ORIENTED_EDGE ( 'NONE', *, *, #3898, .F. ) ;
#3484 = DIRECTION ( 'NONE',  ( -1.000000000000000000, 2.168404344971010594E-16, -0.000000000000000000 ) ) ;
#3485 = CARTESIAN_POINT ( 'NONE',  ( 0.000000000000000000, 0.000000000000000000, -41.99999999999999289 ) ) ;
#3486 = FILL_AREA_STYLE_COLOUR ( '', #567 ) ;
#3487 = EDGE_CURVE ( 'NONE', #3896, #561, #3772, .T. ) ;
#3488 = CARTESIAN_POINT ( 'NONE',  ( 3.199999999999999734, 2.689999999999999059, 39.60000000000000142 ) ) ;
#3489 = EDGE_LOOP ( 'NONE', ( #3433, #153, #312, #473 ) ) ;
#3490 = CARTESIAN_POINT ( 'NONE',  ( -3.799160207441555581, 1.541551724137933066, 38.60000000000000142 ) ) ;
#3491 = ORIENTED_EDGE ( 'NONE', *, *, #1860, .F. ) ;
#3492 = CARTESIAN_POINT ( 'NONE',  ( -1.152455000222508463, 4.142686021467489432, 38.60000000000000142 ) ) ;
#3493 = ORIENTED_EDGE ( 'NONE', *, *, #1252, .F. ) ;
#3494 = ADVANCED_FACE ( 'NONE', ( #3201, #453 ), #2348, .F. ) ;
#3495 = AXIS2_PLACEMENT_3D ( 'NONE', #368, #3089, #3395 ) ;
#3496 = CARTESIAN_POINT ( 'NONE',  ( 0.000000000000000000, 0.000000000000000000, -43.50000000000000000 ) ) ;
#3497 = CARTESIAN_POINT ( 'NONE',  ( -13.43290166331306601, 0.000000000000000000, -38.00000000000000000 ) ) ;
#3498 = CARTESIAN_POINT ( 'NONE',  ( 0.000000000000000000, 0.000000000000000000, -43.50000000000000000 ) ) ;
#3499 = AXIS2_PLACEMENT_3D ( 'NONE', #262, #3924, #281 ) ;
#3500 = VECTOR ( 'NONE', #2573, 1000.000000000000000 ) ;
#3501 = ORIENTED_EDGE ( 'NONE', *, *, #3487, .T. ) ;
#3502 = AXIS2_PLACEMENT_3D ( 'NONE', #439, #2290, #2312 ) ;
#3503 = ORIENTED_EDGE ( 'NONE', *, *, #829, .T. ) ;
#3504 = DIRECTION ( 'NONE',  ( 1.000000000000000000, 0.000000000000000000, 0.000000000000000000 ) ) ;
#3505 = AXIS2_PLACEMENT_3D ( 'NONE', #2381, #1745, #2968 ) ;
#3506 = PLANE ( 'NONE',  #1373 ) ;
#3507 = EDGE_CURVE ( 'NONE', #2313, #2827, #1074, .T. ) ;
#3508 = DIRECTION ( 'NONE',  ( 0.000000000000000000, 0.000000000000000000, 1.000000000000000000 ) ) ;
#3509 = CYLINDRICAL_SURFACE ( 'NONE', #2725, 4.099999999999999645 ) ;
#3510 = AXIS2_PLACEMENT_3D ( 'NONE', #271, #3033, #1498 ) ;
#3511 = ORIENTED_EDGE ( 'NONE', *, *, #3221, .T. ) ;
#3512 = ADVANCED_FACE ( 'NONE', ( #2034 ), #514, .F. ) ;
#3513 = DIRECTION ( 'NONE',  ( 0.000000000000000000, 0.000000000000000000, -1.000000000000000000 ) ) ;
#3514 = EDGE_LOOP ( 'NONE', ( #2265, #3072, #2650, #175 ) ) ;
#3515 = EDGE_CURVE ( 'NONE', #226, #1652, #1388, .T. ) ;
#3516 = FACE_OUTER_BOUND ( 'NONE', #343, .T. ) ;
#3517 = VECTOR ( 'NONE', #3143, 1000.000000000000000 ) ;
#3518 = ADVANCED_FACE ( 'NONE', ( #3587 ), #2616, .F. ) ;
#3519 = DIRECTION ( 'NONE',  ( 1.000000000000000000, 0.000000000000000000, 0.000000000000000000 ) ) ;
#3520 = ORIENTED_EDGE ( 'NONE', *, *, #1665, .T. ) ;
#3521 = DIRECTION ( 'NONE',  ( -0.000000000000000000, -0.000000000000000000, 1.000000000000000000 ) ) ;
#3522 = EDGE_CURVE ( 'NONE', #838, #363, #2482, .T. ) ;
#3523 = DIRECTION ( 'NONE',  ( -0.000000000000000000, -0.000000000000000000, 1.000000000000000000 ) ) ;
#3524 = AXIS2_PLACEMENT_3D ( 'NONE', #3663, #18, #278 ) ;
#3525 = DIRECTION ( 'NONE',  ( -0.000000000000000000, -0.000000000000000000, -1.000000000000000000 ) ) ;
#3526 = AXIS2_PLACEMENT_3D ( 'NONE', #1322, #3784, #727 ) ;
#3527 = ORIENTED_EDGE ( 'NONE', *, *, #3097, .T. ) ;
#3528 = CIRCLE ( 'NONE', #1915, 1.000000000000000888 ) ;
#3529 = ORIENTED_EDGE ( 'NONE', *, *, #1420, .F. ) ;
#3530 = DIRECTION ( 'NONE',  ( -1.000000000000000000, 0.000000000000000000, 0.000000000000000000 ) ) ;
#3531 = CARTESIAN_POINT ( 'NONE',  ( 11.14004334816453401, 0.5665189961435816990, -42.69093140040179435 ) ) ;
#3532 = DIRECTION ( 'NONE',  ( 1.000000000000000000, 0.000000000000000000, 0.000000000000000000 ) ) ;
#3533 = EDGE_CURVE ( 'NONE', #1228, #1970, #216, .T. ) ;
#3534 = DIRECTION ( 'NONE',  ( 0.000000000000000000, -1.000000000000000000, 0.000000000000000000 ) ) ;
#3535 = VERTEX_POINT ( 'NONE', #2593 ) ;
#3536 = CARTESIAN_POINT ( 'NONE',  ( 0.000000000000000000, 0.000000000000000000, -37.00000000000000000 ) ) ;
#3537 = VERTEX_POINT ( 'NONE', #234 ) ;
#3538 = DIRECTION ( 'NONE',  ( -0.000000000000000000, -0.000000000000000000, -1.000000000000000000 ) ) ;
#3539 = CIRCLE ( 'NONE', #2882, 4.099999999999999645 ) ;
#3540 = CARTESIAN_POINT ( 'NONE',  ( 0.000000000000000000, 0.000000000000000000, 38.60000000000000142 ) ) ;
#3541 = VERTEX_POINT ( 'NONE', #2674 ) ;
#3542 = CARTESIAN_POINT ( 'NONE',  ( 0.000000000000000000, 0.2900000000000003131, 39.60000000000000142 ) ) ;
#3543 = DIRECTION ( 'NONE',  ( -0.000000000000000000, -0.000000000000000000, -1.000000000000000000 ) ) ;
#3544 = FACE_OUTER_BOUND ( 'NONE', #1033, .T. ) ;
#3545 = VERTEX_POINT ( 'NONE', #3680 ) ;
#3546 = ORIENTED_EDGE ( 'NONE', *, *, #3533, .F. ) ;
#3547 = CARTESIAN_POINT ( 'NONE',  ( 3.999999999999999112, 0.2900000000000008127, 38.60000000000000142 ) ) ;
#3548 = DIRECTION ( 'NONE',  ( -0.000000000000000000, -0.000000000000000000, 1.000000000000000000 ) ) ;
#3549 = DIRECTION ( 'NONE',  ( 1.000000000000000000, -2.168404344971008868E-16, 0.000000000000000000 ) ) ;
#3550 = DIRECTION ( 'NONE',  ( 0.000000000000000000, 0.000000000000000000, 1.000000000000000000 ) ) ;
#3551 = AXIS2_PLACEMENT_3D ( 'NONE', #2409, #3339, #3017 ) ;
#3552 = ORIENTED_EDGE ( 'NONE', *, *, #1352, .F. ) ;
#3553 = VECTOR ( 'NONE', #1821, 1000.000000000000000 ) ;
#3554 = DIRECTION ( 'NONE',  ( -1.000000000000000000, 0.000000000000000000, 0.000000000000000000 ) ) ;
#3555 = ORIENTED_EDGE ( 'NONE', *, *, #1957, .F. ) ;
#3556 = DIRECTION ( 'NONE',  ( 0.000000000000000000, 0.000000000000000000, 1.000000000000000000 ) ) ;
#3557 = CARTESIAN_POINT ( 'NONE',  ( -1.529999999999999805, 11.00000000000000000, 24.60000000000000142 ) ) ;
#3558 = ORIENTED_EDGE ( 'NONE', *, *, #3428, .F. ) ;
#3559 = CYLINDRICAL_SURFACE ( 'NONE', #2705, 4.299999999999999822 ) ;
#3560 = DIRECTION ( 'NONE',  ( 1.000000000000000000, 0.000000000000000000, 0.000000000000000000 ) ) ;
#3561 = CARTESIAN_POINT ( 'NONE',  ( 0.000000000000000000, 0.000000000000000000, 36.60000000000000142 ) ) ;
#3562 = ORIENTED_EDGE ( 'NONE', *, *, #2245, .T. ) ;
#3563 = CARTESIAN_POINT ( 'NONE',  ( -11.14004334816453401, 1.154342185340587523, -39.00000000000000000 ) ) ;
#3564 = DIRECTION ( 'NONE',  ( -1.000000000000000000, -3.469446951953614189E-16, 0.000000000000000000 ) ) ;
#3565 = AXIS2_PLACEMENT_3D ( 'NONE', #622, #2481, #3712 ) ;
#3566 = DIRECTION ( 'NONE',  ( 0.000000000000000000, 0.000000000000000000, -1.000000000000000000 ) ) ;
#3567 = FACE_OUTER_BOUND ( 'NONE', #1846, .T. ) ;
#3568 = CIRCLE ( 'NONE', #2335, 5.799999999999999822 ) ;
#3569 = CIRCLE ( 'NONE', #3176, 2.999999999999999556 ) ;
#3570 = EDGE_CURVE ( 'NONE', #1384, #1656, #2713, .T. ) ;
#3571 = EDGE_CURVE ( 'NONE', #3537, #1863, #1262, .T. ) ;
#3572 = VECTOR ( 'NONE', #579, 1000.000000000000000 ) ;
#3573 = CARTESIAN_POINT ( 'NONE',  ( 0.000000000000000000, 0.2900000000000003131, 38.60000000000000142 ) ) ;
#3574 = CIRCLE ( 'NONE', #2466, 3.000000000000000444 ) ;
#3575 = ORIENTED_EDGE ( 'NONE', *, *, #426, .T. ) ;
#3576 =( LENGTH_UNIT ( ) NAMED_UNIT ( * ) SI_UNIT ( .MILLI., .METRE. ) );
#3577 = LINE ( 'NONE', #3270, #2761 ) ;
#3578 = EDGE_CURVE ( 'NONE', #875, #2306, #2291, .T. ) ;
#3579 = EDGE_LOOP ( 'NONE', ( #2690, #3656, #1640, #3010 ) ) ;
#3580 = DIRECTION ( 'NONE',  ( 1.000000000000000000, -0.000000000000000000, 0.000000000000000000 ) ) ;
#3581 = DIRECTION ( 'NONE',  ( 0.000000000000000000, 0.000000000000000000, 1.000000000000000000 ) ) ;
#3582 = CARTESIAN_POINT ( 'NONE',  ( 0.000000000000000000, 0.000000000000000000, 36.60000000000000142 ) ) ;
#3583 = ORIENTED_EDGE ( 'NONE', *, *, #3105, .F. ) ;
#3584 = DIRECTION ( 'NONE',  ( 0.000000000000000000, 0.000000000000000000, 1.000000000000000000 ) ) ;
#3585 = AXIS2_PLACEMENT_3D ( 'NONE', #3741, #3767, #3158 ) ;
#3586 = FACE_OUTER_BOUND ( 'NONE', #2266, .T. ) ;
#3587 = FACE_OUTER_BOUND ( 'NONE', #664, .T. ) ;
#3588 = AXIS2_PLACEMENT_3D ( 'NONE', #1634, #970, #3474 ) ;
#3589 = AXIS2_PLACEMENT_3D ( 'NONE', #3582, #3235, #2969 ) ;
#3590 = CIRCLE ( 'NONE', #1849, 1.500000000000001332 ) ;
#3591 = EDGE_CURVE ( 'NONE', #1947, #3700, #2224, .T. ) ;
#3592 = DIRECTION ( 'NONE',  ( -0.000000000000000000, -1.000000000000000000, -0.000000000000000000 ) ) ;
#3593 = VERTEX_POINT ( 'NONE', #1506 ) ;
#3594 = LINE ( 'NONE', #926, #228 ) ;
#3595 = DIRECTION ( 'NONE',  ( 0.000000000000000000, 0.000000000000000000, 1.000000000000000000 ) ) ;
#3596 = ORIENTED_EDGE ( 'NONE', *, *, #2015, .T. ) ;
#3597 = DIRECTION ( 'NONE',  ( -0.000000000000000000, -0.000000000000000000, 1.000000000000000000 ) ) ;
#3598 = DIRECTION ( 'NONE',  ( -0.000000000000000000, -0.000000000000000000, 1.000000000000000000 ) ) ;
#3599 = AXIS2_PLACEMENT_3D ( 'NONE', #2817, #2873, #134 ) ;
#3600 = ORIENTED_EDGE ( 'NONE', *, *, #721, .F. ) ;
#3601 = ORIENTED_EDGE ( 'NONE', *, *, #2751, .F. ) ;
#3602 = DIRECTION ( 'NONE',  ( 1.000000000000000000, 0.000000000000000000, 0.000000000000000000 ) ) ;
#3603 = DIRECTION ( 'NONE',  ( 1.000000000000000000, 0.000000000000000000, -0.000000000000000000 ) ) ;
#3604 = DIRECTION ( 'NONE',  ( -0.000000000000000000, -0.000000000000000000, 1.000000000000000000 ) ) ;
#3605 = VECTOR ( 'NONE', #1837, 1000.000000000000000 ) ;
#3606 = DIRECTION ( 'NONE',  ( 1.000000000000000000, 0.000000000000000000, -0.000000000000000000 ) ) ;
#3607 = DIRECTION ( 'NONE',  ( -0.000000000000000000, -0.000000000000000000, -1.000000000000000000 ) ) ;
#3608 = ORIENTED_EDGE ( 'NONE', *, *, #649, .T. ) ;
#3609 = DIRECTION ( 'NONE',  ( -1.000000000000000000, 0.000000000000000000, 0.000000000000000000 ) ) ;
#3610 = LINE ( 'NONE', #1816, #1819 ) ;
#3611 = ORIENTED_EDGE ( 'NONE', *, *, #3362, .T. ) ;
#3612 = VERTEX_POINT ( 'NONE', #550 ) ;
#3613 = EDGE_LOOP ( 'NONE', ( #95, #3215 ) ) ;
#3614 = DIRECTION ( 'NONE',  ( -0.000000000000000000, 1.000000000000000000, -0.000000000000000000 ) ) ;
#3615 = CARTESIAN_POINT ( 'NONE',  ( -10.85995665183546421, 1.154342185340587523, -45.00000000000000000 ) ) ;
#3616 = EDGE_CURVE ( 'NONE', #127, #3783, #882, .T. ) ;
#3617 = ORIENTED_EDGE ( 'NONE', *, *, #1469, .F. ) ;
#3618 = ORIENTED_EDGE ( 'NONE', *, *, #1525, .F. ) ;
#3619 = DIRECTION ( 'NONE',  ( -1.000000000000000000, 0.000000000000000000, 0.000000000000000000 ) ) ;
#3620 = CARTESIAN_POINT ( 'NONE',  ( 2.999999999999999112, 4.031657386773941809, 39.60000000000000142 ) ) ;
#3621 = CARTESIAN_POINT ( 'NONE',  ( 1.749999999999999778, 3.886873642484539371, 38.60000000000000142 ) ) ;
#3622 = ADVANCED_FACE ( 'NONE', ( #3919 ), #3361, .F. ) ;
#3623 = LINE ( 'NONE', #1527, #2822 ) ;
#3624 = AXIS2_PLACEMENT_3D ( 'NONE', #3375, #1255, #1902 ) ;
#3625 = DIRECTION ( 'NONE',  ( 1.000000000000000000, 0.000000000000000000, 0.000000000000000000 ) ) ;
#3626 = AXIS2_PLACEMENT_3D ( 'NONE', #2903, #798, #3231 ) ;
#3627 = DIRECTION ( 'NONE',  ( 1.000000000000000000, 0.000000000000000000, 0.000000000000000000 ) ) ;
#3628 = AXIS2_PLACEMENT_3D ( 'NONE', #827, #2050, #3603 ) ;
#3629 = CIRCLE ( 'NONE', #551, 3.000000000000000444 ) ;
#3630 = ORIENTED_EDGE ( 'NONE', *, *, #2898, .T. ) ;
#3631 = AXIS2_PLACEMENT_3D ( 'NONE', #3054, #2748, #2443 ) ;
#3632 = DIRECTION ( 'NONE',  ( 0.000000000000000000, 0.000000000000000000, 1.000000000000000000 ) ) ;
#3633 = AXIS2_PLACEMENT_3D ( 'NONE', #3573, #1680, #3249 ) ;
#3634 = CARTESIAN_POINT ( 'NONE',  ( -11.00000000000000000, 0.000000000000000000, 24.60000000000000142 ) ) ;
#3635 = EDGE_LOOP ( 'NONE', ( #1880, #2240, #3317, #814 ) ) ;
#3636 = EDGE_LOOP ( 'NONE', ( #3348, #1016, #753, #2285, #3660, #2025, #2511, #3780, #159, #1142, #653, #3671 ) ) ;
#3637 = DIRECTION ( 'NONE',  ( -0.000000000000000000, -0.000000000000000000, -1.000000000000000000 ) ) ;
#3638 = PLANE ( 'NONE',  #739 ) ;
#3639 = ADVANCED_FACE ( 'NONE', ( #1792 ), #3962, .F. ) ;
#3640 = ORIENTED_EDGE ( 'NONE', *, *, #3667, .T. ) ;
#3641 = ORIENTED_EDGE ( 'NONE', *, *, #3087, .T. ) ;
#3642 = CARTESIAN_POINT ( 'NONE',  ( 0.000000000000000000, 0.000000000000000000, 36.60000000000000142 ) ) ;
#3643 = DIRECTION ( 'NONE',  ( 0.000000000000000000, 0.000000000000000000, 1.000000000000000000 ) ) ;
#3644 = DIRECTION ( 'NONE',  ( -0.000000000000000000, -0.000000000000000000, 1.000000000000000000 ) ) ;
#3645 = VECTOR ( 'NONE', #2876, 1000.000000000000000 ) ;
#3646 = CARTESIAN_POINT ( 'NONE',  ( 0.8999999999999998002, 5.004870093650514384, 38.60000000000000142 ) ) ;
#3647 = EDGE_CURVE ( 'NONE', #678, #634, #905, .T. ) ;
#3648 = AXIS2_PLACEMENT_3D ( 'NONE', #3621, #2694, #3703 ) ;
#3649 = AXIS2_PLACEMENT_3D ( 'NONE', #1868, #3099, #1624 ) ;
#3650 = CARTESIAN_POINT ( 'NONE',  ( -2.236067977499790693, 2.000000000000000000, 54.60000000000000142 ) ) ;
#3651 = CARTESIAN_POINT ( 'NONE',  ( 0.000000000000000000, 11.00000000000000000, 36.60000000000000142 ) ) ;
#3652 = VECTOR ( 'NONE', #53, 1000.000000000000000 ) ;
#3653 = EDGE_LOOP ( 'NONE', ( #900, #2872 ) ) ;
#3654 = PLANE ( 'NONE',  #2888 ) ;
#3655 = EDGE_LOOP ( 'NONE', ( #1960, #173, #968, #1441 ) ) ;
#3656 = ORIENTED_EDGE ( 'NONE', *, *, #2668, .T. ) ;
#3657 = DIRECTION ( 'NONE',  ( -0.000000000000000000, -0.000000000000000000, -1.000000000000000000 ) ) ;
#3658 = CARTESIAN_POINT ( 'NONE',  ( -10.00000000000000000, -2.499999999999999112, -39.00000000000000000 ) ) ;
#3659 = ORIENTED_EDGE ( 'NONE', *, *, #2074, .T. ) ;
#3660 = ORIENTED_EDGE ( 'NONE', *, *, #2897, .T. ) ;
#3661 = FACE_BOUND ( 'NONE', #1779, .T. ) ;
#3662 = LINE ( 'NONE', #605, #3051 ) ;
#3663 = CARTESIAN_POINT ( 'NONE',  ( 11.00000000000000000, 0.000000000000000000, 36.60000000000000142 ) ) ;
#3664 = CARTESIAN_POINT ( 'NONE',  ( -9.140043348164534009, 0.5665189961435816990, -42.69093140040179435 ) ) ;
#3665 = CARTESIAN_POINT ( 'NONE',  ( 0.000000000000000000, 11.00000000000000000, 36.60000000000000142 ) ) ;
#3666 = CARTESIAN_POINT ( 'NONE',  ( 0.000000000000000000, 0.000000000000000000, -1.000000000000000888 ) ) ;
#3667 = EDGE_CURVE ( 'NONE', #3896, #2919, #864, .T. ) ;
#3668 = ORIENTED_EDGE ( 'NONE', *, *, #2431, .F. ) ;
#3669 = DIRECTION ( 'NONE',  ( 1.000000000000000000, 0.000000000000000000, 0.000000000000000000 ) ) ;
#3670 = LINE ( 'NONE', #286, #2506 ) ;
#3671 = ORIENTED_EDGE ( 'NONE', *, *, #2614, .T. ) ;
#3672 = DIRECTION ( 'NONE',  ( 1.000000000000000000, 0.000000000000000000, 0.000000000000000000 ) ) ;
#3673 = TOROIDAL_SURFACE ( 'NONE', #1287, 3.700000000000000178, 1.000000000000000000 ) ;
#3674 = DIRECTION ( 'NONE',  ( -0.000000000000000000, -0.000000000000000000, 1.000000000000000000 ) ) ;
#3675 = AXIS2_PLACEMENT_3D ( 'NONE', #3934, #3273, #3672 ) ;
#3676 = ORIENTED_EDGE ( 'NONE', *, *, #317, .F. ) ;
#3677 = ORIENTED_EDGE ( 'NONE', *, *, #1249, .T. ) ;
#3678 = CARTESIAN_POINT ( 'NONE',  ( -14.00000000000000000, 0.000000000000000000, 36.10000000000001563 ) ) ;
#3679 = CARTESIAN_POINT ( 'NONE',  ( 0.000000000000000000, 0.000000000000000000, -41.99999999999999289 ) ) ;
#3680 = CARTESIAN_POINT ( 'NONE',  ( -1.102962120868058005, 3.948857373966579765, 38.60000000000000142 ) ) ;
#3681 = DIRECTION ( 'NONE',  ( 0.000000000000000000, -1.000000000000000000, 0.000000000000000000 ) ) ;
#3682 = EDGE_CURVE ( 'NONE', #1989, #582, #1139, .T. ) ;
#3683 = LINE ( 'NONE', #99, #991 ) ;
#3684 =( GEOMETRIC_REPRESENTATION_CONTEXT ( 3 ) GLOBAL_UNCERTAINTY_ASSIGNED_CONTEXT ( ( #1049 ) ) GLOBAL_UNIT_ASSIGNED_CONTEXT ( ( #3576, #1753, #1776 ) ) REPRESENTATION_CONTEXT ( 'NONE', 'WORKASPACE' ) );
#3685 = EDGE_CURVE ( 'NONE', #582, #3545, #695, .T. ) ;
#3686 = ADVANCED_FACE ( 'NONE', ( #1465 ), #2111, .T. ) ;
#3687 = ORIENTED_EDGE ( 'NONE', *, *, #1134, .F. ) ;
#3688 = EDGE_CURVE ( 'NONE', #3833, #1094, #1207, .T. ) ;
#3689 = AXIS2_PLACEMENT_3D ( 'NONE', #757, #1079, #2336 ) ;
#3690 = AXIS2_PLACEMENT_3D ( 'NONE', #3864, #492, #1069 ) ;
#3691 = CARTESIAN_POINT ( 'NONE',  ( 11.14004334816453401, 1.154342185340587523, -45.00000000000000000 ) ) ;
#3692 = CIRCLE ( 'NONE', #676, 7.200000000000000178 ) ;
#3693 = PLANE ( 'NONE',  #146 ) ;
#3694 = VERTEX_POINT ( 'NONE', #2411 ) ;
#3695 = AXIS2_PLACEMENT_3D ( 'NONE', #3658, #13, #2061 ) ;
#3696 = CARTESIAN_POINT ( 'NONE',  ( -1.749999999999999778, 3.886873642484539371, 38.60000000000000142 ) ) ;
#3697 = ADVANCED_FACE ( 'NONE', ( #885, #1829 ), #2754, .T. ) ;
#3698 = VECTOR ( 'NONE', #857, 1000.000000000000000 ) ;
#3699 = ORIENTED_EDGE ( 'NONE', *, *, #2984, .F. ) ;
#3700 = VERTEX_POINT ( 'NONE', #1223 ) ;
#3701 = FACE_OUTER_BOUND ( 'NONE', #3206, .T. ) ;
#3702 = CARTESIAN_POINT ( 'NONE',  ( -10.00000000000000000, 2.500000000000000888, -37.00000000000000000 ) ) ;
#3703 = DIRECTION ( 'NONE',  ( 1.000000000000000000, 0.000000000000000000, 0.000000000000000000 ) ) ;
#3704 = DIRECTION ( 'NONE',  ( 1.000000000000000000, 0.000000000000000000, 0.000000000000000000 ) ) ;
#3705 = DIRECTION ( 'NONE',  ( -1.000000000000000000, 0.000000000000000000, 0.000000000000000000 ) ) ;
#3706 = CARTESIAN_POINT ( 'NONE',  ( 3.000000000000000444, 3.673940397442060361E-16, 54.60000000000000142 ) ) ;
#3707 = LINE ( 'NONE', #3124, #2083 ) ;
#3708 = ORIENTED_EDGE ( 'NONE', *, *, #2308, .F. ) ;
#3709 = DIRECTION ( 'NONE',  ( 0.000000000000000000, 0.000000000000000000, -1.000000000000000000 ) ) ;
#3710 = ORIENTED_EDGE ( 'NONE', *, *, #3308, .F. ) ;
#3711 = VERTEX_POINT ( 'NONE', #2449 ) ;
#3712 = DIRECTION ( 'NONE',  ( -1.000000000000000000, 0.000000000000000000, -0.000000000000000000 ) ) ;
#3713 = ORIENTED_EDGE ( 'NONE', *, *, #2684, .F. ) ;
#3714 = ORIENTED_EDGE ( 'NONE', *, *, #3471, .F. ) ;
#3715 = CARTESIAN_POINT ( 'NONE',  ( 0.000000000000000000, 0.000000000000000000, 38.60000000000000142 ) ) ;
#3716 = CARTESIAN_POINT ( 'NONE',  ( 0.000000000000000000, 0.000000000000000000, 36.60000000000000142 ) ) ;
#3717 = CYLINDRICAL_SURFACE ( 'NONE', #2424, 0.6500000000000007994 ) ;
#3718 = LINE ( 'NONE', #2853, #2367 ) ;
#3719 = CARTESIAN_POINT ( 'NONE',  ( -11.00000000000000000, 0.000000000000000000, 24.60000000000000142 ) ) ;
#3720 = DIRECTION ( 'NONE',  ( -0.000000000000000000, -0.000000000000000000, -1.000000000000000000 ) ) ;
#3721 = CONICAL_SURFACE ( 'NONE', #899, 14.00000000000000000, 0.7853981633974526089 ) ;
#3722 = DIRECTION ( 'NONE',  ( 0.000000000000000000, 0.000000000000000000, -1.000000000000000000 ) ) ;
#3723 = ORIENTED_EDGE ( 'NONE', *, *, #2557, .F. ) ;
#3724 = LINE ( 'NONE', #2194, #3001 ) ;
#3725 = CYLINDRICAL_SURFACE ( 'NONE', #2955, 5.599999999999999645 ) ;
#3726 = ORIENTED_EDGE ( 'NONE', *, *, #1382, .F. ) ;
#3727 = DIRECTION ( 'NONE',  ( 1.000000000000000000, 0.000000000000000000, 0.000000000000000000 ) ) ;
#3728 = ORIENTED_EDGE ( 'NONE', *, *, #2728, .T. ) ;
#3729 = ORIENTED_EDGE ( 'NONE', *, *, #1492, .F. ) ;
#3730 = VECTOR ( 'NONE', #16, 1000.000000000000000 ) ;
#3731 = CARTESIAN_POINT ( 'NONE',  ( 0.000000000000000000, 0.000000000000000000, -40.99999999999999289 ) ) ;
#3732 = EDGE_CURVE ( 'NONE', #659, #836, #1080, .T. ) ;
#3733 = CARTESIAN_POINT ( 'NONE',  ( -0.6999999999999992895, 3.207190429162964040, 39.60000000000000142 ) ) ;
#3734 = ADVANCED_FACE ( 'NONE', ( #1851 ), #3080, .T. ) ;
#3735 = PLANE ( 'NONE',  #3134 ) ;
#3736 = AXIS2_PLACEMENT_3D ( 'NONE', #3485, #2818, #1323 ) ;
#3737 = DIRECTION ( 'NONE',  ( -1.000000000000000000, 0.000000000000000000, 0.000000000000000000 ) ) ;
#3738 = ORIENTED_EDGE ( 'NONE', *, *, #3868, .T. ) ;
#3739 = FACE_BOUND ( 'NONE', #2418, .T. ) ;
#3740 = DIRECTION ( 'NONE',  ( -1.000000000000000000, 0.000000000000000000, 0.000000000000000000 ) ) ;
#3741 = CARTESIAN_POINT ( 'NONE',  ( -4.000000000000000000, 3.290000000000001368, 39.60000000000000142 ) ) ;
#3742 = EDGE_CURVE ( 'NONE', #3938, #2587, #2225, .T. ) ;
#3743 = CARTESIAN_POINT ( 'NONE',  ( -9.499999999999998224, 0.000000000000000000, 24.60000000000000142 ) ) ;
#3744 = ORIENTED_EDGE ( 'NONE', *, *, #3685, .F. ) ;
#3745 = CARTESIAN_POINT ( 'NONE',  ( 1.749999999999999778, 3.886873642484539371, 38.60000000000000142 ) ) ;
#3746 = ORIENTED_EDGE ( 'NONE', *, *, #3863, .T. ) ;
#3747 = AXIS2_PLACEMENT_3D ( 'NONE', #3696, #1878, #936 ) ;
#3748 = DIRECTION ( 'NONE',  ( 1.000000000000000000, 0.000000000000000000, 0.000000000000000000 ) ) ;
#3749 = ORIENTED_EDGE ( 'NONE', *, *, #2368, .F. ) ;
#3750 = EDGE_CURVE ( 'NONE', #15, #1823, #3781, .T. ) ;
#3751 = VECTOR ( 'NONE', #2002, 1000.000000000000000 ) ;
#3752 = ORIENTED_EDGE ( 'NONE', *, *, #1059, .T. ) ;
#3753 = TOROIDAL_SURFACE ( 'NONE', #2020, 0.6200000000000001066, 0.5000000000000000000 ) ;
#3754 = VECTOR ( 'NONE', #1030, 1000.000000000000000 ) ;
#3755 = DIRECTION ( 'NONE',  ( -1.000000000000000000, 0.000000000000000000, 0.000000000000000000 ) ) ;
#3756 = CARTESIAN_POINT ( 'NONE',  ( -1.500000000000000000, -11.00000000000000000, 24.60000000000000142 ) ) ;
#3757 = ORIENTED_EDGE ( 'NONE', *, *, #721, .T. ) ;
#3758 = CONICAL_SURFACE ( 'NONE', #424, 13.50000000000001954, 0.7853981633974430610 ) ;
#3759 = DIRECTION ( 'NONE',  ( 0.000000000000000000, 0.000000000000000000, 1.000000000000000000 ) ) ;
#3760 = EDGE_CURVE ( 'NONE', #3459, #120, #1602, .T. ) ;
#3761 = CIRCLE ( 'NONE', #3633, 2.999999999999999556 ) ;
#3762 = EDGE_CURVE ( 'NONE', #3874, #49, #257, .T. ) ;
#3763 = VERTEX_POINT ( 'NONE', #2184 ) ;
#3764 = VERTEX_POINT ( 'NONE', #3463 ) ;
#3765 = CARTESIAN_POINT ( 'NONE',  ( 0.000000000000000000, 0.000000000000000000, 36.60000000000000142 ) ) ;
#3766 = CYLINDRICAL_SURFACE ( 'NONE', #3736, 4.700000000000000178 ) ;
#3767 = DIRECTION ( 'NONE',  ( -0.000000000000000000, -0.000000000000000000, -1.000000000000000000 ) ) ;
#3768 = CARTESIAN_POINT ( 'NONE',  ( -10.85995665183546421, 1.154342185340587523, -45.00000000000000000 ) ) ;
#3769 = ORIENTED_EDGE ( 'NONE', *, *, #496, .F. ) ;
#3770 = EDGE_CURVE ( 'NONE', #2989, #3277, #2487, .T. ) ;
#3771 = DIRECTION ( 'NONE',  ( 1.000000000000000000, 0.000000000000000000, 0.000000000000000000 ) ) ;
#3772 = CIRCLE ( 'NONE', #1518, 0.5035647862710255218 ) ;
#3773 = ORIENTED_EDGE ( 'NONE', *, *, #326, .T. ) ;
#3774 = CARTESIAN_POINT ( 'NONE',  ( 0.000000000000000000, 0.2900000000000003131, 39.60000000000000142 ) ) ;
#3775 = VECTOR ( 'NONE', #1086, 1000.000000000000000 ) ;
#3776 = CIRCLE ( 'NONE', #2420, 3.700000000000000178 ) ;
#3777 = ORIENTED_EDGE ( 'NONE', *, *, #2448, .T. ) ;
#3778 = EDGE_CURVE ( 'NONE', #395, #443, #3528, .T. ) ;
#3779 = CARTESIAN_POINT ( 'NONE',  ( 12.00000000000000000, 2.500000000000000444, -39.00000000000000000 ) ) ;
#3780 = ORIENTED_EDGE ( 'NONE', *, *, #3027, .T. ) ;
#3781 = LINE ( 'NONE', #92, #3457 ) ;
#3782 = ORIENTED_EDGE ( 'NONE', *, *, #731, .T. ) ;
#3783 = VERTEX_POINT ( 'NONE', #409 ) ;
#3784 = DIRECTION ( 'NONE',  ( 0.000000000000000000, 0.000000000000000000, 1.000000000000000000 ) ) ;
#3785 = FACE_OUTER_BOUND ( 'NONE', #3142, .T. ) ;
#3786 = CARTESIAN_POINT ( 'NONE',  ( 0.000000000000000000, 0.000000000000000000, 0.9999999999999940048 ) ) ;
#3787 = ORIENTED_EDGE ( 'NONE', *, *, #2181, .T. ) ;
#3788 = AXIS2_PLACEMENT_3D ( 'NONE', #1771, #258, #3041 ) ;
#3789 = EDGE_CURVE ( 'NONE', #1901, #2313, #1848, .T. ) ;
#3790 = DIRECTION ( 'NONE',  ( 0.000000000000000000, 0.000000000000000000, 1.000000000000000000 ) ) ;
#3791 = ORIENTED_EDGE ( 'NONE', *, *, #3616, .F. ) ;
#3792 = VECTOR ( 'NONE', #1800, 1000.000000000000000 ) ;
#3793 = CYLINDRICAL_SURFACE ( 'NONE', #296, 3.999999999999999112 ) ;
#3794 = ORIENTED_EDGE ( 'NONE', *, *, #1894, .F. ) ;
#3795 = CARTESIAN_POINT ( 'NONE',  ( 0.000000000000000000, 0.000000000000000000, 38.60000000000000142 ) ) ;
#3796 = CARTESIAN_POINT ( 'NONE',  ( 2.777777777777777235, 4.447397096415489415, 39.60000000000000142 ) ) ;
#3797 = DIRECTION ( 'NONE',  ( 0.000000000000000000, 0.000000000000000000, 1.000000000000000000 ) ) ;
#3798 = ORIENTED_EDGE ( 'NONE', *, *, #1352, .T. ) ;
#3799 = ADVANCED_FACE ( 'NONE', ( #130 ), #2815, .F. ) ;
#3800 = ORIENTED_EDGE ( 'NONE', *, *, #2345, .F. ) ;
#3801 = DIRECTION ( 'NONE',  ( -0.000000000000000000, -0.000000000000000000, 1.000000000000000000 ) ) ;
#3802 = CIRCLE ( 'NONE', #909, 1.120000000000000107 ) ;
#3803 = PLANE ( 'NONE',  #3628 ) ;
#3804 = DIRECTION ( 'NONE',  ( 1.000000000000000000, 0.000000000000000000, 0.000000000000000000 ) ) ;
#3805 = CARTESIAN_POINT ( 'NONE',  ( 0.000000000000000000, 0.000000000000000000, 36.60000000000000142 ) ) ;
#3806 = VERTEX_POINT ( 'NONE', #645 ) ;
#3807 = EDGE_CURVE ( 'NONE', #2459, #1901, #3418, .T. ) ;
#3808 = CARTESIAN_POINT ( 'NONE',  ( 13.84999999999999964, 0.000000000000000000, -38.00000000000000000 ) ) ;
#3809 = EDGE_CURVE ( 'NONE', #953, #639, #946, .T. ) ;
#3810 = ADVANCED_FACE ( 'NONE', ( #686 ), #704, .F. ) ;
#3811 = ORIENTED_EDGE ( 'NONE', *, *, #2921, .T. ) ;
#3812 = EDGE_CURVE ( 'NONE', #2537, #395, #2813, .T. ) ;
#3813 = CARTESIAN_POINT ( 'NONE',  ( -10.00000000000000000, -2.499999999999999112, -39.00000000000000000 ) ) ;
#3814 = DIRECTION ( 'NONE',  ( 0.000000000000000000, 0.000000000000000000, 1.000000000000000000 ) ) ;
#3815 = ORIENTED_EDGE ( 'NONE', *, *, #71, .F. ) ;
#3816 = LINE ( 'NONE', #1083, #1612 ) ;
#3817 = DIRECTION ( 'NONE',  ( 1.000000000000000000, -0.000000000000000000, -0.000000000000000000 ) ) ;
#3818 = EDGE_CURVE ( 'NONE', #917, #987, #1927, .T. ) ;
#3819 = CYLINDRICAL_SURFACE ( 'NONE', #2353, 13.43290166331306601 ) ;
#3820 = AXIS2_PLACEMENT_3D ( 'NONE', #3347, #1814, #1166 ) ;
#3821 = ORIENTED_EDGE ( 'NONE', *, *, #3667, .F. ) ;
#3822 = AXIS2_PLACEMENT_3D ( 'NONE', #1566, #3722, #3159 ) ;
#3823 = ORIENTED_EDGE ( 'NONE', *, *, #3789, .T. ) ;
#3824 = DIRECTION ( 'NONE',  ( 1.000000000000000000, 0.000000000000000000, 0.000000000000000000 ) ) ;
#3825 = AXIS2_PLACEMENT_3D ( 'NONE', #464, #3192, #3560 ) ;
#3826 = DIRECTION ( 'NONE',  ( -0.000000000000000000, -0.000000000000000000, 1.000000000000000000 ) ) ;
#3827 = DIRECTION ( 'NONE',  ( 1.000000000000000000, 0.000000000000000000, 0.000000000000000000 ) ) ;
#3828 = AXIS2_PLACEMENT_3D ( 'NONE', #1147, #3592, #1489 ) ;
#3829 = LINE ( 'NONE', #1407, #362 ) ;
#3830 = VERTEX_POINT ( 'NONE', #2849 ) ;
#3831 = ORIENTED_EDGE ( 'NONE', *, *, #697, .F. ) ;
#3832 = CYLINDRICAL_SURFACE ( 'NONE', #304, 13.84999999999999964 ) ;
#3833 = VERTEX_POINT ( 'NONE', #351 ) ;
#3834 = FACE_OUTER_BOUND ( 'NONE', #1275, .T. ) ;
#3835 = DIRECTION ( 'NONE',  ( -1.224646799147353207E-16, 1.000000000000000000, 0.000000000000000000 ) ) ;
#3836 = VERTEX_POINT ( 'NONE', #1318 ) ;
#3837 = CARTESIAN_POINT ( 'NONE',  ( 0.000000000000000000, 0.000000000000000000, -40.99999999999999289 ) ) ;
#3838 = CARTESIAN_POINT ( 'NONE',  ( -2.494876383510878259, 0.000000000000000000, -40.99999999999999289 ) ) ;
#3839 = VECTOR ( 'NONE', #2051, 1000.000000000000000 ) ;
#3840 = CARTESIAN_POINT ( 'NONE',  ( 3.999999999999999112, 0.2900000000000008127, 39.60000000000000142 ) ) ;
#3841 = VERTEX_POINT ( 'NONE', #1261 ) ;
#3842 = AXIS2_PLACEMENT_3D ( 'NONE', #1542, #2771, #372 ) ;
#3843 = ORIENTED_EDGE ( 'NONE', *, *, #1009, .F. ) ;
#3844 = FACE_OUTER_BOUND ( 'NONE', #1941, .T. ) ;
#3845 = CARTESIAN_POINT ( 'NONE',  ( 0.000000000000000000, 0.000000000000000000, -41.99999999999999289 ) ) ;
#3846 = FACE_OUTER_BOUND ( 'NONE', #1462, .T. ) ;
#3847 = CARTESIAN_POINT ( 'NONE',  ( 0.000000000000000000, 0.2900000000000003131, 39.60000000000000142 ) ) ;
#3848 = ORIENTED_EDGE ( 'NONE', *, *, #209, .F. ) ;
#3849 = ADVANCED_FACE ( 'NONE', ( #3481 ), #3735, .F. ) ;
#3850 = DIRECTION ( 'NONE',  ( 1.000000000000000000, 2.168404344971010594E-16, 0.000000000000000000 ) ) ;
#3851 = EDGE_LOOP ( 'NONE', ( #2611, #1215, #3168, #1731 ) ) ;
#3852 = CARTESIAN_POINT ( 'NONE',  ( -11.14004334816453401, -1.154342185340587523, -45.00000000000000000 ) ) ;
#3853 = CIRCLE ( 'NONE', #333, 0.5035647862710255218 ) ;
#3854 = CARTESIAN_POINT ( 'NONE',  ( 10.00000000000000000, -2.499999999999999112, -39.00000000000000000 ) ) ;
#3855 = ORIENTED_EDGE ( 'NONE', *, *, #2062, .F. ) ;
#3856 = CARTESIAN_POINT ( 'NONE',  ( 9.499999999999998224, 1.836970198721029441E-16, 36.60000000000000142 ) ) ;
#3857 = CYLINDRICAL_SURFACE ( 'NONE', #2469, 1.000000000000000888 ) ;
#3858 = DIRECTION ( 'NONE',  ( 1.000000000000000000, 0.000000000000000000, 0.000000000000000000 ) ) ;
#3859 = ORIENTED_EDGE ( 'NONE', *, *, #715, .T. ) ;
#3860 = EDGE_CURVE ( 'NONE', #358, #1360, #1338, .T. ) ;
#3861 = ADVANCED_FACE ( 'NONE', ( #2490 ), #3717, .F. ) ;
#3862 = DIRECTION ( 'NONE',  ( 1.000000000000000000, 0.000000000000000000, 0.000000000000000000 ) ) ;
#3863 = EDGE_CURVE ( 'NONE', #2825, #1748, #192, .T. ) ;
#3864 = CARTESIAN_POINT ( 'NONE',  ( 0.000000000000000000, 0.000000000000000000, 38.60000000000000142 ) ) ;
#3865 = CARTESIAN_POINT ( 'NONE',  ( -11.14004334816453401, -1.154342185340587523, -45.00000000000000000 ) ) ;
#3866 = DIRECTION ( 'NONE',  ( -0.000000000000000000, -0.000000000000000000, 1.000000000000000000 ) ) ;
#3867 = CIRCLE ( 'NONE', #2128, 5.599999999999999645 ) ;
#3868 = EDGE_CURVE ( 'NONE', #1983, #725, #743, .T. ) ;
#3869 = AXIS2_PLACEMENT_3D ( 'NONE', #2688, #3597, #1154 ) ;
#3870 = CARTESIAN_POINT ( 'NONE',  ( -1.529999999999999805, 11.00000000000000000, 24.60000000000000142 ) ) ;
#3871 = ORIENTED_EDGE ( 'NONE', *, *, #2015, .F. ) ;
#3872 = ADVANCED_FACE ( 'NONE', ( #2047 ), #1690, .F. ) ;
#3873 = CARTESIAN_POINT ( 'NONE',  ( 10.00000000000000000, 2.500000000000000888, -37.00000000000000000 ) ) ;
#3874 = VERTEX_POINT ( 'NONE', #1041 ) ;
#3875 = DIRECTION ( 'NONE',  ( -1.000000000000000000, 0.000000000000000000, 0.000000000000000000 ) ) ;
#3876 = CARTESIAN_POINT ( 'NONE',  ( 0.000000000000000000, 0.000000000000000000, 36.60000000000000142 ) ) ;
#3877 = CARTESIAN_POINT ( 'NONE',  ( 0.000000000000000000, 0.000000000000000000, -37.00000000000000000 ) ) ;
#3878 = ADVANCED_FACE ( 'NONE', ( #3544 ), #1711, .T. ) ;
#3879 = ORIENTED_EDGE ( 'NONE', *, *, #3330, .F. ) ;
#3880 = CARTESIAN_POINT ( 'NONE',  ( 0.000000000000000000, 0.2900000000000003131, 38.60000000000000142 ) ) ;
#3881 = CARTESIAN_POINT ( 'NONE',  ( -7.349999999999999645, 9.001153973733045617E-16, 36.60000000000000142 ) ) ;
#3882 = AXIS2_PLACEMENT_3D ( 'NONE', #2072, #1773, #3627 ) ;
#3883 = AXIS2_PLACEMENT_3D ( 'NONE', #2835, #1869, #3422 ) ;
#3884 = PLANE ( 'NONE',  #3388 ) ;
#3885 = EDGE_CURVE ( 'NONE', #3694, #241, #4, .T. ) ;
#3886 = AXIS2_PLACEMENT_3D ( 'NONE', #513, #3826, #788 ) ;
#3887 = AXIS2_PLACEMENT_3D ( 'NONE', #1988, #1063, #1967 ) ;
#3888 = DIRECTION ( 'NONE',  ( 1.000000000000000000, 0.000000000000000000, 0.000000000000000000 ) ) ;
#3889 = AXIS2_PLACEMENT_3D ( 'NONE', #793, #2037, #182 ) ;
#3890 = ORIENTED_EDGE ( 'NONE', *, *, #663, .T. ) ;
#3891 = PRESENTATION_STYLE_ASSIGNMENT (( #2075 ) ) ;
#3892 = DIRECTION ( 'NONE',  ( 0.000000000000000000, 0.000000000000000000, -1.000000000000000000 ) ) ;
#3893 = ORIENTED_EDGE ( 'NONE', *, *, #2183, .T. ) ;
#3894 = DIRECTION ( 'NONE',  ( 0.000000000000000000, 0.000000000000000000, 1.000000000000000000 ) ) ;
#3895 = LINE ( 'NONE', #3293, #3572 ) ;
#3896 = VERTEX_POINT ( 'NONE', #1969 ) ;
#3897 = ORIENTED_EDGE ( 'NONE', *, *, #2352, .T. ) ;
#3898 = EDGE_CURVE ( 'NONE', #996, #1520, #781, .T. ) ;
#3899 = LINE ( 'NONE', #566, #126 ) ;
#3900 = VECTOR ( 'NONE', #3644, 1000.000000000000000 ) ;
#3901 = CYLINDRICAL_SURFACE ( 'NONE', #612, 7.200000000000000178 ) ;
#3902 = DIRECTION ( 'NONE',  ( 0.000000000000000000, 0.000000000000000000, -1.000000000000000000 ) ) ;
#3903 = VECTOR ( 'NONE', #1000, 1000.000000000000000 ) ;
#3904 = ORIENTED_EDGE ( 'NONE', *, *, #2979, .F. ) ;
#3905 = CARTESIAN_POINT ( 'NONE',  ( -11.14004334816453401, 1.154342185340587523, -45.00000000000000000 ) ) ;
#3906 = ORIENTED_EDGE ( 'NONE', *, *, #2959, .T. ) ;
#3907 = ADVANCED_FACE ( 'NONE', ( #2007 ), #2909, .T. ) ;
#3908 = CARTESIAN_POINT ( 'NONE',  ( 0.000000000000000000, 0.000000000000000000, -44.00000000000000000 ) ) ;
#3909 = PLANE ( 'NONE',  #3286 ) ;
#3910 = ORIENTED_EDGE ( 'NONE', *, *, #1537, .T. ) ;
#3911 = VERTEX_POINT ( 'NONE', #3840 ) ;
#3912 = CYLINDRICAL_SURFACE ( 'NONE', #1812, 0.1999999999999996503 ) ;
#3913 = CARTESIAN_POINT ( 'NONE',  ( 2.494876383510878259, 3.055342377334921616E-16, -40.99999999999999289 ) ) ;
#3914 = EDGE_CURVE ( 'NONE', #2162, #1947, #3258, .T. ) ;
#3915 = EDGE_LOOP ( 'NONE', ( #3601, #3618 ) ) ;
#3916 = ORIENTED_EDGE ( 'NONE', *, *, #3926, .T. ) ;
#3917 = CARTESIAN_POINT ( 'NONE',  ( 12.50000000000000000, 0.000000000000000000, 24.60000000000000142 ) ) ;
#3918 = DIRECTION ( 'NONE',  ( 1.000000000000000000, 0.000000000000000000, 0.000000000000000000 ) ) ;
#3919 = FACE_OUTER_BOUND ( 'NONE', #2659, .T. ) ;
#3920 = EDGE_CURVE ( 'NONE', #391, #2731, #3264, .T. ) ;
#3921 = FACE_BOUND ( 'NONE', #111, .T. ) ;
#3922 = DIRECTION ( 'NONE',  ( 0.000000000000000000, 0.000000000000000000, 1.000000000000000000 ) ) ;
#3923 = EDGE_CURVE ( 'NONE', #68, #2764, #448, .T. ) ;
#3924 = DIRECTION ( 'NONE',  ( 1.000000000000000000, 0.000000000000000000, 0.000000000000000000 ) ) ;
#3925 = VECTOR ( 'NONE', #1117, 1000.000000000000000 ) ;
#3926 = EDGE_CURVE ( 'NONE', #2825, #795, #2284, .T. ) ;
#3927 = ORIENTED_EDGE ( 'NONE', *, *, #713, .T. ) ;
#3928 = CARTESIAN_POINT ( 'NONE',  ( 1.529999999999999805, 11.00000000000000000, 24.60000000000000142 ) ) ;
#3929 = AXIS2_PLACEMENT_3D ( 'NONE', #915, #1743, #2967 ) ;
#3930 = EDGE_CURVE ( 'NONE', #1805, #323, #1329, .T. ) ;
#3931 = PLANE ( 'NONE',  #2054 ) ;
#3932 = ORIENTED_EDGE ( 'NONE', *, *, #3885, .T. ) ;
#3933 = ORIENTED_EDGE ( 'NONE', *, *, #1440, .F. ) ;
#3934 = CARTESIAN_POINT ( 'NONE',  ( 0.000000000000000000, 0.000000000000000000, 36.60000000000000142 ) ) ;
#3935 = DIRECTION ( 'NONE',  ( -1.000000000000000000, 0.000000000000000000, 0.000000000000000000 ) ) ;
#3936 = CARTESIAN_POINT ( 'NONE',  ( 13.50000000000001954, 1.653273178848929233E-15, 36.60000000000000142 ) ) ;
#3937 = VERTEX_POINT ( 'NONE', #1119 ) ;
#3938 = VERTEX_POINT ( 'NONE', #509 ) ;
#3939 = DIRECTION ( 'NONE',  ( 1.000000000000000000, -0.000000000000000000, -0.000000000000000000 ) ) ;
#3940 = EDGE_CURVE ( 'NONE', #49, #3874, #319, .T. ) ;
#3941 = LINE ( 'NONE', #2753, #1185 ) ;
#3942 = CARTESIAN_POINT ( 'NONE',  ( 0.000000000000000000, 0.000000000000000000, 38.60000000000000142 ) ) ;
#3943 = CARTESIAN_POINT ( 'NONE',  ( 11.00000000000000000, 0.000000000000000000, 24.60000000000000142 ) ) ;
#3944 = AXIS2_PLACEMENT_3D ( 'NONE', #1168, #3632, #1430 ) ;
#3945 = DIRECTION ( 'NONE',  ( -0.000000000000000000, 0.000000000000000000, -1.000000000000000000 ) ) ;
#3946 = FACE_OUTER_BOUND ( 'NONE', #1980, .T. ) ;
#3947 = AXIS2_PLACEMENT_3D ( 'NONE', #1343, #1107, #2033 ) ;
#3948 = AXIS2_PLACEMENT_3D ( 'NONE', #1325, #2013, #1976 ) ;
#3949 = ORIENTED_EDGE ( 'NONE', *, *, #2728, .F. ) ;
#3950 = CIRCLE ( 'NONE', #1123, 4.299999999999999822 ) ;
#3951 = AXIS2_PLACEMENT_3D ( 'NONE', #441, #3186, #1073 ) ;
#3952 = LINE ( 'NONE', #2986, #3408 ) ;
#3953 = DIRECTION ( 'NONE',  ( -0.000000000000000000, -0.000000000000000000, 1.000000000000000000 ) ) ;
#3954 = EDGE_LOOP ( 'NONE', ( #100, #527, #2746, #2079 ) ) ;
#3955 = CARTESIAN_POINT ( 'NONE',  ( 0.6999999999999992895, 4.039801975344831320, 38.60000000000000142 ) ) ;
#3956 = CARTESIAN_POINT ( 'NONE',  ( -11.14004334816453401, -0.4406105763984632384, -44.13978446967280433 ) ) ;
#3957 = ORIENTED_EDGE ( 'NONE', *, *, #543, .T. ) ;
#3958 = VERTEX_POINT ( 'NONE', #1415 ) ;
#3959 = CARTESIAN_POINT ( 'NONE',  ( 0.000000000000000000, 0.000000000000000000, -40.99999999999999289 ) ) ;
#3960 = CARTESIAN_POINT ( 'NONE',  ( -5.599999999999999645, 6.858022075225177566E-16, 36.60000000000000142 ) ) ;
#3961 = ADVANCED_FACE ( 'NONE', ( #2649 ), #3819, .F. ) ;
#3962 = PLANE ( 'NONE',  #2740 ) ;
ENDSEC;
END-ISO-10303-21;
